ine_code,name,province_name,community_ine_code,community_name
01001,Alegría-Dulantzi,Araba/Álava,16,País Vasco
01002,Amurrio,Araba/Álava,16,País Vasco
01003,Aramaio,Araba/Álava,16,País Vasco
01004,Artziniega,Araba/Álava,16,País Vasco
01006,Armiñón,Araba/Álava,16,País Vasco
01008,Arratzua-Ubarrundia,Araba/Álava,16,País Vasco
01009,Asparrena,Araba/Álava,16,País Vasco
01010,Ayala/Aiara,Araba/Álava,16,País Vasco
01011,Baños de Ebro/Mañueta,Araba/Álava,16,País Vasco
01013,Barrundia,Araba/Álava,16,País Vasco
01014,Berantevilla,Araba/Álava,16,País Vasco
01016,Bernedo,Araba/Álava,16,País Vasco
01017,Campezo/Kanpezu,Araba/Álava,16,País Vasco
01018,Zigoitia,Araba/Álava,16,País Vasco
01019,Kripan,Araba/Álava,16,País Vasco
01020,Kuartango,Araba/Álava,16,País Vasco
01021,Elburgo/Burgelu,Araba/Álava,16,País Vasco
01022,Elciego,Araba/Álava,16,País Vasco
01023,Elvillar/Bilar,Araba/Álava,16,País Vasco
01027,Iruraiz-Gauna,Araba/Álava,16,País Vasco
01028,Labastida/Bastida,Araba/Álava,16,País Vasco
01030,Lagrán,Araba/Álava,16,País Vasco
01031,Laguardia,Araba/Álava,16,País Vasco
01032,Lanciego/Lantziego,Araba/Álava,16,País Vasco
01033,Lapuebla de Labarca,Araba/Álava,16,País Vasco
01034,Leza,Araba/Álava,16,País Vasco
01036,Laudio/Llodio,Araba/Álava,16,País Vasco
01037,Arraia-Maeztu,Araba/Álava,16,País Vasco
01039,Moreda de Álava/Moreda Araba,Araba/Álava,16,País Vasco
01041,Navaridas,Araba/Álava,16,País Vasco
01042,Okondo,Araba/Álava,16,País Vasco
01043,Oyón-Oion,Araba/Álava,16,País Vasco
01044,Peñacerrada-Urizaharra,Araba/Álava,16,País Vasco
01046,Erriberagoitia/Ribera Alta,Araba/Álava,16,País Vasco
01047,Ribera Baja/Erriberabeitia,Araba/Álava,16,País Vasco
01049,Añana,Araba/Álava,16,País Vasco
01051,Agurain/Salvatierra,Araba/Álava,16,País Vasco
01052,Samaniego,Araba/Álava,16,País Vasco
01053,San Millán/Donemiliaga,Araba/Álava,16,País Vasco
01054,Urkabustaiz,Araba/Álava,16,País Vasco
01055,Valdegovía/Gaubea,Araba/Álava,16,País Vasco
01056,Harana/Valle de Arana,Araba/Álava,16,País Vasco
01057,Villabuena de Álava/Eskuernaga,Araba/Álava,16,País Vasco
01058,Legutio,Araba/Álava,16,País Vasco
01059,Vitoria-Gasteiz,Araba/Álava,16,País Vasco
01060,Yécora/Iekora,Araba/Álava,16,País Vasco
01061,Zalduondo,Araba/Álava,16,País Vasco
01062,Zambrana,Araba/Álava,16,País Vasco
01063,Zuia,Araba/Álava,16,País Vasco
01901,Iruña Oka/Iruña de Oca,Araba/Álava,16,País Vasco
01902,Lantarón,Araba/Álava,16,País Vasco
02001,Abengibre,Albacete,08,Castilla-La Mancha
02002,Alatoz,Albacete,08,Castilla-La Mancha
02003,Albacete,Albacete,08,Castilla-La Mancha
02004,Albatana,Albacete,08,Castilla-La Mancha
02005,Alborea,Albacete,08,Castilla-La Mancha
02006,Alcadozo,Albacete,08,Castilla-La Mancha
02007,Alcalá del Júcar,Albacete,08,Castilla-La Mancha
02008,Alcaraz,Albacete,08,Castilla-La Mancha
02009,Almansa,Albacete,08,Castilla-La Mancha
02010,Alpera,Albacete,08,Castilla-La Mancha
02011,Ayna,Albacete,08,Castilla-La Mancha
02012,Balazote,Albacete,08,Castilla-La Mancha
02013,Balsa de Ves,Albacete,08,Castilla-La Mancha
02014,El Ballestero,Albacete,08,Castilla-La Mancha
02015,Barrax,Albacete,08,Castilla-La Mancha
02016,Bienservida,Albacete,08,Castilla-La Mancha
02017,Bogarra,Albacete,08,Castilla-La Mancha
02018,Bonete,Albacete,08,Castilla-La Mancha
02019,El Bonillo,Albacete,08,Castilla-La Mancha
02020,Carcelén,Albacete,08,Castilla-La Mancha
02021,Casas de Juan Núñez,Albacete,08,Castilla-La Mancha
02022,Casas de Lázaro,Albacete,08,Castilla-La Mancha
02023,Casas de Ves,Albacete,08,Castilla-La Mancha
02024,Casas-Ibáñez,Albacete,08,Castilla-La Mancha
02025,Caudete,Albacete,08,Castilla-La Mancha
02026,Cenizate,Albacete,08,Castilla-La Mancha
02027,Corral-Rubio,Albacete,08,Castilla-La Mancha
02028,Cotillas,Albacete,08,Castilla-La Mancha
02029,Chinchilla de Monte-Aragón,Albacete,08,Castilla-La Mancha
02030,Elche de la Sierra,Albacete,08,Castilla-La Mancha
02031,Férez,Albacete,08,Castilla-La Mancha
02032,Fuensanta,Albacete,08,Castilla-La Mancha
02033,Fuente-Álamo,Albacete,08,Castilla-La Mancha
02034,Fuentealbilla,Albacete,08,Castilla-La Mancha
02035,La Gineta,Albacete,08,Castilla-La Mancha
02036,Golosalvo,Albacete,08,Castilla-La Mancha
02037,Hellín,Albacete,08,Castilla-La Mancha
02038,La Herrera,Albacete,08,Castilla-La Mancha
02039,Higueruela,Albacete,08,Castilla-La Mancha
02040,Hoya-Gonzalo,Albacete,08,Castilla-La Mancha
02041,Jorquera,Albacete,08,Castilla-La Mancha
02042,Letur,Albacete,08,Castilla-La Mancha
02043,Lezuza,Albacete,08,Castilla-La Mancha
02044,Liétor,Albacete,08,Castilla-La Mancha
02045,Madrigueras,Albacete,08,Castilla-La Mancha
02046,Mahora,Albacete,08,Castilla-La Mancha
02047,Masegoso,Albacete,08,Castilla-La Mancha
02048,Minaya,Albacete,08,Castilla-La Mancha
02049,Molinicos,Albacete,08,Castilla-La Mancha
02050,Montalvos,Albacete,08,Castilla-La Mancha
02051,Montealegre del Castillo,Albacete,08,Castilla-La Mancha
02052,Motilleja,Albacete,08,Castilla-La Mancha
02053,Munera,Albacete,08,Castilla-La Mancha
02054,Navas de Jorquera,Albacete,08,Castilla-La Mancha
02055,Nerpio,Albacete,08,Castilla-La Mancha
02056,Ontur,Albacete,08,Castilla-La Mancha
02057,Ossa de Montiel,Albacete,08,Castilla-La Mancha
02058,Paterna del Madera,Albacete,08,Castilla-La Mancha
02059,Peñascosa,Albacete,08,Castilla-La Mancha
02060,Peñas de San Pedro,Albacete,08,Castilla-La Mancha
02061,Pétrola,Albacete,08,Castilla-La Mancha
02062,Povedilla,Albacete,08,Castilla-La Mancha
02063,Pozohondo,Albacete,08,Castilla-La Mancha
02064,Pozo-Lorente,Albacete,08,Castilla-La Mancha
02065,Pozuelo,Albacete,08,Castilla-La Mancha
02066,La Recueja,Albacete,08,Castilla-La Mancha
02067,Riópar,Albacete,08,Castilla-La Mancha
02068,Robledo,Albacete,08,Castilla-La Mancha
02069,La Roda,Albacete,08,Castilla-La Mancha
02070,Salobre,Albacete,08,Castilla-La Mancha
02071,San Pedro,Albacete,08,Castilla-La Mancha
02072,Socovos,Albacete,08,Castilla-La Mancha
02073,Tarazona de la Mancha,Albacete,08,Castilla-La Mancha
02074,Tobarra,Albacete,08,Castilla-La Mancha
02075,Valdeganga,Albacete,08,Castilla-La Mancha
02076,Vianos,Albacete,08,Castilla-La Mancha
02077,Villa de Ves,Albacete,08,Castilla-La Mancha
02078,Villalgordo del Júcar,Albacete,08,Castilla-La Mancha
02079,Villamalea,Albacete,08,Castilla-La Mancha
02080,Villapalacios,Albacete,08,Castilla-La Mancha
02081,Villarrobledo,Albacete,08,Castilla-La Mancha
02082,Villatoya,Albacete,08,Castilla-La Mancha
02083,Villavaliente,Albacete,08,Castilla-La Mancha
02084,Villaverde de Guadalimar,Albacete,08,Castilla-La Mancha
02085,Viveros,Albacete,08,Castilla-La Mancha
02086,Yeste,Albacete,08,Castilla-La Mancha
02901,Pozo Cañada,Albacete,08,Castilla-La Mancha
03001,"Atzúbia, l'",Alicante/Alacant,10,Comunitat Valenciana
03002,Agost,Alicante/Alacant,10,Comunitat Valenciana
03003,Agres,Alicante/Alacant,10,Comunitat Valenciana
03004,Aigües,Alicante/Alacant,10,Comunitat Valenciana
03005,Albatera,Alicante/Alacant,10,Comunitat Valenciana
03006,Alcalalí,Alicante/Alacant,10,Comunitat Valenciana
03007,Alcosser,Alicante/Alacant,10,Comunitat Valenciana
03008,Alcoleja,Alicante/Alacant,10,Comunitat Valenciana
03009,Alcoi/Alcoy,Alicante/Alacant,10,Comunitat Valenciana
03010,Alfafara,Alicante/Alacant,10,Comunitat Valenciana
03011,"Alfàs del Pi, l'",Alicante/Alacant,10,Comunitat Valenciana
03012,Algorfa,Alicante/Alacant,10,Comunitat Valenciana
03013,Algueña,Alicante/Alacant,10,Comunitat Valenciana
03014,Alacant/Alicante,Alicante/Alacant,10,Comunitat Valenciana
03015,Almoradí,Alicante/Alacant,10,Comunitat Valenciana
03016,Almudaina,Alicante/Alacant,10,Comunitat Valenciana
03017,"Alqueria d'Asnar, l'",Alicante/Alacant,10,Comunitat Valenciana
03018,Altea,Alicante/Alacant,10,Comunitat Valenciana
03019,Aspe,Alicante/Alacant,10,Comunitat Valenciana
03020,Balones,Alicante/Alacant,10,Comunitat Valenciana
03021,Banyeres de Mariola,Alicante/Alacant,10,Comunitat Valenciana
03022,Benasau,Alicante/Alacant,10,Comunitat Valenciana
03023,Beneixama,Alicante/Alacant,10,Comunitat Valenciana
03024,Benejúzar,Alicante/Alacant,10,Comunitat Valenciana
03025,Benferri,Alicante/Alacant,10,Comunitat Valenciana
03026,Beniarbeig,Alicante/Alacant,10,Comunitat Valenciana
03027,Beniardà,Alicante/Alacant,10,Comunitat Valenciana
03028,Beniarrés,Alicante/Alacant,10,Comunitat Valenciana
03029,Benigembla,Alicante/Alacant,10,Comunitat Valenciana
03030,Benidoleig,Alicante/Alacant,10,Comunitat Valenciana
03031,Benidorm,Alicante/Alacant,10,Comunitat Valenciana
03032,Benifallim,Alicante/Alacant,10,Comunitat Valenciana
03033,Benifato,Alicante/Alacant,10,Comunitat Valenciana
03034,Benijófar,Alicante/Alacant,10,Comunitat Valenciana
03035,Benilloba,Alicante/Alacant,10,Comunitat Valenciana
03036,Benillup,Alicante/Alacant,10,Comunitat Valenciana
03037,Benimantell,Alicante/Alacant,10,Comunitat Valenciana
03038,Benimarfull,Alicante/Alacant,10,Comunitat Valenciana
03039,Benimassot,Alicante/Alacant,10,Comunitat Valenciana
03040,Benimeli,Alicante/Alacant,10,Comunitat Valenciana
03041,Benissa,Alicante/Alacant,10,Comunitat Valenciana
03042,"Poble Nou de Benitatxell, el/Benitachell",Alicante/Alacant,10,Comunitat Valenciana
03043,Biar,Alicante/Alacant,10,Comunitat Valenciana
03044,Bigastro,Alicante/Alacant,10,Comunitat Valenciana
03045,Bolulla,Alicante/Alacant,10,Comunitat Valenciana
03046,Busot,Alicante/Alacant,10,Comunitat Valenciana
03047,Calp,Alicante/Alacant,10,Comunitat Valenciana
03048,Callosa d'en Sarrià,Alicante/Alacant,10,Comunitat Valenciana
03049,Callosa de Segura,Alicante/Alacant,10,Comunitat Valenciana
03050,"Campello, el",Alicante/Alacant,10,Comunitat Valenciana
03051,"Camp de Mirra, el/Campo de Mirra",Alicante/Alacant,10,Comunitat Valenciana
03052,Cañada,Alicante/Alacant,10,Comunitat Valenciana
03053,Castalla,Alicante/Alacant,10,Comunitat Valenciana
03054,Castell de Castells,Alicante/Alacant,10,Comunitat Valenciana
03055,Catral,Alicante/Alacant,10,Comunitat Valenciana
03056,Cocentaina,Alicante/Alacant,10,Comunitat Valenciana
03057,Confrides,Alicante/Alacant,10,Comunitat Valenciana
03058,Cox,Alicante/Alacant,10,Comunitat Valenciana
03059,Crevillent,Alicante/Alacant,10,Comunitat Valenciana
03060,Quatretondeta,Alicante/Alacant,10,Comunitat Valenciana
03061,Daya Nueva,Alicante/Alacant,10,Comunitat Valenciana
03062,Daya Vieja,Alicante/Alacant,10,Comunitat Valenciana
03063,Dénia,Alicante/Alacant,10,Comunitat Valenciana
03064,Dolores,Alicante/Alacant,10,Comunitat Valenciana
03065,Elx/Elche,Alicante/Alacant,10,Comunitat Valenciana
03066,Elda,Alicante/Alacant,10,Comunitat Valenciana
03067,Fageca,Alicante/Alacant,10,Comunitat Valenciana
03068,Famorca,Alicante/Alacant,10,Comunitat Valenciana
03069,Finestrat,Alicante/Alacant,10,Comunitat Valenciana
03070,Formentera del Segura,Alicante/Alacant,10,Comunitat Valenciana
03071,Gata de Gorgos,Alicante/Alacant,10,Comunitat Valenciana
03072,Gaianes,Alicante/Alacant,10,Comunitat Valenciana
03073,Gorga,Alicante/Alacant,10,Comunitat Valenciana
03074,Granja de Rocamora,Alicante/Alacant,10,Comunitat Valenciana
03075,"Castell de Guadalest, el",Alicante/Alacant,10,Comunitat Valenciana
03076,Guardamar del Segura,Alicante/Alacant,10,Comunitat Valenciana
03077,"Fondó de les Neus, el/Hondón de las Nieves",Alicante/Alacant,10,Comunitat Valenciana
03078,Hondón de los Frailes,Alicante/Alacant,10,Comunitat Valenciana
03079,Ibi,Alicante/Alacant,10,Comunitat Valenciana
03080,Jacarilla,Alicante/Alacant,10,Comunitat Valenciana
03081,Xaló,Alicante/Alacant,10,Comunitat Valenciana
03082,Xàbia/Jávea,Alicante/Alacant,10,Comunitat Valenciana
03083,Xixona/Jijona,Alicante/Alacant,10,Comunitat Valenciana
03084,"Orxa, l'/Lorcha",Alicante/Alacant,10,Comunitat Valenciana
03085,Llíber,Alicante/Alacant,10,Comunitat Valenciana
03086,Millena,Alicante/Alacant,10,Comunitat Valenciana
03088,Monforte del Cid,Alicante/Alacant,10,Comunitat Valenciana
03089,Monòver/Monóvar,Alicante/Alacant,10,Comunitat Valenciana
03090,Mutxamel,Alicante/Alacant,10,Comunitat Valenciana
03091,Murla,Alicante/Alacant,10,Comunitat Valenciana
03092,Muro de Alcoy,Alicante/Alacant,10,Comunitat Valenciana
03093,Novelda,Alicante/Alacant,10,Comunitat Valenciana
03094,"Nucia, la",Alicante/Alacant,10,Comunitat Valenciana
03095,Ondara,Alicante/Alacant,10,Comunitat Valenciana
03096,Onil,Alicante/Alacant,10,Comunitat Valenciana
03097,Orba,Alicante/Alacant,10,Comunitat Valenciana
03098,Orxeta,Alicante/Alacant,10,Comunitat Valenciana
03099,Orihuela,Alicante/Alacant,10,Comunitat Valenciana
03100,Parcent,Alicante/Alacant,10,Comunitat Valenciana
03101,Pedreguer,Alicante/Alacant,10,Comunitat Valenciana
03102,Pego,Alicante/Alacant,10,Comunitat Valenciana
03103,Penàguila,Alicante/Alacant,10,Comunitat Valenciana
03104,Petrer,Alicante/Alacant,10,Comunitat Valenciana
03105,"Pinós, el/Pinoso",Alicante/Alacant,10,Comunitat Valenciana
03106,Planes,Alicante/Alacant,10,Comunitat Valenciana
03107,Polop,Alicante/Alacant,10,Comunitat Valenciana
03109,Rafal,Alicante/Alacant,10,Comunitat Valenciana
03110,"Ràfol d'Almúnia, el",Alicante/Alacant,10,Comunitat Valenciana
03111,Redován,Alicante/Alacant,10,Comunitat Valenciana
03112,Relleu,Alicante/Alacant,10,Comunitat Valenciana
03113,Rojales,Alicante/Alacant,10,Comunitat Valenciana
03114,"Romana, la",Alicante/Alacant,10,Comunitat Valenciana
03115,Sagra,Alicante/Alacant,10,Comunitat Valenciana
03116,Salinas,Alicante/Alacant,10,Comunitat Valenciana
03117,Sanet y Negrals,Alicante/Alacant,10,Comunitat Valenciana
03118,San Fulgencio,Alicante/Alacant,10,Comunitat Valenciana
03119,Sant Joan d'Alacant,Alicante/Alacant,10,Comunitat Valenciana
03120,San Miguel de Salinas,Alicante/Alacant,10,Comunitat Valenciana
03121,Santa Pola,Alicante/Alacant,10,Comunitat Valenciana
03122,Sant Vicent del Raspeig/San Vicente del Raspeig,Alicante/Alacant,10,Comunitat Valenciana
03123,Sax,Alicante/Alacant,10,Comunitat Valenciana
03124,Sella,Alicante/Alacant,10,Comunitat Valenciana
03125,Senija,Alicante/Alacant,10,Comunitat Valenciana
03127,Tàrbena,Alicante/Alacant,10,Comunitat Valenciana
03128,Teulada,Alicante/Alacant,10,Comunitat Valenciana
03129,Tibi,Alicante/Alacant,10,Comunitat Valenciana
03130,Tollos,Alicante/Alacant,10,Comunitat Valenciana
03131,Tormos,Alicante/Alacant,10,Comunitat Valenciana
03132,"Torre de les Maçanes, la/Torremanzanas",Alicante/Alacant,10,Comunitat Valenciana
03133,Torrevieja,Alicante/Alacant,10,Comunitat Valenciana
03134,"Vall d'Alcalà, la",Alicante/Alacant,10,Comunitat Valenciana
03135,"Vall d'Ebo, la",Alicante/Alacant,10,Comunitat Valenciana
03136,"Vall de Gallinera, la",Alicante/Alacant,10,Comunitat Valenciana
03137,"Vall de Laguar, la",Alicante/Alacant,10,Comunitat Valenciana
03138,"Verger, el",Alicante/Alacant,10,Comunitat Valenciana
03139,"Vila Joiosa, la/Villajoyosa",Alicante/Alacant,10,Comunitat Valenciana
03140,Villena,Alicante/Alacant,10,Comunitat Valenciana
03901,"Poblets, els",Alicante/Alacant,10,Comunitat Valenciana
03902,Pilar de la Horadada,Alicante/Alacant,10,Comunitat Valenciana
03903,Los Montesinos,Alicante/Alacant,10,Comunitat Valenciana
03904,San Isidro,Alicante/Alacant,10,Comunitat Valenciana
04001,Abla,Almería,01,Andalucía
04002,Abrucena,Almería,01,Andalucía
04003,Adra,Almería,01,Andalucía
04004,Albanchez,Almería,01,Andalucía
04005,Alboloduy,Almería,01,Andalucía
04006,Albox,Almería,01,Andalucía
04007,Alcolea,Almería,01,Andalucía
04008,Alcóntar,Almería,01,Andalucía
04009,Alcudia de Monteagud,Almería,01,Andalucía
04010,Alhabia,Almería,01,Andalucía
04011,Alhama de Almería,Almería,01,Andalucía
04012,Alicún,Almería,01,Andalucía
04013,Almería,Almería,01,Andalucía
04014,Almócita,Almería,01,Andalucía
04015,Alsodux,Almería,01,Andalucía
04016,Antas,Almería,01,Andalucía
04017,Arboleas,Almería,01,Andalucía
04018,Armuña de Almanzora,Almería,01,Andalucía
04019,Bacares,Almería,01,Andalucía
04020,Bayárcal,Almería,01,Andalucía
04021,Bayarque,Almería,01,Andalucía
04022,Bédar,Almería,01,Andalucía
04023,Beires,Almería,01,Andalucía
04024,Benahadux,Almería,01,Andalucía
04026,Benitagla,Almería,01,Andalucía
04027,Benizalón,Almería,01,Andalucía
04028,Bentarique,Almería,01,Andalucía
04029,Berja,Almería,01,Andalucía
04030,Canjáyar,Almería,01,Andalucía
04031,Cantoria,Almería,01,Andalucía
04032,Carboneras,Almería,01,Andalucía
04033,Castro de Filabres,Almería,01,Andalucía
04034,Cóbdar,Almería,01,Andalucía
04035,Cuevas del Almanzora,Almería,01,Andalucía
04036,Chercos,Almería,01,Andalucía
04037,Chirivel,Almería,01,Andalucía
04038,Dalías,Almería,01,Andalucía
04041,Enix,Almería,01,Andalucía
04043,Felix,Almería,01,Andalucía
04044,Fines,Almería,01,Andalucía
04045,Fiñana,Almería,01,Andalucía
04046,Fondón,Almería,01,Andalucía
04047,Gádor,Almería,01,Andalucía
04048,Los Gallardos,Almería,01,Andalucía
04049,Garrucha,Almería,01,Andalucía
04050,Gérgal,Almería,01,Andalucía
04051,Huécija,Almería,01,Andalucía
04052,Huércal de Almería,Almería,01,Andalucía
04053,Huércal-Overa,Almería,01,Andalucía
04054,Íllar,Almería,01,Andalucía
04055,Instinción,Almería,01,Andalucía
04056,Laroya,Almería,01,Andalucía
04057,Laujar de Andarax,Almería,01,Andalucía
04058,Líjar,Almería,01,Andalucía
04059,Lubrín,Almería,01,Andalucía
04060,Lucainena de las Torres,Almería,01,Andalucía
04061,Lúcar,Almería,01,Andalucía
04062,Macael,Almería,01,Andalucía
04063,María,Almería,01,Andalucía
04064,Mojácar,Almería,01,Andalucía
04065,Nacimiento,Almería,01,Andalucía
04066,Níjar,Almería,01,Andalucía
04067,Ohanes,Almería,01,Andalucía
04068,Olula de Castro,Almería,01,Andalucía
04069,Olula del Río,Almería,01,Andalucía
04070,Oria,Almería,01,Andalucía
04071,Padules,Almería,01,Andalucía
04072,Partaloa,Almería,01,Andalucía
04073,Paterna del Río,Almería,01,Andalucía
04074,Pechina,Almería,01,Andalucía
04075,Pulpí,Almería,01,Andalucía
04076,Purchena,Almería,01,Andalucía
04077,Rágol,Almería,01,Andalucía
04078,Rioja,Almería,01,Andalucía
04079,Roquetas de Mar,Almería,01,Andalucía
04080,Santa Cruz de Marchena,Almería,01,Andalucía
04081,Santa Fe de Mondújar,Almería,01,Andalucía
04082,Senés,Almería,01,Andalucía
04083,Serón,Almería,01,Andalucía
04084,Sierro,Almería,01,Andalucía
04085,Somontín,Almería,01,Andalucía
04086,Sorbas,Almería,01,Andalucía
04087,Suflí,Almería,01,Andalucía
04088,Tabernas,Almería,01,Andalucía
04089,Taberno,Almería,01,Andalucía
04090,Tahal,Almería,01,Andalucía
04091,Terque,Almería,01,Andalucía
04092,Tíjola,Almería,01,Andalucía
04093,Turre,Almería,01,Andalucía
04094,Turrillas,Almería,01,Andalucía
04095,Uleila del Campo,Almería,01,Andalucía
04096,Urrácal,Almería,01,Andalucía
04097,Velefique,Almería,01,Andalucía
04098,Vélez-Blanco,Almería,01,Andalucía
04099,Vélez-Rubio,Almería,01,Andalucía
04100,Vera,Almería,01,Andalucía
04101,Viator,Almería,01,Andalucía
04102,Vícar,Almería,01,Andalucía
04103,Zurgena,Almería,01,Andalucía
04901,Las Tres Villas,Almería,01,Andalucía
04902,El Ejido,Almería,01,Andalucía
04903,La Mojonera,Almería,01,Andalucía
04904,Balanegra,Almería,01,Andalucía
05001,Adanero,Ávila,07,Castilla y León
05002,La Adrada,Ávila,07,Castilla y León
05005,Albornos,Ávila,07,Castilla y León
05007,Aldeanueva de Santa Cruz,Ávila,07,Castilla y León
05008,Aldeaseca,Ávila,07,Castilla y León
05010,La Aldehuela,Ávila,07,Castilla y León
05012,Amavida,Ávila,07,Castilla y León
05013,El Arenal,Ávila,07,Castilla y León
05014,Arenas de San Pedro,Ávila,07,Castilla y León
05015,Arevalillo,Ávila,07,Castilla y León
05016,Arévalo,Ávila,07,Castilla y León
05017,Aveinte,Ávila,07,Castilla y León
05018,Avellaneda,Ávila,07,Castilla y León
05019,Ávila,Ávila,07,Castilla y León
05021,El Barco de Ávila,Ávila,07,Castilla y León
05022,El Barraco,Ávila,07,Castilla y León
05023,Barromán,Ávila,07,Castilla y León
05024,Becedas,Ávila,07,Castilla y León
05025,Becedillas,Ávila,07,Castilla y León
05026,Bercial de Zapardiel,Ávila,07,Castilla y León
05027,Las Berlanas,Ávila,07,Castilla y León
05029,Bernuy-Zapardiel,Ávila,07,Castilla y León
05030,Berrocalejo de Aragona,Ávila,07,Castilla y León
05033,Blascomillán,Ávila,07,Castilla y León
05034,Blasconuño de Matacabras,Ávila,07,Castilla y León
05035,Blascosancho,Ávila,07,Castilla y León
05036,El Bohodón,Ávila,07,Castilla y León
05037,Bohoyo,Ávila,07,Castilla y León
05038,Bonilla de la Sierra,Ávila,07,Castilla y León
05039,Brabos,Ávila,07,Castilla y León
05040,Bularros,Ávila,07,Castilla y León
05041,Burgohondo,Ávila,07,Castilla y León
05042,Cabezas de Alambre,Ávila,07,Castilla y León
05043,Cabezas del Pozo,Ávila,07,Castilla y León
05044,Cabezas del Villar,Ávila,07,Castilla y León
05045,Cabizuela,Ávila,07,Castilla y León
05046,Canales,Ávila,07,Castilla y León
05047,Candeleda,Ávila,07,Castilla y León
05048,Cantiveros,Ávila,07,Castilla y León
05049,Cardeñosa,Ávila,07,Castilla y León
05051,La Carrera,Ávila,07,Castilla y León
05052,Casas del Puerto,Ávila,07,Castilla y León
05053,Casasola,Ávila,07,Castilla y León
05054,Casavieja,Ávila,07,Castilla y León
05055,Casillas,Ávila,07,Castilla y León
05056,Castellanos de Zapardiel,Ávila,07,Castilla y León
05057,Cebreros,Ávila,07,Castilla y León
05058,Cepeda la Mora,Ávila,07,Castilla y León
05059,Cillán,Ávila,07,Castilla y León
05060,Cisla,Ávila,07,Castilla y León
05061,La Colilla,Ávila,07,Castilla y León
05062,Collado de Contreras,Ávila,07,Castilla y León
05063,Collado del Mirón,Ávila,07,Castilla y León
05064,Constanzana,Ávila,07,Castilla y León
05065,Crespos,Ávila,07,Castilla y León
05066,Cuevas del Valle,Ávila,07,Castilla y León
05067,Chamartín,Ávila,07,Castilla y León
05069,Donjimeno,Ávila,07,Castilla y León
05070,Donvidas,Ávila,07,Castilla y León
05072,Espinosa de los Caballeros,Ávila,07,Castilla y León
05073,Flores de Ávila,Ávila,07,Castilla y León
05074,Fontiveros,Ávila,07,Castilla y León
05075,Fresnedilla,Ávila,07,Castilla y León
05076,El Fresno,Ávila,07,Castilla y León
05077,Fuente el Saúz,Ávila,07,Castilla y León
05078,Fuentes de Año,Ávila,07,Castilla y León
05079,Gallegos de Altamiros,Ávila,07,Castilla y León
05080,Gallegos de Sobrinos,Ávila,07,Castilla y León
05081,Garganta del Villar,Ávila,07,Castilla y León
05082,Gavilanes,Ávila,07,Castilla y León
05083,Gemuño,Ávila,07,Castilla y León
05084,Gilbuena,Ávila,07,Castilla y León
05085,Gil García,Ávila,07,Castilla y León
05086,Gimialcón,Ávila,07,Castilla y León
05087,Gotarrendura,Ávila,07,Castilla y León
05088,Grandes y San Martín,Ávila,07,Castilla y León
05089,Guisando,Ávila,07,Castilla y León
05090,Gutierre-Muñoz,Ávila,07,Castilla y León
05092,Hernansancho,Ávila,07,Castilla y León
05093,Herradón de Pinares,Ávila,07,Castilla y León
05094,Herreros de Suso,Ávila,07,Castilla y León
05095,Higuera de las Dueñas,Ávila,07,Castilla y León
05096,La Hija de Dios,Ávila,07,Castilla y León
05097,La Horcajada,Ávila,07,Castilla y León
05099,Horcajo de las Torres,Ávila,07,Castilla y León
05100,El Hornillo,Ávila,07,Castilla y León
05101,Hoyocasero,Ávila,07,Castilla y León
05102,El Hoyo de Pinares,Ávila,07,Castilla y León
05103,Hoyorredondo,Ávila,07,Castilla y León
05104,Hoyos del Collado,Ávila,07,Castilla y León
05105,Hoyos del Espino,Ávila,07,Castilla y León
05106,Hoyos de Miguel Muñoz,Ávila,07,Castilla y León
05107,Hurtumpascual,Ávila,07,Castilla y León
05108,Junciana,Ávila,07,Castilla y León
05109,Langa,Ávila,07,Castilla y León
05110,Lanzahíta,Ávila,07,Castilla y León
05112,El Losar del Barco,Ávila,07,Castilla y León
05113,Los Llanos de Tormes,Ávila,07,Castilla y León
05114,Madrigal de las Altas Torres,Ávila,07,Castilla y León
05115,Maello,Ávila,07,Castilla y León
05116,Malpartida de Corneja,Ávila,07,Castilla y León
05117,Mamblas,Ávila,07,Castilla y León
05118,Mancera de Arriba,Ávila,07,Castilla y León
05119,Manjabálago y Ortigosa de Rioalmar,Ávila,07,Castilla y León
05120,Marlín,Ávila,07,Castilla y León
05121,Martiherrero,Ávila,07,Castilla y León
05122,Martínez,Ávila,07,Castilla y León
05123,Mediana de Voltoya,Ávila,07,Castilla y León
05124,Medinilla,Ávila,07,Castilla y León
05125,Mengamuñoz,Ávila,07,Castilla y León
05126,Mesegar de Corneja,Ávila,07,Castilla y León
05127,Mijares,Ávila,07,Castilla y León
05128,Mingorría,Ávila,07,Castilla y León
05129,El Mirón,Ávila,07,Castilla y León
05130,Mironcillo,Ávila,07,Castilla y León
05131,Mirueña de los Infanzones,Ávila,07,Castilla y León
05132,Mombeltrán,Ávila,07,Castilla y León
05133,Monsalupe,Ávila,07,Castilla y León
05134,Moraleja de Matacabras,Ávila,07,Castilla y León
05135,Muñana,Ávila,07,Castilla y León
05136,Muñico,Ávila,07,Castilla y León
05138,Muñogalindo,Ávila,07,Castilla y León
05139,Muñogrande,Ávila,07,Castilla y León
05140,Muñomer del Peco,Ávila,07,Castilla y León
05141,Muñopepe,Ávila,07,Castilla y León
05142,Muñosancho,Ávila,07,Castilla y León
05143,Muñotello,Ávila,07,Castilla y León
05144,Narrillos del Álamo,Ávila,07,Castilla y León
05145,Narrillos del Rebollar,Ávila,07,Castilla y León
05147,Narros del Castillo,Ávila,07,Castilla y León
05148,Narros del Puerto,Ávila,07,Castilla y León
05149,Narros de Saldueña,Ávila,07,Castilla y León
05151,Navacepedilla de Corneja,Ávila,07,Castilla y León
05152,Nava de Arévalo,Ávila,07,Castilla y León
05153,Nava del Barco,Ávila,07,Castilla y León
05154,Navadijos,Ávila,07,Castilla y León
05155,Navaescurial,Ávila,07,Castilla y León
05156,Navahondilla,Ávila,07,Castilla y León
05157,Navalacruz,Ávila,07,Castilla y León
05158,Navalmoral,Ávila,07,Castilla y León
05159,Navalonguilla,Ávila,07,Castilla y León
05160,Navalosa,Ávila,07,Castilla y León
05161,Navalperal de Pinares,Ávila,07,Castilla y León
05162,Navalperal de Tormes,Ávila,07,Castilla y León
05163,Navaluenga,Ávila,07,Castilla y León
05164,Navaquesera,Ávila,07,Castilla y León
05165,Navarredonda de Gredos,Ávila,07,Castilla y León
05166,Navarredondilla,Ávila,07,Castilla y León
05167,Navarrevisca,Ávila,07,Castilla y León
05168,Las Navas del Marqués,Ávila,07,Castilla y León
05169,Navatalgordo,Ávila,07,Castilla y León
05170,Navatejares,Ávila,07,Castilla y León
05171,Neila de San Miguel,Ávila,07,Castilla y León
05172,Niharra,Ávila,07,Castilla y León
05173,Ojos-Albos,Ávila,07,Castilla y León
05174,Orbita,Ávila,07,Castilla y León
05175,El Oso,Ávila,07,Castilla y León
05176,Padiernos,Ávila,07,Castilla y León
05177,Pajares de Adaja,Ávila,07,Castilla y León
05178,Palacios de Goda,Ávila,07,Castilla y León
05179,Papatrigo,Ávila,07,Castilla y León
05180,El Parral,Ávila,07,Castilla y León
05181,Pascualcobo,Ávila,07,Castilla y León
05182,Pedro Bernardo,Ávila,07,Castilla y León
05183,Pedro-Rodríguez,Ávila,07,Castilla y León
05184,Peguerinos,Ávila,07,Castilla y León
05185,Peñalba de Ávila,Ávila,07,Castilla y León
05186,Piedrahíta,Ávila,07,Castilla y León
05187,Piedralaves,Ávila,07,Castilla y León
05188,Poveda,Ávila,07,Castilla y León
05189,Poyales del Hoyo,Ávila,07,Castilla y León
05190,Pozanco,Ávila,07,Castilla y León
05191,Pradosegar,Ávila,07,Castilla y León
05192,Puerto Castilla,Ávila,07,Castilla y León
05193,Rasueros,Ávila,07,Castilla y León
05194,Riocabado,Ávila,07,Castilla y León
05195,Riofrío,Ávila,07,Castilla y León
05196,Rivilla de Barajas,Ávila,07,Castilla y León
05197,Salobral,Ávila,07,Castilla y León
05198,Salvadiós,Ávila,07,Castilla y León
05199,San Bartolomé de Béjar,Ávila,07,Castilla y León
05200,San Bartolomé de Corneja,Ávila,07,Castilla y León
05201,San Bartolomé de Pinares,Ávila,07,Castilla y León
05204,Sanchidrián,Ávila,07,Castilla y León
05205,Sanchorreja,Ávila,07,Castilla y León
05206,San Esteban de los Patos,Ávila,07,Castilla y León
05207,San Esteban del Valle,Ávila,07,Castilla y León
05208,San Esteban de Zapardiel,Ávila,07,Castilla y León
05209,San García de Ingelmos,Ávila,07,Castilla y León
05210,San Juan de la Encinilla,Ávila,07,Castilla y León
05211,San Juan de la Nava,Ávila,07,Castilla y León
05212,San Juan del Molinillo,Ávila,07,Castilla y León
05213,San Juan del Olmo,Ávila,07,Castilla y León
05214,San Lorenzo de Tormes,Ávila,07,Castilla y León
05215,San Martín de la Vega del Alberche,Ávila,07,Castilla y León
05216,San Martín del Pimpollar,Ávila,07,Castilla y León
05217,San Miguel de Corneja,Ávila,07,Castilla y León
05218,San Miguel de Serrezuela,Ávila,07,Castilla y León
05219,San Pascual,Ávila,07,Castilla y León
05220,San Pedro del Arroyo,Ávila,07,Castilla y León
05221,Santa Cruz del Valle,Ávila,07,Castilla y León
05222,Santa Cruz de Pinares,Ávila,07,Castilla y León
05224,Santa María del Arroyo,Ávila,07,Castilla y León
05225,Santa María del Berrocal,Ávila,07,Castilla y León
05226,Santa María de los Caballeros,Ávila,07,Castilla y León
05227,Santa María del Tiétar,Ávila,07,Castilla y León
05228,Santiago del Collado,Ávila,07,Castilla y León
05229,Santo Domingo de las Posadas,Ávila,07,Castilla y León
05230,Santo Tomé de Zabarcos,Ávila,07,Castilla y León
05231,San Vicente de Arévalo,Ávila,07,Castilla y León
05232,La Serrada,Ávila,07,Castilla y León
05233,Serranillos,Ávila,07,Castilla y León
05234,Sigeres,Ávila,07,Castilla y León
05235,Sinlabajos,Ávila,07,Castilla y León
05236,Solana de Ávila,Ávila,07,Castilla y León
05237,Solana de Rioalmar,Ávila,07,Castilla y León
05238,Solosancho,Ávila,07,Castilla y León
05239,Sotalbo,Ávila,07,Castilla y León
05240,Sotillo de la Adrada,Ávila,07,Castilla y León
05241,El Tiemblo,Ávila,07,Castilla y León
05242,Tiñosillos,Ávila,07,Castilla y León
05243,Tolbaños,Ávila,07,Castilla y León
05244,Tormellas,Ávila,07,Castilla y León
05245,Tornadizos de Ávila,Ávila,07,Castilla y León
05246,Tórtoles,Ávila,07,Castilla y León
05247,La Torre,Ávila,07,Castilla y León
05249,Umbrías,Ávila,07,Castilla y León
05251,Vadillo de la Sierra,Ávila,07,Castilla y León
05252,Valdecasa,Ávila,07,Castilla y León
05253,Vega de Santa María,Ávila,07,Castilla y León
05254,Velayos,Ávila,07,Castilla y León
05256,Villaflor,Ávila,07,Castilla y León
05257,Villafranca de la Sierra,Ávila,07,Castilla y León
05258,Villanueva de Gómez,Ávila,07,Castilla y León
05259,Villanueva del Aceral,Ávila,07,Castilla y León
05260,Villanueva del Campillo,Ávila,07,Castilla y León
05261,Villar de Corneja,Ávila,07,Castilla y León
05262,Villarejo del Valle,Ávila,07,Castilla y León
05263,Villatoro,Ávila,07,Castilla y León
05264,Viñegra de Moraña,Ávila,07,Castilla y León
05265,Vita,Ávila,07,Castilla y León
05266,Zapardiel de la Cañada,Ávila,07,Castilla y León
05267,Zapardiel de la Ribera,Ávila,07,Castilla y León
05901,San Juan de Gredos,Ávila,07,Castilla y León
05902,Santa María del Cubillo,Ávila,07,Castilla y León
05903,Diego del Carpio,Ávila,07,Castilla y León
05904,Santiago del Tormes,Ávila,07,Castilla y León
05905,Villanueva de Ávila,Ávila,07,Castilla y León
06001,Acedera,Badajoz,11,Extremadura
06002,Aceuchal,Badajoz,11,Extremadura
06003,Ahillones,Badajoz,11,Extremadura
06004,Alange,Badajoz,11,Extremadura
06005,La Albuera,Badajoz,11,Extremadura
06006,Alburquerque,Badajoz,11,Extremadura
06007,Alconchel,Badajoz,11,Extremadura
06008,Alconera,Badajoz,11,Extremadura
06009,Aljucén,Badajoz,11,Extremadura
06010,Almendral,Badajoz,11,Extremadura
06011,Almendralejo,Badajoz,11,Extremadura
06012,Arroyo de San Serván,Badajoz,11,Extremadura
06013,Atalaya,Badajoz,11,Extremadura
06014,Azuaga,Badajoz,11,Extremadura
06015,Badajoz,Badajoz,11,Extremadura
06016,Barcarrota,Badajoz,11,Extremadura
06017,Baterno,Badajoz,11,Extremadura
06018,Benquerencia de la Serena,Badajoz,11,Extremadura
06019,Berlanga,Badajoz,11,Extremadura
06020,Bienvenida,Badajoz,11,Extremadura
06021,Bodonal de la Sierra,Badajoz,11,Extremadura
06022,Burguillos del Cerro,Badajoz,11,Extremadura
06023,Cabeza del Buey,Badajoz,11,Extremadura
06024,Cabeza la Vaca,Badajoz,11,Extremadura
06025,Calamonte,Badajoz,11,Extremadura
06026,Calera de León,Badajoz,11,Extremadura
06027,Calzadilla de los Barros,Badajoz,11,Extremadura
06028,Campanario,Badajoz,11,Extremadura
06029,Campillo de Llerena,Badajoz,11,Extremadura
06030,Capilla,Badajoz,11,Extremadura
06031,Carmonita,Badajoz,11,Extremadura
06032,El Carrascalejo,Badajoz,11,Extremadura
06033,Casas de Don Pedro,Badajoz,11,Extremadura
06034,Casas de Reina,Badajoz,11,Extremadura
06035,Castilblanco,Badajoz,11,Extremadura
06036,Castuera,Badajoz,11,Extremadura
06037,La Codosera,Badajoz,11,Extremadura
06038,Cordobilla de Lácara,Badajoz,11,Extremadura
06039,La Coronada,Badajoz,11,Extremadura
06040,Corte de Peleas,Badajoz,11,Extremadura
06041,Cristina,Badajoz,11,Extremadura
06042,Cheles,Badajoz,11,Extremadura
06043,Don Álvaro,Badajoz,11,Extremadura
06044,Don Benito,Badajoz,11,Extremadura
06045,Entrín Bajo,Badajoz,11,Extremadura
06046,Esparragalejo,Badajoz,11,Extremadura
06047,Esparragosa de la Serena,Badajoz,11,Extremadura
06048,Esparragosa de Lares,Badajoz,11,Extremadura
06049,Feria,Badajoz,11,Extremadura
06050,Fregenal de la Sierra,Badajoz,11,Extremadura
06051,Fuenlabrada de los Montes,Badajoz,11,Extremadura
06052,Fuente de Cantos,Badajoz,11,Extremadura
06053,Fuente del Arco,Badajoz,11,Extremadura
06054,Fuente del Maestre,Badajoz,11,Extremadura
06055,Fuentes de León,Badajoz,11,Extremadura
06056,Garbayuela,Badajoz,11,Extremadura
06057,Garlitos,Badajoz,11,Extremadura
06058,La Garrovilla,Badajoz,11,Extremadura
06059,Granja de Torrehermosa,Badajoz,11,Extremadura
06060,Guareña,Badajoz,11,Extremadura
06061,La Haba,Badajoz,11,Extremadura
06062,Helechosa de los Montes,Badajoz,11,Extremadura
06063,Herrera del Duque,Badajoz,11,Extremadura
06064,Higuera de la Serena,Badajoz,11,Extremadura
06065,Higuera de Llerena,Badajoz,11,Extremadura
06066,Higuera de Vargas,Badajoz,11,Extremadura
06067,Higuera la Real,Badajoz,11,Extremadura
06068,Hinojosa del Valle,Badajoz,11,Extremadura
06069,Hornachos,Badajoz,11,Extremadura
06070,Jerez de los Caballeros,Badajoz,11,Extremadura
06071,La Lapa,Badajoz,11,Extremadura
06072,Lobón,Badajoz,11,Extremadura
06073,Llera,Badajoz,11,Extremadura
06074,Llerena,Badajoz,11,Extremadura
06075,Magacela,Badajoz,11,Extremadura
06076,Maguilla,Badajoz,11,Extremadura
06077,Malcocinado,Badajoz,11,Extremadura
06078,Malpartida de la Serena,Badajoz,11,Extremadura
06079,Manchita,Badajoz,11,Extremadura
06080,Medellín,Badajoz,11,Extremadura
06081,Medina de las Torres,Badajoz,11,Extremadura
06082,Mengabril,Badajoz,11,Extremadura
06083,Mérida,Badajoz,11,Extremadura
06084,Mirandilla,Badajoz,11,Extremadura
06085,Monesterio,Badajoz,11,Extremadura
06086,Montemolín,Badajoz,11,Extremadura
06087,Monterrubio de la Serena,Badajoz,11,Extremadura
06088,Montijo,Badajoz,11,Extremadura
06089,La Morera,Badajoz,11,Extremadura
06090,La Nava de Santiago,Badajoz,11,Extremadura
06091,Navalvillar de Pela,Badajoz,11,Extremadura
06092,Nogales,Badajoz,11,Extremadura
06093,Oliva de la Frontera,Badajoz,11,Extremadura
06094,Oliva de Mérida,Badajoz,11,Extremadura
06095,Olivenza,Badajoz,11,Extremadura
06096,Orellana de la Sierra,Badajoz,11,Extremadura
06097,Orellana la Vieja,Badajoz,11,Extremadura
06098,Palomas,Badajoz,11,Extremadura
06099,La Parra,Badajoz,11,Extremadura
06100,Peñalsordo,Badajoz,11,Extremadura
06101,Peraleda del Zaucejo,Badajoz,11,Extremadura
06102,Puebla de Alcocer,Badajoz,11,Extremadura
06103,Puebla de la Calzada,Badajoz,11,Extremadura
06104,Puebla de la Reina,Badajoz,11,Extremadura
06105,Puebla del Maestre,Badajoz,11,Extremadura
06106,Puebla del Prior,Badajoz,11,Extremadura
06107,Puebla de Obando,Badajoz,11,Extremadura
06108,Puebla de Sancho Pérez,Badajoz,11,Extremadura
06109,Quintana de la Serena,Badajoz,11,Extremadura
06110,Reina,Badajoz,11,Extremadura
06111,Rena,Badajoz,11,Extremadura
06112,Retamal de Llerena,Badajoz,11,Extremadura
06113,Ribera del Fresno,Badajoz,11,Extremadura
06114,Risco,Badajoz,11,Extremadura
06115,La Roca de la Sierra,Badajoz,11,Extremadura
06116,Salvaleón,Badajoz,11,Extremadura
06117,Salvatierra de los Barros,Badajoz,11,Extremadura
06118,Sancti-Spíritus,Badajoz,11,Extremadura
06119,San Pedro de Mérida,Badajoz,11,Extremadura
06120,Santa Amalia,Badajoz,11,Extremadura
06121,Santa Marta,Badajoz,11,Extremadura
06122,Los Santos de Maimona,Badajoz,11,Extremadura
06123,San Vicente de Alcántara,Badajoz,11,Extremadura
06124,Segura de León,Badajoz,11,Extremadura
06125,Siruela,Badajoz,11,Extremadura
06126,Solana de los Barros,Badajoz,11,Extremadura
06127,Talarrubias,Badajoz,11,Extremadura
06128,Talavera la Real,Badajoz,11,Extremadura
06129,Táliga,Badajoz,11,Extremadura
06130,Tamurejo,Badajoz,11,Extremadura
06131,Torre de Miguel Sesmero,Badajoz,11,Extremadura
06132,Torremayor,Badajoz,11,Extremadura
06133,Torremejía,Badajoz,11,Extremadura
06134,Trasierra,Badajoz,11,Extremadura
06135,Trujillanos,Badajoz,11,Extremadura
06136,Usagre,Badajoz,11,Extremadura
06137,Valdecaballeros,Badajoz,11,Extremadura
06138,Valdetorres,Badajoz,11,Extremadura
06139,Valencia de las Torres,Badajoz,11,Extremadura
06140,Valencia del Mombuey,Badajoz,11,Extremadura
06141,Valencia del Ventoso,Badajoz,11,Extremadura
06142,Valverde de Burguillos,Badajoz,11,Extremadura
06143,Valverde de Leganés,Badajoz,11,Extremadura
06144,Valverde de Llerena,Badajoz,11,Extremadura
06145,Valverde de Mérida,Badajoz,11,Extremadura
06146,Valle de la Serena,Badajoz,11,Extremadura
06147,Valle de Matamoros,Badajoz,11,Extremadura
06148,Valle de Santa Ana,Badajoz,11,Extremadura
06149,Villafranca de los Barros,Badajoz,11,Extremadura
06150,Villagarcía de la Torre,Badajoz,11,Extremadura
06151,Villagonzalo,Badajoz,11,Extremadura
06152,Villalba de los Barros,Badajoz,11,Extremadura
06153,Villanueva de la Serena,Badajoz,11,Extremadura
06154,Villanueva del Fresno,Badajoz,11,Extremadura
06155,Villar del Rey,Badajoz,11,Extremadura
06156,Villar de Rena,Badajoz,11,Extremadura
06157,Villarta de los Montes,Badajoz,11,Extremadura
06158,Zafra,Badajoz,11,Extremadura
06159,Zahínos,Badajoz,11,Extremadura
06160,Zalamea de la Serena,Badajoz,11,Extremadura
06161,Zarza-Capilla,Badajoz,11,Extremadura
06162,La Zarza,Badajoz,11,Extremadura
06901,Valdelacalzada,Badajoz,11,Extremadura
06902,Pueblonuevo del Guadiana,Badajoz,11,Extremadura
06903,Guadiana,Badajoz,11,Extremadura
07001,Alaró,"Balears, Illes",04,Illes Balears
07002,Alaior,"Balears, Illes",04,Illes Balears
07003,Alcúdia,"Balears, Illes",04,Illes Balears
07004,Algaida,"Balears, Illes",04,Illes Balears
07005,Andratx,"Balears, Illes",04,Illes Balears
07006,Artà,"Balears, Illes",04,Illes Balears
07007,Banyalbufar,"Balears, Illes",04,Illes Balears
07008,Binissalem,"Balears, Illes",04,Illes Balears
07009,Búger,"Balears, Illes",04,Illes Balears
07010,Bunyola,"Balears, Illes",04,Illes Balears
07011,Calvià,"Balears, Illes",04,Illes Balears
07012,Campanet,"Balears, Illes",04,Illes Balears
07013,Campos,"Balears, Illes",04,Illes Balears
07014,Capdepera,"Balears, Illes",04,Illes Balears
07015,Ciutadella de Menorca,"Balears, Illes",04,Illes Balears
07016,Consell,"Balears, Illes",04,Illes Balears
07017,Costitx,"Balears, Illes",04,Illes Balears
07018,Deià,"Balears, Illes",04,Illes Balears
07019,Escorca,"Balears, Illes",04,Illes Balears
07020,Esporles,"Balears, Illes",04,Illes Balears
07021,Estellencs,"Balears, Illes",04,Illes Balears
07022,Felanitx,"Balears, Illes",04,Illes Balears
07023,Ferreries,"Balears, Illes",04,Illes Balears
07024,Formentera,"Balears, Illes",04,Illes Balears
07025,Fornalutx,"Balears, Illes",04,Illes Balears
07026,Eivissa,"Balears, Illes",04,Illes Balears
07027,Inca,"Balears, Illes",04,Illes Balears
07028,Lloret de Vistalegre,"Balears, Illes",04,Illes Balears
07029,Lloseta,"Balears, Illes",04,Illes Balears
07030,Llubí,"Balears, Illes",04,Illes Balears
07031,Llucmajor,"Balears, Illes",04,Illes Balears
07032,Maó,"Balears, Illes",04,Illes Balears
07033,Manacor,"Balears, Illes",04,Illes Balears
07034,Mancor de la Vall,"Balears, Illes",04,Illes Balears
07035,Maria de la Salut,"Balears, Illes",04,Illes Balears
07036,Marratxí,"Balears, Illes",04,Illes Balears
07037,"Mercadal, Es","Balears, Illes",04,Illes Balears
07038,Montuïri,"Balears, Illes",04,Illes Balears
07039,Muro,"Balears, Illes",04,Illes Balears
07040,Palma,"Balears, Illes",04,Illes Balears
07041,Petra,"Balears, Illes",04,Illes Balears
07042,Pollença,"Balears, Illes",04,Illes Balears
07043,Porreres,"Balears, Illes",04,Illes Balears
07044,"Pobla, Sa","Balears, Illes",04,Illes Balears
07045,Puigpunyent,"Balears, Illes",04,Illes Balears
07046,Sant Antoni de Portmany,"Balears, Illes",04,Illes Balears
07047,Sencelles,"Balears, Illes",04,Illes Balears
07048,Sant Josep de sa Talaia,"Balears, Illes",04,Illes Balears
07049,Sant Joan,"Balears, Illes",04,Illes Balears
07050,Sant Joan de Labritja,"Balears, Illes",04,Illes Balears
07051,Sant Llorenç des Cardassar,"Balears, Illes",04,Illes Balears
07052,Sant Lluís,"Balears, Illes",04,Illes Balears
07053,Santa Eugènia,"Balears, Illes",04,Illes Balears
07054,Santa Eulària des Riu,"Balears, Illes",04,Illes Balears
07055,Santa Margalida,"Balears, Illes",04,Illes Balears
07056,Santa María del Camí,"Balears, Illes",04,Illes Balears
07057,Santanyí,"Balears, Illes",04,Illes Balears
07058,Selva,"Balears, Illes",04,Illes Balears
07059,"Salines, Ses","Balears, Illes",04,Illes Balears
07060,Sineu,"Balears, Illes",04,Illes Balears
07061,Sóller,"Balears, Illes",04,Illes Balears
07062,Son Servera,"Balears, Illes",04,Illes Balears
07063,Valldemossa,"Balears, Illes",04,Illes Balears
07064,"Castell, Es","Balears, Illes",04,Illes Balears
07065,Vilafranca de Bonany,"Balears, Illes",04,Illes Balears
07901,Ariany,"Balears, Illes",04,Illes Balears
07902,"Migjorn Gran, Es","Balears, Illes",04,Illes Balears
08001,Abrera,Barcelona,09,Catalunya
08002,Aguilar de Segarra,Barcelona,09,Catalunya
08003,Alella,Barcelona,09,Catalunya
08004,Alpens,Barcelona,09,Catalunya
08005,"Ametlla del Vallès, L'",Barcelona,09,Catalunya
08006,Arenys de Mar,Barcelona,09,Catalunya
08007,Arenys de Munt,Barcelona,09,Catalunya
08008,Argençola,Barcelona,09,Catalunya
08009,Argentona,Barcelona,09,Catalunya
08010,Artés,Barcelona,09,Catalunya
08011,Avià,Barcelona,09,Catalunya
08012,Avinyó,Barcelona,09,Catalunya
08013,Avinyonet del Penedès,Barcelona,09,Catalunya
08014,Aiguafreda,Barcelona,09,Catalunya
08015,Badalona,Barcelona,09,Catalunya
08016,Bagà,Barcelona,09,Catalunya
08017,Balenyà,Barcelona,09,Catalunya
08018,Balsareny,Barcelona,09,Catalunya
08019,Barcelona,Barcelona,09,Catalunya
08020,Begues,Barcelona,09,Catalunya
08021,Bellprat,Barcelona,09,Catalunya
08022,Berga,Barcelona,09,Catalunya
08023,Bigues i Riells del Fai,Barcelona,09,Catalunya
08024,Borredà,Barcelona,09,Catalunya
08025,El Bruc,Barcelona,09,Catalunya
08026,El Brull,Barcelona,09,Catalunya
08027,"Cabanyes, Les",Barcelona,09,Catalunya
08028,Cabrera d'Anoia,Barcelona,09,Catalunya
08029,Cabrera de Mar,Barcelona,09,Catalunya
08030,Cabrils,Barcelona,09,Catalunya
08031,Calaf,Barcelona,09,Catalunya
08032,Caldes d'Estrac,Barcelona,09,Catalunya
08033,Caldes de Montbui,Barcelona,09,Catalunya
08034,Calders,Barcelona,09,Catalunya
08035,Calella,Barcelona,09,Catalunya
08036,Calonge de Segarra,Barcelona,09,Catalunya
08037,Calldetenes,Barcelona,09,Catalunya
08038,Callús,Barcelona,09,Catalunya
08039,Campins,Barcelona,09,Catalunya
08040,Canet de Mar,Barcelona,09,Catalunya
08041,Canovelles,Barcelona,09,Catalunya
08042,Cànoves i Samalús,Barcelona,09,Catalunya
08043,Canyelles,Barcelona,09,Catalunya
08044,Capellades,Barcelona,09,Catalunya
08045,Capolat,Barcelona,09,Catalunya
08046,Cardedeu,Barcelona,09,Catalunya
08047,Cardona,Barcelona,09,Catalunya
08048,Carme,Barcelona,09,Catalunya
08049,Casserres,Barcelona,09,Catalunya
08050,Castellar del Riu,Barcelona,09,Catalunya
08051,Castellar del Vallès,Barcelona,09,Catalunya
08052,Castellar de n'Hug,Barcelona,09,Catalunya
08053,Castellbell i el Vilar,Barcelona,09,Catalunya
08054,Castellbisbal,Barcelona,09,Catalunya
08055,Castellcir,Barcelona,09,Catalunya
08056,Castelldefels,Barcelona,09,Catalunya
08057,Castell de l'Areny,Barcelona,09,Catalunya
08058,Castellet i la Gornal,Barcelona,09,Catalunya
08059,Castellfollit del Boix,Barcelona,09,Catalunya
08060,Castellfollit de Riubregós,Barcelona,09,Catalunya
08061,Castellgalí,Barcelona,09,Catalunya
08062,Castellnou de Bages,Barcelona,09,Catalunya
08063,Castellolí,Barcelona,09,Catalunya
08064,Castellterçol,Barcelona,09,Catalunya
08065,Castellví de la Marca,Barcelona,09,Catalunya
08066,Castellví de Rosanes,Barcelona,09,Catalunya
08067,Centelles,Barcelona,09,Catalunya
08068,Cervelló,Barcelona,09,Catalunya
08069,Collbató,Barcelona,09,Catalunya
08070,Collsuspina,Barcelona,09,Catalunya
08071,Copons,Barcelona,09,Catalunya
08072,Corbera de Llobregat,Barcelona,09,Catalunya
08073,Cornellà de Llobregat,Barcelona,09,Catalunya
08074,Cubelles,Barcelona,09,Catalunya
08075,Dosrius,Barcelona,09,Catalunya
08076,Esparreguera,Barcelona,09,Catalunya
08077,Esplugues de Llobregat,Barcelona,09,Catalunya
08078,"Espunyola, L'",Barcelona,09,Catalunya
08079,"Estany, L'",Barcelona,09,Catalunya
08080,Fígols,Barcelona,09,Catalunya
08081,Fogars de Montclús,Barcelona,09,Catalunya
08082,Fogars de la Selva,Barcelona,09,Catalunya
08083,Folgueroles,Barcelona,09,Catalunya
08084,Fonollosa,Barcelona,09,Catalunya
08085,Font-rubí,Barcelona,09,Catalunya
08086,"Franqueses del Vallès, Les",Barcelona,09,Catalunya
08087,Gallifa,Barcelona,09,Catalunya
08088,La Garriga,Barcelona,09,Catalunya
08089,Gavà,Barcelona,09,Catalunya
08090,Gaià,Barcelona,09,Catalunya
08091,Gelida,Barcelona,09,Catalunya
08092,Gironella,Barcelona,09,Catalunya
08093,Gisclareny,Barcelona,09,Catalunya
08094,La Granada,Barcelona,09,Catalunya
08095,Granera,Barcelona,09,Catalunya
08096,Granollers,Barcelona,09,Catalunya
08097,Gualba,Barcelona,09,Catalunya
08098,Sant Salvador de Guardiola,Barcelona,09,Catalunya
08099,Guardiola de Berguedà,Barcelona,09,Catalunya
08100,Gurb,Barcelona,09,Catalunya
08101,"Hospitalet de Llobregat, L'",Barcelona,09,Catalunya
08102,Igualada,Barcelona,09,Catalunya
08103,Jorba,Barcelona,09,Catalunya
08104,La Llacuna,Barcelona,09,Catalunya
08105,La Llagosta,Barcelona,09,Catalunya
08106,Llinars del Vallès,Barcelona,09,Catalunya
08107,Lliçà d'Amunt,Barcelona,09,Catalunya
08108,Lliçà de Vall,Barcelona,09,Catalunya
08109,Lluçà,Barcelona,09,Catalunya
08110,Malgrat de Mar,Barcelona,09,Catalunya
08111,Malla,Barcelona,09,Catalunya
08112,Manlleu,Barcelona,09,Catalunya
08113,Manresa,Barcelona,09,Catalunya
08114,Martorell,Barcelona,09,Catalunya
08115,Martorelles,Barcelona,09,Catalunya
08116,"Masies de Roda, Les",Barcelona,09,Catalunya
08117,"Masies de Voltregà, Les",Barcelona,09,Catalunya
08118,El Masnou,Barcelona,09,Catalunya
08119,Masquefa,Barcelona,09,Catalunya
08120,Matadepera,Barcelona,09,Catalunya
08121,Mataró,Barcelona,09,Catalunya
08122,Mediona,Barcelona,09,Catalunya
08123,Molins de Rei,Barcelona,09,Catalunya
08124,Mollet del Vallès,Barcelona,09,Catalunya
08125,Montcada i Reixac,Barcelona,09,Catalunya
08126,Montgat,Barcelona,09,Catalunya
08127,Monistrol de Montserrat,Barcelona,09,Catalunya
08128,Monistrol de Calders,Barcelona,09,Catalunya
08129,Muntanyola,Barcelona,09,Catalunya
08130,Montclar,Barcelona,09,Catalunya
08131,Montesquiu,Barcelona,09,Catalunya
08132,Montmajor,Barcelona,09,Catalunya
08133,Montmaneu,Barcelona,09,Catalunya
08134,Figaró-Montmany,Barcelona,09,Catalunya
08135,Montmeló,Barcelona,09,Catalunya
08136,Montornès del Vallès,Barcelona,09,Catalunya
08137,Montseny,Barcelona,09,Catalunya
08138,Moià,Barcelona,09,Catalunya
08139,Mura,Barcelona,09,Catalunya
08140,Navarcles,Barcelona,09,Catalunya
08141,Navàs,Barcelona,09,Catalunya
08142,La Nou de Berguedà,Barcelona,09,Catalunya
08143,Òdena,Barcelona,09,Catalunya
08144,Olvan,Barcelona,09,Catalunya
08145,Olèrdola,Barcelona,09,Catalunya
08146,Olesa de Bonesvalls,Barcelona,09,Catalunya
08147,Olesa de Montserrat,Barcelona,09,Catalunya
08148,Olivella,Barcelona,09,Catalunya
08149,Olost,Barcelona,09,Catalunya
08150,Orís,Barcelona,09,Catalunya
08151,Oristà,Barcelona,09,Catalunya
08152,Orpí,Barcelona,09,Catalunya
08153,Òrrius,Barcelona,09,Catalunya
08154,Pacs del Penedès,Barcelona,09,Catalunya
08155,Palafolls,Barcelona,09,Catalunya
08156,Palau-solità i Plegamans,Barcelona,09,Catalunya
08157,Pallejà,Barcelona,09,Catalunya
08158,El Papiol,Barcelona,09,Catalunya
08159,Parets del Vallès,Barcelona,09,Catalunya
08160,Perafita,Barcelona,09,Catalunya
08161,Piera,Barcelona,09,Catalunya
08162,"Hostalets de Pierola, Els",Barcelona,09,Catalunya
08163,Pineda de Mar,Barcelona,09,Catalunya
08164,El Pla del Penedès,Barcelona,09,Catalunya
08165,La Pobla de Claramunt,Barcelona,09,Catalunya
08166,La Pobla de Lillet,Barcelona,09,Catalunya
08167,Polinyà,Barcelona,09,Catalunya
08168,Pontons,Barcelona,09,Catalunya
08169,El Prat de Llobregat,Barcelona,09,Catalunya
08170,"Prats de Rei, Els",Barcelona,09,Catalunya
08171,Prats de Lluçanès,Barcelona,09,Catalunya
08172,Premià de Mar,Barcelona,09,Catalunya
08174,Puigdàlber,Barcelona,09,Catalunya
08175,Puig-reig,Barcelona,09,Catalunya
08176,Pujalt,Barcelona,09,Catalunya
08177,La Quar,Barcelona,09,Catalunya
08178,Rajadell,Barcelona,09,Catalunya
08179,Rellinars,Barcelona,09,Catalunya
08180,Ripollet,Barcelona,09,Catalunya
08181,La Roca del Vallès,Barcelona,09,Catalunya
08182,El Pont de Vilomara i Rocafort,Barcelona,09,Catalunya
08183,Roda de Ter,Barcelona,09,Catalunya
08184,Rubí,Barcelona,09,Catalunya
08185,Rubió,Barcelona,09,Catalunya
08187,Sabadell,Barcelona,09,Catalunya
08188,Sagàs,Barcelona,09,Catalunya
08189,Sant Pere Sallavinera,Barcelona,09,Catalunya
08190,Saldes,Barcelona,09,Catalunya
08191,Sallent,Barcelona,09,Catalunya
08192,Santpedor,Barcelona,09,Catalunya
08193,Sant Iscle de Vallalta,Barcelona,09,Catalunya
08194,Sant Adrià de Besòs,Barcelona,09,Catalunya
08195,Sant Agustí de Lluçanès,Barcelona,09,Catalunya
08196,Sant Andreu de la Barca,Barcelona,09,Catalunya
08197,Sant Andreu de Llavaneres,Barcelona,09,Catalunya
08198,Sant Antoni de Vilamajor,Barcelona,09,Catalunya
08199,Sant Bartomeu del Grau,Barcelona,09,Catalunya
08200,Sant Boi de Llobregat,Barcelona,09,Catalunya
08201,Sant Boi de Lluçanès,Barcelona,09,Catalunya
08202,Sant Celoni,Barcelona,09,Catalunya
08203,Sant Cebrià de Vallalta,Barcelona,09,Catalunya
08204,Sant Climent de Llobregat,Barcelona,09,Catalunya
08205,Sant Cugat del Vallès,Barcelona,09,Catalunya
08206,Sant Cugat Sesgarrigues,Barcelona,09,Catalunya
08207,Sant Esteve de Palautordera,Barcelona,09,Catalunya
08208,Sant Esteve Sesrovires,Barcelona,09,Catalunya
08209,Sant Fost de Campsentelles,Barcelona,09,Catalunya
08210,Sant Feliu de Codines,Barcelona,09,Catalunya
08211,Sant Feliu de Llobregat,Barcelona,09,Catalunya
08212,Sant Feliu Sasserra,Barcelona,09,Catalunya
08213,Sant Fruitós de Bages,Barcelona,09,Catalunya
08214,Vilassar de Dalt,Barcelona,09,Catalunya
08215,Sant Hipòlit de Voltregà,Barcelona,09,Catalunya
08216,Sant Jaume de Frontanyà,Barcelona,09,Catalunya
08217,Sant Joan Despí,Barcelona,09,Catalunya
08218,Sant Joan de Vilatorrada,Barcelona,09,Catalunya
08219,Vilassar de Mar,Barcelona,09,Catalunya
08220,Sant Julià de Vilatorta,Barcelona,09,Catalunya
08221,Sant Just Desvern,Barcelona,09,Catalunya
08222,Sant Llorenç d'Hortons,Barcelona,09,Catalunya
08223,Sant Llorenç Savall,Barcelona,09,Catalunya
08224,Sant Martí de Centelles,Barcelona,09,Catalunya
08225,Sant Martí d'Albars,Barcelona,09,Catalunya
08226,Sant Martí de Tous,Barcelona,09,Catalunya
08227,Sant Martí Sarroca,Barcelona,09,Catalunya
08228,Sant Martí Sesgueioles,Barcelona,09,Catalunya
08229,Sant Mateu de Bages,Barcelona,09,Catalunya
08230,Premià de Dalt,Barcelona,09,Catalunya
08231,Sant Pere de Ribes,Barcelona,09,Catalunya
08232,Sant Pere de Riudebitlles,Barcelona,09,Catalunya
08233,Sant Pere de Torelló,Barcelona,09,Catalunya
08234,Sant Pere de Vilamajor,Barcelona,09,Catalunya
08235,Sant Pol de Mar,Barcelona,09,Catalunya
08236,Sant Quintí de Mediona,Barcelona,09,Catalunya
08237,Sant Quirze de Besora,Barcelona,09,Catalunya
08238,Sant Quirze del Vallès,Barcelona,09,Catalunya
08239,Sant Quirze Safaja,Barcelona,09,Catalunya
08240,Sant Sadurní d'Anoia,Barcelona,09,Catalunya
08241,Sant Sadurní d'Osormort,Barcelona,09,Catalunya
08242,Marganell,Barcelona,09,Catalunya
08243,Santa Cecília de Voltregà,Barcelona,09,Catalunya
08244,Santa Coloma de Cervelló,Barcelona,09,Catalunya
08245,Santa Coloma de Gramenet,Barcelona,09,Catalunya
08246,Santa Eugènia de Berga,Barcelona,09,Catalunya
08247,Santa Eulàlia de Riuprimer,Barcelona,09,Catalunya
08248,Santa Eulàlia de Ronçana,Barcelona,09,Catalunya
08249,Santa Fe del Penedès,Barcelona,09,Catalunya
08250,Santa Margarida de Montbui,Barcelona,09,Catalunya
08251,Santa Margarida i els Monjos,Barcelona,09,Catalunya
08252,Barberà del Vallès,Barcelona,09,Catalunya
08253,Santa Maria de Besora,Barcelona,09,Catalunya
08254,"Esquirol, L'",Barcelona,09,Catalunya
08255,Santa Maria de Merlès,Barcelona,09,Catalunya
08256,Santa Maria de Martorelles,Barcelona,09,Catalunya
08257,Santa Maria de Miralles,Barcelona,09,Catalunya
08258,Santa Maria d'Oló,Barcelona,09,Catalunya
08259,Santa Maria de Palautordera,Barcelona,09,Catalunya
08260,Santa Perpètua de Mogoda,Barcelona,09,Catalunya
08261,Santa Susanna,Barcelona,09,Catalunya
08262,Sant Vicenç de Castellet,Barcelona,09,Catalunya
08263,Sant Vicenç dels Horts,Barcelona,09,Catalunya
08264,Sant Vicenç de Montalt,Barcelona,09,Catalunya
08265,Sant Vicenç de Torelló,Barcelona,09,Catalunya
08266,Cerdanyola del Vallès,Barcelona,09,Catalunya
08267,Sentmenat,Barcelona,09,Catalunya
08268,Cercs,Barcelona,09,Catalunya
08269,Seva,Barcelona,09,Catalunya
08270,Sitges,Barcelona,09,Catalunya
08271,Sobremunt,Barcelona,09,Catalunya
08272,Sora,Barcelona,09,Catalunya
08273,Subirats,Barcelona,09,Catalunya
08274,Súria,Barcelona,09,Catalunya
08275,Tavèrnoles,Barcelona,09,Catalunya
08276,Tagamanent,Barcelona,09,Catalunya
08277,Talamanca,Barcelona,09,Catalunya
08278,Taradell,Barcelona,09,Catalunya
08279,Terrassa,Barcelona,09,Catalunya
08280,Tavertet,Barcelona,09,Catalunya
08281,Teià,Barcelona,09,Catalunya
08282,Tiana,Barcelona,09,Catalunya
08283,Tona,Barcelona,09,Catalunya
08284,Tordera,Barcelona,09,Catalunya
08285,Torelló,Barcelona,09,Catalunya
08286,La Torre de Claramunt,Barcelona,09,Catalunya
08287,Torrelavit,Barcelona,09,Catalunya
08288,Torrelles de Foix,Barcelona,09,Catalunya
08289,Torrelles de Llobregat,Barcelona,09,Catalunya
08290,Ullastrell,Barcelona,09,Catalunya
08291,Vacarisses,Barcelona,09,Catalunya
08292,Vallbona d'Anoia,Barcelona,09,Catalunya
08293,Vallcebre,Barcelona,09,Catalunya
08294,Vallgorguina,Barcelona,09,Catalunya
08295,Vallirana,Barcelona,09,Catalunya
08296,Vallromanes,Barcelona,09,Catalunya
08297,Veciana,Barcelona,09,Catalunya
08298,Vic,Barcelona,09,Catalunya
08299,Vilada,Barcelona,09,Catalunya
08300,Viladecavalls,Barcelona,09,Catalunya
08301,Viladecans,Barcelona,09,Catalunya
08302,Vilanova del Camí,Barcelona,09,Catalunya
08303,Vilanova de Sau,Barcelona,09,Catalunya
08304,Vilobí del Penedès,Barcelona,09,Catalunya
08305,Vilafranca del Penedès,Barcelona,09,Catalunya
08306,Vilalba Sasserra,Barcelona,09,Catalunya
08307,Vilanova i la Geltrú,Barcelona,09,Catalunya
08308,Viver i Serrateix,Barcelona,09,Catalunya
08901,Rupit i Pruit,Barcelona,09,Catalunya
08902,Vilanova del Vallès,Barcelona,09,Catalunya
08903,Sant Julià de Cerdanyola,Barcelona,09,Catalunya
08904,Badia del Vallès,Barcelona,09,Catalunya
08905,La Palma de Cervelló,Barcelona,09,Catalunya
09001,Abajas,Burgos,07,Castilla y León
09003,Adrada de Haza,Burgos,07,Castilla y León
09006,Aguas Cándidas,Burgos,07,Castilla y León
09007,Aguilar de Bureba,Burgos,07,Castilla y León
09009,Albillos,Burgos,07,Castilla y León
09010,Alcocero de Mola,Burgos,07,Castilla y León
09011,Alfoz de Bricia,Burgos,07,Castilla y León
09012,Alfoz de Santa Gadea,Burgos,07,Castilla y León
09013,Altable,Burgos,07,Castilla y León
09014,Los Altos,Burgos,07,Castilla y León
09016,Ameyugo,Burgos,07,Castilla y León
09017,Anguix,Burgos,07,Castilla y León
09018,Aranda de Duero,Burgos,07,Castilla y León
09019,Arandilla,Burgos,07,Castilla y León
09020,Arauzo de Miel,Burgos,07,Castilla y León
09021,Arauzo de Salce,Burgos,07,Castilla y León
09022,Arauzo de Torre,Burgos,07,Castilla y León
09023,Arcos,Burgos,07,Castilla y León
09024,Arenillas de Riopisuerga,Burgos,07,Castilla y León
09025,Arija,Burgos,07,Castilla y León
09026,Arlanzón,Burgos,07,Castilla y León
09027,Arraya de Oca,Burgos,07,Castilla y León
09029,Atapuerca,Burgos,07,Castilla y León
09030,Los Ausines,Burgos,07,Castilla y León
09032,Avellanosa de Muñó,Burgos,07,Castilla y León
09033,Bahabón de Esgueva,Burgos,07,Castilla y León
09034,Los Balbases,Burgos,07,Castilla y León
09035,Baños de Valdearados,Burgos,07,Castilla y León
09036,Bañuelos de Bureba,Burgos,07,Castilla y León
09037,Barbadillo de Herreros,Burgos,07,Castilla y León
09038,Barbadillo del Mercado,Burgos,07,Castilla y León
09039,Barbadillo del Pez,Burgos,07,Castilla y León
09041,Barrio de Muñó,Burgos,07,Castilla y León
09043,Los Barrios de Bureba,Burgos,07,Castilla y León
09044,Barrios de Colina,Burgos,07,Castilla y León
09045,Basconcillos del Tozo,Burgos,07,Castilla y León
09046,Bascuñana,Burgos,07,Castilla y León
09047,Belbimbre,Burgos,07,Castilla y León
09048,Belorado,Burgos,07,Castilla y León
09050,Berberana,Burgos,07,Castilla y León
09051,Berlangas de Roa,Burgos,07,Castilla y León
09052,Berzosa de Bureba,Burgos,07,Castilla y León
09054,Bozoó,Burgos,07,Castilla y León
09055,Brazacorta,Burgos,07,Castilla y León
09056,Briviesca,Burgos,07,Castilla y León
09057,Bugedo,Burgos,07,Castilla y León
09058,Buniel,Burgos,07,Castilla y León
09059,Burgos,Burgos,07,Castilla y León
09060,Busto de Bureba,Burgos,07,Castilla y León
09061,Cabañes de Esgueva,Burgos,07,Castilla y León
09062,Cabezón de la Sierra,Burgos,07,Castilla y León
09063,Cavia,Burgos,07,Castilla y León
09064,Caleruega,Burgos,07,Castilla y León
09065,Campillo de Aranda,Burgos,07,Castilla y León
09066,Campolara,Burgos,07,Castilla y León
09067,Canicosa de la Sierra,Burgos,07,Castilla y León
09068,Cantabrana,Burgos,07,Castilla y León
09070,Carazo,Burgos,07,Castilla y León
09071,Carcedo de Bureba,Burgos,07,Castilla y León
09072,Carcedo de Burgos,Burgos,07,Castilla y León
09073,Cardeñadijo,Burgos,07,Castilla y León
09074,Cardeñajimeno,Burgos,07,Castilla y León
09075,Cardeñuela Riopico,Burgos,07,Castilla y León
09076,Carrias,Burgos,07,Castilla y León
09077,Cascajares de Bureba,Burgos,07,Castilla y León
09078,Cascajares de la Sierra,Burgos,07,Castilla y León
09079,Castellanos de Castro,Burgos,07,Castilla y León
09082,Castildelgado,Burgos,07,Castilla y León
09083,Castil de Peones,Burgos,07,Castilla y León
09084,Castrillo de la Reina,Burgos,07,Castilla y León
09085,Castrillo de la Vega,Burgos,07,Castilla y León
09086,Castrillo del Val,Burgos,07,Castilla y León
09088,Castrillo de Riopisuerga,Burgos,07,Castilla y León
09090,Castrillo Mota de Judíos,Burgos,07,Castilla y León
09091,Castrojeriz,Burgos,07,Castilla y León
09093,Cayuela,Burgos,07,Castilla y León
09094,Cebrecos,Burgos,07,Castilla y León
09095,Celada del Camino,Burgos,07,Castilla y León
09098,Cerezo de Río Tirón,Burgos,07,Castilla y León
09100,Cerratón de Juarros,Burgos,07,Castilla y León
09101,Ciadoncha,Burgos,07,Castilla y León
09102,Cillaperlata,Burgos,07,Castilla y León
09103,Cilleruelo de Abajo,Burgos,07,Castilla y León
09104,Cilleruelo de Arriba,Burgos,07,Castilla y León
09105,Ciruelos de Cervera,Burgos,07,Castilla y León
09108,Cogollos,Burgos,07,Castilla y León
09109,Condado de Treviño,Burgos,07,Castilla y León
09110,Contreras,Burgos,07,Castilla y León
09112,Coruña del Conde,Burgos,07,Castilla y León
09113,Covarrubias,Burgos,07,Castilla y León
09114,Cubillo del Campo,Burgos,07,Castilla y León
09115,Cubo de Bureba,Burgos,07,Castilla y León
09117,La Cueva de Roa,Burgos,07,Castilla y León
09119,Cuevas de San Clemente,Burgos,07,Castilla y León
09120,Encío,Burgos,07,Castilla y León
09122,Espinosa de Cervera,Burgos,07,Castilla y León
09123,Espinosa del Camino,Burgos,07,Castilla y León
09124,Espinosa de los Monteros,Burgos,07,Castilla y León
09125,Estépar,Burgos,07,Castilla y León
09127,Fontioso,Burgos,07,Castilla y León
09128,Frandovínez,Burgos,07,Castilla y León
09129,Fresneda de la Sierra Tirón,Burgos,07,Castilla y León
09130,Fresneña,Burgos,07,Castilla y León
09131,Fresnillo de las Dueñas,Burgos,07,Castilla y León
09132,Fresno de Río Tirón,Burgos,07,Castilla y León
09133,Fresno de Rodilla,Burgos,07,Castilla y León
09134,Frías,Burgos,07,Castilla y León
09135,Fuentebureba,Burgos,07,Castilla y León
09136,Fuentecén,Burgos,07,Castilla y León
09137,Fuentelcésped,Burgos,07,Castilla y León
09138,Fuentelisendo,Burgos,07,Castilla y León
09139,Fuentemolinos,Burgos,07,Castilla y León
09140,Fuentenebro,Burgos,07,Castilla y León
09141,Fuentespina,Burgos,07,Castilla y León
09143,Galbarros,Burgos,07,Castilla y León
09144,La Gallega,Burgos,07,Castilla y León
09148,Grijalba,Burgos,07,Castilla y León
09149,Grisaleña,Burgos,07,Castilla y León
09151,Gumiel de Izán,Burgos,07,Castilla y León
09152,Gumiel de Mercado,Burgos,07,Castilla y León
09154,Hacinas,Burgos,07,Castilla y León
09155,Haza,Burgos,07,Castilla y León
09159,Hontanas,Burgos,07,Castilla y León
09160,Hontangas,Burgos,07,Castilla y León
09162,Hontoria de la Cantera,Burgos,07,Castilla y León
09163,Hontoria del Pinar,Burgos,07,Castilla y León
09164,Hontoria de Valdearados,Burgos,07,Castilla y León
09166,Las Hormazas,Burgos,07,Castilla y León
09167,Hornillos del Camino,Burgos,07,Castilla y León
09168,La Horra,Burgos,07,Castilla y León
09169,Hortigüela,Burgos,07,Castilla y León
09170,Hoyales de Roa,Burgos,07,Castilla y León
09172,Huérmeces,Burgos,07,Castilla y León
09173,Huerta de Arriba,Burgos,07,Castilla y León
09174,Huerta de Rey,Burgos,07,Castilla y León
09175,Humada,Burgos,07,Castilla y León
09176,Hurones,Burgos,07,Castilla y León
09177,Ibeas de Juarros,Burgos,07,Castilla y León
09178,Ibrillos,Burgos,07,Castilla y León
09179,Iglesiarrubia,Burgos,07,Castilla y León
09180,Iglesias,Burgos,07,Castilla y León
09181,Isar,Burgos,07,Castilla y León
09182,Itero del Castillo,Burgos,07,Castilla y León
09183,Jaramillo de la Fuente,Burgos,07,Castilla y León
09184,Jaramillo Quemado,Burgos,07,Castilla y León
09189,Junta de Traslaloma,Burgos,07,Castilla y León
09190,Junta de Villalba de Losa,Burgos,07,Castilla y León
09191,Jurisdicción de Lara,Burgos,07,Castilla y León
09192,Jurisdicción de San Zadornil,Burgos,07,Castilla y León
09194,Lerma,Burgos,07,Castilla y León
09195,Llano de Bureba,Burgos,07,Castilla y León
09196,Madrigal del Monte,Burgos,07,Castilla y León
09197,Madrigalejo del Monte,Burgos,07,Castilla y León
09198,Mahamud,Burgos,07,Castilla y León
09199,Mambrilla de Castrejón,Burgos,07,Castilla y León
09200,Mambrillas de Lara,Burgos,07,Castilla y León
09201,Mamolar,Burgos,07,Castilla y León
09202,Manciles,Burgos,07,Castilla y León
09206,Mazuela,Burgos,07,Castilla y León
09208,Mecerreyes,Burgos,07,Castilla y León
09209,Medina de Pomar,Burgos,07,Castilla y León
09211,Melgar de Fernamental,Burgos,07,Castilla y León
09213,Merindad de Cuesta-Urria,Burgos,07,Castilla y León
09214,Merindad de Montija,Burgos,07,Castilla y León
09215,Merindad de Sotoscueva,Burgos,07,Castilla y León
09216,Merindad de Valdeporres,Burgos,07,Castilla y León
09217,Merindad de Valdivielso,Burgos,07,Castilla y León
09218,Milagros,Burgos,07,Castilla y León
09219,Miranda de Ebro,Burgos,07,Castilla y León
09220,Miraveche,Burgos,07,Castilla y León
09221,Modúbar de la Emparedada,Burgos,07,Castilla y León
09223,Monasterio de la Sierra,Burgos,07,Castilla y León
09224,Monasterio de Rodilla,Burgos,07,Castilla y León
09225,Moncalvillo,Burgos,07,Castilla y León
09226,Monterrubio de la Demanda,Burgos,07,Castilla y León
09227,Montorio,Burgos,07,Castilla y León
09228,Moradillo de Roa,Burgos,07,Castilla y León
09229,Nava de Roa,Burgos,07,Castilla y León
09230,Navas de Bureba,Burgos,07,Castilla y León
09231,Nebreda,Burgos,07,Castilla y León
09232,Neila,Burgos,07,Castilla y León
09235,Olmedillo de Roa,Burgos,07,Castilla y León
09236,Olmillos de Muñó,Burgos,07,Castilla y León
09238,Oña,Burgos,07,Castilla y León
09239,Oquillas,Burgos,07,Castilla y León
09241,Orbaneja Riopico,Burgos,07,Castilla y León
09242,Padilla de Abajo,Burgos,07,Castilla y León
09243,Padilla de Arriba,Burgos,07,Castilla y León
09244,Padrones de Bureba,Burgos,07,Castilla y León
09246,Palacios de la Sierra,Burgos,07,Castilla y León
09247,Palacios de Riopisuerga,Burgos,07,Castilla y León
09248,Palazuelos de la Sierra,Burgos,07,Castilla y León
09249,Palazuelos de Muñó,Burgos,07,Castilla y León
09250,Pampliega,Burgos,07,Castilla y León
09251,Pancorbo,Burgos,07,Castilla y León
09253,Pardilla,Burgos,07,Castilla y León
09255,Partido de la Sierra en Tobalina,Burgos,07,Castilla y León
09256,Pedrosa de Duero,Burgos,07,Castilla y León
09257,Pedrosa del Páramo,Burgos,07,Castilla y León
09258,Pedrosa del Príncipe,Burgos,07,Castilla y León
09259,Pedrosa de Río Úrbel,Burgos,07,Castilla y León
09261,Peñaranda de Duero,Burgos,07,Castilla y León
09262,Peral de Arlanza,Burgos,07,Castilla y León
09265,Piérnigas,Burgos,07,Castilla y León
09266,Pineda de la Sierra,Burgos,07,Castilla y León
09267,Pineda Trasmonte,Burgos,07,Castilla y León
09268,Pinilla de los Barruecos,Burgos,07,Castilla y León
09269,Pinilla de los Moros,Burgos,07,Castilla y León
09270,Pinilla Trasmonte,Burgos,07,Castilla y León
09272,Poza de la Sal,Burgos,07,Castilla y León
09273,Prádanos de Bureba,Burgos,07,Castilla y León
09274,Pradoluengo,Burgos,07,Castilla y León
09275,Presencio,Burgos,07,Castilla y León
09276,La Puebla de Arganzón,Burgos,07,Castilla y León
09277,Puentedura,Burgos,07,Castilla y León
09279,Quemada,Burgos,07,Castilla y León
09280,Quintanabureba,Burgos,07,Castilla y León
09281,Quintana del Pidio,Burgos,07,Castilla y León
09283,Quintanaélez,Burgos,07,Castilla y León
09287,Quintanaortuño,Burgos,07,Castilla y León
09288,Quintanapalla,Burgos,07,Castilla y León
09289,Quintanar de la Sierra,Burgos,07,Castilla y León
09292,Quintanavides,Burgos,07,Castilla y León
09294,Quintanilla de la Mata,Burgos,07,Castilla y León
09295,Quintanilla del Coco,Burgos,07,Castilla y León
09297,Las Quintanillas,Burgos,07,Castilla y León
09298,Quintanilla San García,Burgos,07,Castilla y León
09301,Quintanilla Vivar,Burgos,07,Castilla y León
09302,Rabanera del Pinar,Burgos,07,Castilla y León
09303,Rábanos,Burgos,07,Castilla y León
09304,Rabé de las Calzadas,Burgos,07,Castilla y León
09306,Rebolledo de la Torre,Burgos,07,Castilla y León
09307,Redecilla del Camino,Burgos,07,Castilla y León
09308,Redecilla del Campo,Burgos,07,Castilla y León
09309,Regumiel de la Sierra,Burgos,07,Castilla y León
09310,Reinoso,Burgos,07,Castilla y León
09311,Retuerta,Burgos,07,Castilla y León
09312,La Revilla y Ahedo,Burgos,07,Castilla y León
09314,Revilla del Campo,Burgos,07,Castilla y León
09315,Revillarruz,Burgos,07,Castilla y León
09316,Revilla Vallejera,Burgos,07,Castilla y León
09317,Rezmondo,Burgos,07,Castilla y León
09318,Riocavado de la Sierra,Burgos,07,Castilla y León
09321,Roa,Burgos,07,Castilla y León
09323,Rojas,Burgos,07,Castilla y León
09325,Royuela de Río Franco,Burgos,07,Castilla y León
09326,Rubena,Burgos,07,Castilla y León
09327,Rublacedo de Abajo,Burgos,07,Castilla y León
09328,Rucandio,Burgos,07,Castilla y León
09329,Salas de Bureba,Burgos,07,Castilla y León
09330,Salas de los Infantes,Burgos,07,Castilla y León
09332,Saldaña de Burgos,Burgos,07,Castilla y León
09334,Salinillas de Bureba,Burgos,07,Castilla y León
09335,San Adrián de Juarros,Burgos,07,Castilla y León
09337,San Juan del Monte,Burgos,07,Castilla y León
09338,San Mamés de Burgos,Burgos,07,Castilla y León
09339,San Martín de Rubiales,Burgos,07,Castilla y León
09340,San Millán de Lara,Burgos,07,Castilla y León
09343,Santa Cecilia,Burgos,07,Castilla y León
09345,Santa Cruz de la Salceda,Burgos,07,Castilla y León
09346,Santa Cruz del Valle Urbión,Burgos,07,Castilla y León
09347,Santa Gadea del Cid,Burgos,07,Castilla y León
09348,Santa Inés,Burgos,07,Castilla y León
09350,Santa María del Campo,Burgos,07,Castilla y León
09351,Santa María del Invierno,Burgos,07,Castilla y León
09352,Santa María del Mercadillo,Burgos,07,Castilla y León
09353,Santa María Ribarredonda,Burgos,07,Castilla y León
09354,Santa Olalla de Bureba,Burgos,07,Castilla y León
09355,Santibáñez de Esgueva,Burgos,07,Castilla y León
09356,Santibáñez del Val,Burgos,07,Castilla y León
09358,Santo Domingo de Silos,Burgos,07,Castilla y León
09360,San Vicente del Valle,Burgos,07,Castilla y León
09361,Sargentes de la Lora,Burgos,07,Castilla y León
09362,Sarracín,Burgos,07,Castilla y León
09363,Sasamón,Burgos,07,Castilla y León
09365,La Sequera de Haza,Burgos,07,Castilla y León
09366,Solarana,Burgos,07,Castilla y León
09368,Sordillos,Burgos,07,Castilla y León
09369,Sotillo de la Ribera,Burgos,07,Castilla y León
09372,Sotragero,Burgos,07,Castilla y León
09373,Sotresgudo,Burgos,07,Castilla y León
09374,Susinos del Páramo,Burgos,07,Castilla y León
09375,Tamarón,Burgos,07,Castilla y León
09377,Tardajos,Burgos,07,Castilla y León
09378,Tejada,Burgos,07,Castilla y León
09380,Terradillos de Esgueva,Burgos,07,Castilla y León
09381,Tinieblas de la Sierra,Burgos,07,Castilla y León
09382,Tobar,Burgos,07,Castilla y León
09384,Tordómar,Burgos,07,Castilla y León
09386,Torrecilla del Monte,Burgos,07,Castilla y León
09387,Torregalindo,Burgos,07,Castilla y León
09388,Torrelara,Burgos,07,Castilla y León
09389,Torrepadre,Burgos,07,Castilla y León
09390,Torresandino,Burgos,07,Castilla y León
09391,Tórtoles de Esgueva,Burgos,07,Castilla y León
09392,Tosantos,Burgos,07,Castilla y León
09394,Trespaderne,Burgos,07,Castilla y León
09395,Tubilla del Agua,Burgos,07,Castilla y León
09396,Tubilla del Lago,Burgos,07,Castilla y León
09398,Úrbel del Castillo,Burgos,07,Castilla y León
09400,Vadocondes,Burgos,07,Castilla y León
09403,Valdeande,Burgos,07,Castilla y León
09405,Valdezate,Burgos,07,Castilla y León
09406,Valdorros,Burgos,07,Castilla y León
09407,Valmala,Burgos,07,Castilla y León
09408,Vallarta de Bureba,Burgos,07,Castilla y León
09409,Valle de Manzanedo,Burgos,07,Castilla y León
09410,Valle de Mena,Burgos,07,Castilla y León
09411,Valle de Oca,Burgos,07,Castilla y León
09412,Valle de Tobalina,Burgos,07,Castilla y León
09413,Valle de Valdebezana,Burgos,07,Castilla y León
09414,Valle de Valdelaguna,Burgos,07,Castilla y León
09415,Valle de Valdelucio,Burgos,07,Castilla y León
09416,Valle de Zamanzas,Burgos,07,Castilla y León
09417,Vallejera,Burgos,07,Castilla y León
09418,Valles de Palenzuela,Burgos,07,Castilla y León
09419,Valluércanes,Burgos,07,Castilla y León
09421,La Vid y Barrios,Burgos,07,Castilla y León
09422,La Vid de Bureba,Burgos,07,Castilla y León
09423,Vileña,Burgos,07,Castilla y León
09424,Viloria de Rioja,Burgos,07,Castilla y León
09425,Vilviestre del Pinar,Burgos,07,Castilla y León
09427,Villadiego,Burgos,07,Castilla y León
09428,Villaescusa de Roa,Burgos,07,Castilla y León
09429,Villaescusa la Sombría,Burgos,07,Castilla y León
09430,Villaespasa,Burgos,07,Castilla y León
09431,Villafranca Montes de Oca,Burgos,07,Castilla y León
09432,Villafruela,Burgos,07,Castilla y León
09433,Villagalijo,Burgos,07,Castilla y León
09434,Villagonzalo Pedernales,Burgos,07,Castilla y León
09437,Villahoz,Burgos,07,Castilla y León
09438,Villalba de Duero,Burgos,07,Castilla y León
09439,Villalbilla de Burgos,Burgos,07,Castilla y León
09440,Villalbilla de Gumiel,Burgos,07,Castilla y León
09441,Villaldemiro,Burgos,07,Castilla y León
09442,Villalmanzo,Burgos,07,Castilla y León
09443,Villamayor de los Montes,Burgos,07,Castilla y León
09444,Villamayor de Treviño,Burgos,07,Castilla y León
09445,Villambistia,Burgos,07,Castilla y León
09446,Villamedianilla,Burgos,07,Castilla y León
09447,Villamiel de la Sierra,Burgos,07,Castilla y León
09448,Villangómez,Burgos,07,Castilla y León
09449,Villanueva de Argaño,Burgos,07,Castilla y León
09450,Villanueva de Carazo,Burgos,07,Castilla y León
09451,Villanueva de Gumiel,Burgos,07,Castilla y León
09454,Villanueva de Teba,Burgos,07,Castilla y León
09455,Villaquirán de la Puebla,Burgos,07,Castilla y León
09456,Villaquirán de los Infantes,Burgos,07,Castilla y León
09458,Villariezo,Burgos,07,Castilla y León
09460,Villasandino,Burgos,07,Castilla y León
09463,Villasur de Herreros,Burgos,07,Castilla y León
09464,Villatuelda,Burgos,07,Castilla y León
09466,Villaverde del Monte,Burgos,07,Castilla y León
09467,Villaverde-Mogina,Burgos,07,Castilla y León
09471,Villayerno Morquillas,Burgos,07,Castilla y León
09472,Villazopeque,Burgos,07,Castilla y León
09473,Villegas,Burgos,07,Castilla y León
09476,Villoruebo,Burgos,07,Castilla y León
09478,Vizcaínos,Burgos,07,Castilla y León
09480,Zael,Burgos,07,Castilla y León
09482,Zarzosa de Río Pisuerga,Burgos,07,Castilla y León
09483,Zazuar,Burgos,07,Castilla y León
09485,Zuñeda,Burgos,07,Castilla y León
09901,Quintanilla del Agua y Tordueles,Burgos,07,Castilla y León
09902,Valle de Santibáñez,Burgos,07,Castilla y León
09903,Villarcayo de Merindad de Castilla la Vieja,Burgos,07,Castilla y León
09904,Valle de las Navas,Burgos,07,Castilla y León
09905,Valle de Sedano,Burgos,07,Castilla y León
09906,Merindad de Río Ubierna,Burgos,07,Castilla y León
09907,Alfoz de Quintanadueñas,Burgos,07,Castilla y León
09908,Valle de Losa,Burgos,07,Castilla y León
10001,Abadía,Cáceres,11,Extremadura
10002,Abertura,Cáceres,11,Extremadura
10003,Acebo,Cáceres,11,Extremadura
10004,Acehúche,Cáceres,11,Extremadura
10005,Aceituna,Cáceres,11,Extremadura
10006,Ahigal,Cáceres,11,Extremadura
10007,Albalá,Cáceres,11,Extremadura
10008,Alcántara,Cáceres,11,Extremadura
10009,Alcollarín,Cáceres,11,Extremadura
10010,Alcuéscar,Cáceres,11,Extremadura
10011,Aldeacentenera,Cáceres,11,Extremadura
10012,Aldea del Cano,Cáceres,11,Extremadura
10013,La Aldea del Obispo,Cáceres,11,Extremadura
10014,Aldeanueva de la Vera,Cáceres,11,Extremadura
10015,Aldeanueva del Camino,Cáceres,11,Extremadura
10016,Aldehuela del Jerte,Cáceres,11,Extremadura
10017,Alía,Cáceres,11,Extremadura
10018,Aliseda,Cáceres,11,Extremadura
10019,Almaraz,Cáceres,11,Extremadura
10020,Almoharín,Cáceres,11,Extremadura
10021,Arroyo de la Luz,Cáceres,11,Extremadura
10022,Arroyomolinos de la Vera,Cáceres,11,Extremadura
10023,Arroyomolinos,Cáceres,11,Extremadura
10024,Baños de Montemayor,Cáceres,11,Extremadura
10025,Barrado,Cáceres,11,Extremadura
10026,Belvís de Monroy,Cáceres,11,Extremadura
10027,Benquerencia,Cáceres,11,Extremadura
10028,Berrocalejo,Cáceres,11,Extremadura
10029,Berzocana,Cáceres,11,Extremadura
10030,Bohonal de Ibor,Cáceres,11,Extremadura
10031,Botija,Cáceres,11,Extremadura
10032,Brozas,Cáceres,11,Extremadura
10033,Cabañas del Castillo,Cáceres,11,Extremadura
10034,Cabezabellosa,Cáceres,11,Extremadura
10035,Cabezuela del Valle,Cáceres,11,Extremadura
10036,Cabrero,Cáceres,11,Extremadura
10037,Cáceres,Cáceres,11,Extremadura
10038,Cachorrilla,Cáceres,11,Extremadura
10039,Cadalso,Cáceres,11,Extremadura
10040,Calzadilla,Cáceres,11,Extremadura
10041,Caminomorisco,Cáceres,11,Extremadura
10042,Campillo de Deleitosa,Cáceres,11,Extremadura
10043,Campo Lugar,Cáceres,11,Extremadura
10044,Cañamero,Cáceres,11,Extremadura
10045,Cañaveral,Cáceres,11,Extremadura
10046,Carbajo,Cáceres,11,Extremadura
10047,Carcaboso,Cáceres,11,Extremadura
10048,Carrascalejo,Cáceres,11,Extremadura
10049,Casar de Cáceres,Cáceres,11,Extremadura
10050,Casar de Palomero,Cáceres,11,Extremadura
10051,Casares de las Hurdes,Cáceres,11,Extremadura
10052,Casas de Don Antonio,Cáceres,11,Extremadura
10053,Casas de Don Gómez,Cáceres,11,Extremadura
10054,Casas del Castañar,Cáceres,11,Extremadura
10055,Casas del Monte,Cáceres,11,Extremadura
10056,Casas de Millán,Cáceres,11,Extremadura
10057,Casas de Miravete,Cáceres,11,Extremadura
10058,Casatejada,Cáceres,11,Extremadura
10059,Casillas de Coria,Cáceres,11,Extremadura
10060,Castañar de Ibor,Cáceres,11,Extremadura
10061,Ceclavín,Cáceres,11,Extremadura
10062,Cedillo,Cáceres,11,Extremadura
10063,Cerezo,Cáceres,11,Extremadura
10064,Cilleros,Cáceres,11,Extremadura
10065,Collado de la Vera,Cáceres,11,Extremadura
10066,Conquista de la Sierra,Cáceres,11,Extremadura
10067,Coria,Cáceres,11,Extremadura
10068,Cuacos de Yuste,Cáceres,11,Extremadura
10069,La Cumbre,Cáceres,11,Extremadura
10070,Deleitosa,Cáceres,11,Extremadura
10071,Descargamaría,Cáceres,11,Extremadura
10072,Eljas,Cáceres,11,Extremadura
10073,Escurial,Cáceres,11,Extremadura
10075,Fresnedoso de Ibor,Cáceres,11,Extremadura
10076,Galisteo,Cáceres,11,Extremadura
10077,Garciaz,Cáceres,11,Extremadura
10078,La Garganta,Cáceres,11,Extremadura
10079,Garganta la Olla,Cáceres,11,Extremadura
10080,Gargantilla,Cáceres,11,Extremadura
10081,Gargüera,Cáceres,11,Extremadura
10082,Garrovillas de Alconétar,Cáceres,11,Extremadura
10083,Garvín,Cáceres,11,Extremadura
10084,Gata,Cáceres,11,Extremadura
10085,El Gordo,Cáceres,11,Extremadura
10086,La Granja,Cáceres,11,Extremadura
10087,Guadalupe,Cáceres,11,Extremadura
10088,Guijo de Coria,Cáceres,11,Extremadura
10089,Guijo de Galisteo,Cáceres,11,Extremadura
10090,Guijo de Granadilla,Cáceres,11,Extremadura
10091,Guijo de Santa Bárbara,Cáceres,11,Extremadura
10092,Herguijuela,Cáceres,11,Extremadura
10093,Hernán-Pérez,Cáceres,11,Extremadura
10094,Herrera de Alcántara,Cáceres,11,Extremadura
10095,Herreruela,Cáceres,11,Extremadura
10096,Hervás,Cáceres,11,Extremadura
10097,Higuera de Albalat,Cáceres,11,Extremadura
10098,Hinojal,Cáceres,11,Extremadura
10099,Holguera,Cáceres,11,Extremadura
10100,Hoyos,Cáceres,11,Extremadura
10101,Huélaga,Cáceres,11,Extremadura
10102,Ibahernando,Cáceres,11,Extremadura
10103,Jaraicejo,Cáceres,11,Extremadura
10104,Jaraíz de la Vera,Cáceres,11,Extremadura
10105,Jarandilla de la Vera,Cáceres,11,Extremadura
10106,Jarilla,Cáceres,11,Extremadura
10107,Jerte,Cáceres,11,Extremadura
10108,Ladrillar,Cáceres,11,Extremadura
10109,Logrosán,Cáceres,11,Extremadura
10110,Losar de la Vera,Cáceres,11,Extremadura
10111,Madrigal de la Vera,Cáceres,11,Extremadura
10112,Madrigalejo,Cáceres,11,Extremadura
10113,Madroñera,Cáceres,11,Extremadura
10114,Majadas,Cáceres,11,Extremadura
10115,Malpartida de Cáceres,Cáceres,11,Extremadura
10116,Malpartida de Plasencia,Cáceres,11,Extremadura
10117,Marchagaz,Cáceres,11,Extremadura
10118,Mata de Alcántara,Cáceres,11,Extremadura
10119,Membrío,Cáceres,11,Extremadura
10120,Mesas de Ibor,Cáceres,11,Extremadura
10121,Miajadas,Cáceres,11,Extremadura
10122,Millanes,Cáceres,11,Extremadura
10123,Mirabel,Cáceres,11,Extremadura
10124,Mohedas de Granadilla,Cáceres,11,Extremadura
10125,Monroy,Cáceres,11,Extremadura
10126,Montánchez,Cáceres,11,Extremadura
10127,Montehermoso,Cáceres,11,Extremadura
10128,Moraleja,Cáceres,11,Extremadura
10129,Morcillo,Cáceres,11,Extremadura
10130,Navaconcejo,Cáceres,11,Extremadura
10131,Navalmoral de la Mata,Cáceres,11,Extremadura
10132,Navalvillar de Ibor,Cáceres,11,Extremadura
10133,Navas del Madroño,Cáceres,11,Extremadura
10134,Navezuelas,Cáceres,11,Extremadura
10135,Nuñomoral,Cáceres,11,Extremadura
10136,Oliva de Plasencia,Cáceres,11,Extremadura
10137,Palomero,Cáceres,11,Extremadura
10138,Pasarón de la Vera,Cáceres,11,Extremadura
10139,Pedroso de Acim,Cáceres,11,Extremadura
10140,Peraleda de la Mata,Cáceres,11,Extremadura
10141,Peraleda de San Román,Cáceres,11,Extremadura
10142,Perales del Puerto,Cáceres,11,Extremadura
10143,Pescueza,Cáceres,11,Extremadura
10144,La Pesga,Cáceres,11,Extremadura
10145,Piedras Albas,Cáceres,11,Extremadura
10146,Pinofranqueado,Cáceres,11,Extremadura
10147,Piornal,Cáceres,11,Extremadura
10148,Plasencia,Cáceres,11,Extremadura
10149,Plasenzuela,Cáceres,11,Extremadura
10150,Portaje,Cáceres,11,Extremadura
10151,Portezuelo,Cáceres,11,Extremadura
10152,Pozuelo de Zarzón,Cáceres,11,Extremadura
10153,Puerto de Santa Cruz,Cáceres,11,Extremadura
10154,Rebollar,Cáceres,11,Extremadura
10155,Riolobos,Cáceres,11,Extremadura
10156,Robledillo de Gata,Cáceres,11,Extremadura
10157,Robledillo de la Vera,Cáceres,11,Extremadura
10158,Robledillo de Trujillo,Cáceres,11,Extremadura
10159,Robledollano,Cáceres,11,Extremadura
10160,Romangordo,Cáceres,11,Extremadura
10161,Ruanes,Cáceres,11,Extremadura
10162,Salorino,Cáceres,11,Extremadura
10163,Salvatierra de Santiago,Cáceres,11,Extremadura
10164,San Martín de Trevejo,Cáceres,11,Extremadura
10165,Santa Ana,Cáceres,11,Extremadura
10166,Santa Cruz de la Sierra,Cáceres,11,Extremadura
10167,Santa Cruz de Paniagua,Cáceres,11,Extremadura
10168,Santa Marta de Magasca,Cáceres,11,Extremadura
10169,Santiago de Alcántara,Cáceres,11,Extremadura
10170,Santiago del Campo,Cáceres,11,Extremadura
10171,Santibáñez el Alto,Cáceres,11,Extremadura
10172,Santibáñez el Bajo,Cáceres,11,Extremadura
10173,Saucedilla,Cáceres,11,Extremadura
10174,Segura de Toro,Cáceres,11,Extremadura
10175,Serradilla,Cáceres,11,Extremadura
10176,Serrejón,Cáceres,11,Extremadura
10177,Sierra de Fuentes,Cáceres,11,Extremadura
10178,Talaván,Cáceres,11,Extremadura
10179,Talaveruela de la Vera,Cáceres,11,Extremadura
10180,Talayuela,Cáceres,11,Extremadura
10181,Tejeda de Tiétar,Cáceres,11,Extremadura
10182,Toril,Cáceres,11,Extremadura
10183,Tornavacas,Cáceres,11,Extremadura
10184,El Torno,Cáceres,11,Extremadura
10185,Torrecilla de los Ángeles,Cáceres,11,Extremadura
10186,Torrecillas de la Tiesa,Cáceres,11,Extremadura
10187,Torre de Don Miguel,Cáceres,11,Extremadura
10188,Torre de Santa María,Cáceres,11,Extremadura
10189,Torrejoncillo,Cáceres,11,Extremadura
10190,Torrejón el Rubio,Cáceres,11,Extremadura
10191,Torremenga,Cáceres,11,Extremadura
10192,Torremocha,Cáceres,11,Extremadura
10193,Torreorgaz,Cáceres,11,Extremadura
10194,Torrequemada,Cáceres,11,Extremadura
10195,Trujillo,Cáceres,11,Extremadura
10196,Valdastillas,Cáceres,11,Extremadura
10197,Valdecañas de Tajo,Cáceres,11,Extremadura
10198,Valdefuentes,Cáceres,11,Extremadura
10199,Valdehúncar,Cáceres,11,Extremadura
10200,Valdelacasa de Tajo,Cáceres,11,Extremadura
10201,Valdemorales,Cáceres,11,Extremadura
10202,Valdeobispo,Cáceres,11,Extremadura
10203,Valencia de Alcántara,Cáceres,11,Extremadura
10204,Valverde de la Vera,Cáceres,11,Extremadura
10205,Valverde del Fresno,Cáceres,11,Extremadura
10206,Viandar de la Vera,Cáceres,11,Extremadura
10207,Villa del Campo,Cáceres,11,Extremadura
10208,Villa del Rey,Cáceres,11,Extremadura
10209,Villamesías,Cáceres,11,Extremadura
10210,Villamiel,Cáceres,11,Extremadura
10211,Villanueva de la Sierra,Cáceres,11,Extremadura
10212,Villanueva de la Vera,Cáceres,11,Extremadura
10213,Villar del Pedroso,Cáceres,11,Extremadura
10214,Villar de Plasencia,Cáceres,11,Extremadura
10215,Villasbuenas de Gata,Cáceres,11,Extremadura
10216,Zarza de Granadilla,Cáceres,11,Extremadura
10217,Zarza de Montánchez,Cáceres,11,Extremadura
10218,Zarza la Mayor,Cáceres,11,Extremadura
10219,Zorita,Cáceres,11,Extremadura
10901,Rosalejo,Cáceres,11,Extremadura
10902,Vegaviana,Cáceres,11,Extremadura
10903,Alagón del Río,Cáceres,11,Extremadura
10904,Tiétar,Cáceres,11,Extremadura
10905,Pueblonuevo de Miramontes,Cáceres,11,Extremadura
11001,Alcalá de los Gazules,Cádiz,01,Andalucía
11002,Alcalá del Valle,Cádiz,01,Andalucía
11003,Algar,Cádiz,01,Andalucía
11004,Algeciras,Cádiz,01,Andalucía
11005,Algodonales,Cádiz,01,Andalucía
11006,Arcos de la Frontera,Cádiz,01,Andalucía
11007,Barbate,Cádiz,01,Andalucía
11008,Los Barrios,Cádiz,01,Andalucía
11009,Benaocaz,Cádiz,01,Andalucía
11010,Bornos,Cádiz,01,Andalucía
11011,El Bosque,Cádiz,01,Andalucía
11012,Cádiz,Cádiz,01,Andalucía
11013,Castellar de la Frontera,Cádiz,01,Andalucía
11014,Conil de la Frontera,Cádiz,01,Andalucía
11015,Chiclana de la Frontera,Cádiz,01,Andalucía
11016,Chipiona,Cádiz,01,Andalucía
11017,Espera,Cádiz,01,Andalucía
11018,El Gastor,Cádiz,01,Andalucía
11019,Grazalema,Cádiz,01,Andalucía
11020,Jerez de la Frontera,Cádiz,01,Andalucía
11021,Jimena de la Frontera,Cádiz,01,Andalucía
11022,La Línea de la Concepción,Cádiz,01,Andalucía
11023,Medina Sidonia,Cádiz,01,Andalucía
11024,Olvera,Cádiz,01,Andalucía
11025,Paterna de Rivera,Cádiz,01,Andalucía
11026,Prado del Rey,Cádiz,01,Andalucía
11027,El Puerto de Santa María,Cádiz,01,Andalucía
11028,Puerto Real,Cádiz,01,Andalucía
11029,Puerto Serrano,Cádiz,01,Andalucía
11030,Rota,Cádiz,01,Andalucía
11031,San Fernando,Cádiz,01,Andalucía
11032,Sanlúcar de Barrameda,Cádiz,01,Andalucía
11033,San Roque,Cádiz,01,Andalucía
11034,Setenil de las Bodegas,Cádiz,01,Andalucía
11035,Tarifa,Cádiz,01,Andalucía
11036,Torre Alháquime,Cádiz,01,Andalucía
11037,Trebujena,Cádiz,01,Andalucía
11038,Ubrique,Cádiz,01,Andalucía
11039,Vejer de la Frontera,Cádiz,01,Andalucía
11040,Villaluenga del Rosario,Cádiz,01,Andalucía
11041,Villamartín,Cádiz,01,Andalucía
11042,Zahara,Cádiz,01,Andalucía
11901,Benalup-Casas Viejas,Cádiz,01,Andalucía
11902,San José del Valle,Cádiz,01,Andalucía
11903,San Martín del Tesorillo,Cádiz,01,Andalucía
12001,Atzeneta del Maestrat,Castellón/Castelló,10,Comunitat Valenciana
12002,Aín,Castellón/Castelló,10,Comunitat Valenciana
12003,Albocàsser,Castellón/Castelló,10,Comunitat Valenciana
12004,Alcalà de Xivert,Castellón/Castelló,10,Comunitat Valenciana
12005,"Alcora, l'",Castellón/Castelló,10,Comunitat Valenciana
12006,Alcudia de Veo,Castellón/Castelló,10,Comunitat Valenciana
12007,Alfondeguilla,Castellón/Castelló,10,Comunitat Valenciana
12008,Algimia de Almonacid,Castellón/Castelló,10,Comunitat Valenciana
12009,Almassora,Castellón/Castelló,10,Comunitat Valenciana
12010,Almedíjar,Castellón/Castelló,10,Comunitat Valenciana
12011,Almenara,Castellón/Castelló,10,Comunitat Valenciana
12012,Altura,Castellón/Castelló,10,Comunitat Valenciana
12013,Arañuel,Castellón/Castelló,10,Comunitat Valenciana
12014,Ares del Maestrat,Castellón/Castelló,10,Comunitat Valenciana
12015,Argelita,Castellón/Castelló,10,Comunitat Valenciana
12016,Artana,Castellón/Castelló,10,Comunitat Valenciana
12017,Ayódar,Castellón/Castelló,10,Comunitat Valenciana
12018,Azuébar,Castellón/Castelló,10,Comunitat Valenciana
12020,Barracas,Castellón/Castelló,10,Comunitat Valenciana
12021,Betxí,Castellón/Castelló,10,Comunitat Valenciana
12022,Bejís,Castellón/Castelló,10,Comunitat Valenciana
12024,Benafer,Castellón/Castelló,10,Comunitat Valenciana
12025,Benafigos,Castellón/Castelló,10,Comunitat Valenciana
12026,Benassal,Castellón/Castelló,10,Comunitat Valenciana
12027,Benicarló,Castellón/Castelló,10,Comunitat Valenciana
12028,Benicàssim/Benicasim,Castellón/Castelló,10,Comunitat Valenciana
12029,Benlloc,Castellón/Castelló,10,Comunitat Valenciana
12031,Borriol,Castellón/Castelló,10,Comunitat Valenciana
12032,Borriana/Burriana,Castellón/Castelló,10,Comunitat Valenciana
12033,Cabanes,Castellón/Castelló,10,Comunitat Valenciana
12034,Càlig,Castellón/Castelló,10,Comunitat Valenciana
12036,Canet lo Roig,Castellón/Castelló,10,Comunitat Valenciana
12037,Castell de Cabres,Castellón/Castelló,10,Comunitat Valenciana
12038,Castellfort,Castellón/Castelló,10,Comunitat Valenciana
12039,Castellnovo,Castellón/Castelló,10,Comunitat Valenciana
12040,Castelló de la Plana/Castellón de la Plana,Castellón/Castelló,10,Comunitat Valenciana
12041,Castillo de Villamalefa,Castellón/Castelló,10,Comunitat Valenciana
12042,Catí,Castellón/Castelló,10,Comunitat Valenciana
12043,Caudiel,Castellón/Castelló,10,Comunitat Valenciana
12044,Cervera del Maestre,Castellón/Castelló,10,Comunitat Valenciana
12045,Cinctorres,Castellón/Castelló,10,Comunitat Valenciana
12046,Cirat,Castellón/Castelló,10,Comunitat Valenciana
12048,Cortes de Arenoso,Castellón/Castelló,10,Comunitat Valenciana
12049,Costur,Castellón/Castelló,10,Comunitat Valenciana
12050,"Coves de Vinromà, les",Castellón/Castelló,10,Comunitat Valenciana
12051,Culla,Castellón/Castelló,10,Comunitat Valenciana
12052,Xert,Castellón/Castelló,10,Comunitat Valenciana
12053,Chilches/Xilxes,Castellón/Castelló,10,Comunitat Valenciana
12055,Xodos/Chodos,Castellón/Castelló,10,Comunitat Valenciana
12056,Chóvar,Castellón/Castelló,10,Comunitat Valenciana
12057,Eslida,Castellón/Castelló,10,Comunitat Valenciana
12058,Espadilla,Castellón/Castelló,10,Comunitat Valenciana
12059,Fanzara,Castellón/Castelló,10,Comunitat Valenciana
12060,Figueroles,Castellón/Castelló,10,Comunitat Valenciana
12061,Forcall,Castellón/Castelló,10,Comunitat Valenciana
12063,Fuente la Reina,Castellón/Castelló,10,Comunitat Valenciana
12064,Fuentes de Ayódar,Castellón/Castelló,10,Comunitat Valenciana
12065,Gaibiel,Castellón/Castelló,10,Comunitat Valenciana
12067,Geldo,Castellón/Castelló,10,Comunitat Valenciana
12068,Herbers,Castellón/Castelló,10,Comunitat Valenciana
12069,Higueras,Castellón/Castelló,10,Comunitat Valenciana
12070,"Jana, la",Castellón/Castelló,10,Comunitat Valenciana
12071,Jérica,Castellón/Castelló,10,Comunitat Valenciana
12072,Llucena/Lucena del Cid,Castellón/Castelló,10,Comunitat Valenciana
12073,Ludiente,Castellón/Castelló,10,Comunitat Valenciana
12074,"Llosa, la",Castellón/Castelló,10,Comunitat Valenciana
12075,"Mata de Morella, la",Castellón/Castelló,10,Comunitat Valenciana
12076,Matet,Castellón/Castelló,10,Comunitat Valenciana
12077,Moncofa,Castellón/Castelló,10,Comunitat Valenciana
12078,Montán,Castellón/Castelló,10,Comunitat Valenciana
12079,Montanejos,Castellón/Castelló,10,Comunitat Valenciana
12080,Morella,Castellón/Castelló,10,Comunitat Valenciana
12081,Navajas,Castellón/Castelló,10,Comunitat Valenciana
12082,Nules,Castellón/Castelló,10,Comunitat Valenciana
12083,Olocau del Rey,Castellón/Castelló,10,Comunitat Valenciana
12084,Onda,Castellón/Castelló,10,Comunitat Valenciana
12085,Orpesa/Oropesa del Mar,Castellón/Castelló,10,Comunitat Valenciana
12087,Palanques,Castellón/Castelló,10,Comunitat Valenciana
12088,Pavías,Castellón/Castelló,10,Comunitat Valenciana
12089,Peníscola/Peñíscola,Castellón/Castelló,10,Comunitat Valenciana
12090,Pina de Montalgrao,Castellón/Castelló,10,Comunitat Valenciana
12091,Portell de Morella,Castellón/Castelló,10,Comunitat Valenciana
12092,Puebla de Arenoso,Castellón/Castelló,10,Comunitat Valenciana
12093,"Pobla de Benifassà, la",Castellón/Castelló,10,Comunitat Valenciana
12094,"Pobla Tornesa, la",Castellón/Castelló,10,Comunitat Valenciana
12095,Ribesalbes,Castellón/Castelló,10,Comunitat Valenciana
12096,Rossell,Castellón/Castelló,10,Comunitat Valenciana
12097,Sacañet,Castellón/Castelló,10,Comunitat Valenciana
12098,"Salzadella, la",Castellón/Castelló,10,Comunitat Valenciana
12099,Sant Jordi/San Jorge,Castellón/Castelló,10,Comunitat Valenciana
12100,Sant Mateu,Castellón/Castelló,10,Comunitat Valenciana
12101,San Rafael del Río,Castellón/Castelló,10,Comunitat Valenciana
12102,Santa Magdalena de Pulpis,Castellón/Castelló,10,Comunitat Valenciana
12103,"Serratella, la",Castellón/Castelló,10,Comunitat Valenciana
12104,Segorbe,Castellón/Castelló,10,Comunitat Valenciana
12105,Sierra Engarcerán,Castellón/Castelló,10,Comunitat Valenciana
12106,Soneja,Castellón/Castelló,10,Comunitat Valenciana
12107,Sot de Ferrer,Castellón/Castelló,10,Comunitat Valenciana
12108,Suera/Sueras,Castellón/Castelló,10,Comunitat Valenciana
12109,Tales,Castellón/Castelló,10,Comunitat Valenciana
12110,Teresa,Castellón/Castelló,10,Comunitat Valenciana
12111,Tírig,Castellón/Castelló,10,Comunitat Valenciana
12112,Todolella,Castellón/Castelló,10,Comunitat Valenciana
12113,Toga,Castellón/Castelló,10,Comunitat Valenciana
12114,Torás,Castellón/Castelló,10,Comunitat Valenciana
12115,El Toro,Castellón/Castelló,10,Comunitat Valenciana
12116,Torralba del Pinar,Castellón/Castelló,10,Comunitat Valenciana
12117,Torreblanca,Castellón/Castelló,10,Comunitat Valenciana
12118,Torrechiva,Castellón/Castelló,10,Comunitat Valenciana
12119,"Torre d'en Besora, la",Castellón/Castelló,10,Comunitat Valenciana
12120,"Torre d'en Doménec, la",Castellón/Castelló,10,Comunitat Valenciana
12121,Traiguera,Castellón/Castelló,10,Comunitat Valenciana
12122,"Useres, les/Useras",Castellón/Castelló,10,Comunitat Valenciana
12123,Vallat,Castellón/Castelló,10,Comunitat Valenciana
12124,Vall d'Alba,Castellón/Castelló,10,Comunitat Valenciana
12125,Vall de Almonacid,Castellón/Castelló,10,Comunitat Valenciana
12126,"Vall d'Uixó, la",Castellón/Castelló,10,Comunitat Valenciana
12127,Vallibona,Castellón/Castelló,10,Comunitat Valenciana
12128,Vilafamés,Castellón/Castelló,10,Comunitat Valenciana
12129,Vilafranca/Villafranca del Cid,Castellón/Castelló,10,Comunitat Valenciana
12130,Villahermosa del Río,Castellón/Castelló,10,Comunitat Valenciana
12131,Villamalur,Castellón/Castelló,10,Comunitat Valenciana
12132,Vilanova d'Alcolea,Castellón/Castelló,10,Comunitat Valenciana
12133,Villanueva de Viver,Castellón/Castelló,10,Comunitat Valenciana
12134,Vilar de Canes,Castellón/Castelló,10,Comunitat Valenciana
12135,Vila-real,Castellón/Castelló,10,Comunitat Valenciana
12136,"Vilavella, la",Castellón/Castelló,10,Comunitat Valenciana
12137,Villores,Castellón/Castelló,10,Comunitat Valenciana
12138,Vinaròs,Castellón/Castelló,10,Comunitat Valenciana
12139,Vistabella del Maestrat,Castellón/Castelló,10,Comunitat Valenciana
12140,Viver,Castellón/Castelló,10,Comunitat Valenciana
12141,Zorita del Maestrazgo,Castellón/Castelló,10,Comunitat Valenciana
12142,Zucaina,Castellón/Castelló,10,Comunitat Valenciana
12901,"Alqueries, les/Alquerías del Niño Perdido",Castellón/Castelló,10,Comunitat Valenciana
12902,Sant Joan de Moró,Castellón/Castelló,10,Comunitat Valenciana
13001,Abenójar,Ciudad Real,08,Castilla-La Mancha
13002,Agudo,Ciudad Real,08,Castilla-La Mancha
13003,Alamillo,Ciudad Real,08,Castilla-La Mancha
13004,Albaladejo,Ciudad Real,08,Castilla-La Mancha
13005,Alcázar de San Juan,Ciudad Real,08,Castilla-La Mancha
13006,Alcoba,Ciudad Real,08,Castilla-La Mancha
13007,Alcolea de Calatrava,Ciudad Real,08,Castilla-La Mancha
13008,Alcubillas,Ciudad Real,08,Castilla-La Mancha
13009,Aldea del Rey,Ciudad Real,08,Castilla-La Mancha
13010,Alhambra,Ciudad Real,08,Castilla-La Mancha
13011,Almadén,Ciudad Real,08,Castilla-La Mancha
13012,Almadenejos,Ciudad Real,08,Castilla-La Mancha
13013,Almagro,Ciudad Real,08,Castilla-La Mancha
13014,Almedina,Ciudad Real,08,Castilla-La Mancha
13015,Almodóvar del Campo,Ciudad Real,08,Castilla-La Mancha
13016,Almuradiel,Ciudad Real,08,Castilla-La Mancha
13017,Anchuras,Ciudad Real,08,Castilla-La Mancha
13018,Arenas de San Juan,Ciudad Real,08,Castilla-La Mancha
13019,Argamasilla de Alba,Ciudad Real,08,Castilla-La Mancha
13020,Argamasilla de Calatrava,Ciudad Real,08,Castilla-La Mancha
13021,Arroba de los Montes,Ciudad Real,08,Castilla-La Mancha
13022,Ballesteros de Calatrava,Ciudad Real,08,Castilla-La Mancha
13023,Bolaños de Calatrava,Ciudad Real,08,Castilla-La Mancha
13024,Brazatortas,Ciudad Real,08,Castilla-La Mancha
13025,Cabezarados,Ciudad Real,08,Castilla-La Mancha
13026,Cabezarrubias del Puerto,Ciudad Real,08,Castilla-La Mancha
13027,Calzada de Calatrava,Ciudad Real,08,Castilla-La Mancha
13028,Campo de Criptana,Ciudad Real,08,Castilla-La Mancha
13029,Cañada de Calatrava,Ciudad Real,08,Castilla-La Mancha
13030,Caracuel de Calatrava,Ciudad Real,08,Castilla-La Mancha
13031,Carrión de Calatrava,Ciudad Real,08,Castilla-La Mancha
13032,Carrizosa,Ciudad Real,08,Castilla-La Mancha
13033,Castellar de Santiago,Ciudad Real,08,Castilla-La Mancha
13034,Ciudad Real,Ciudad Real,08,Castilla-La Mancha
13035,Corral de Calatrava,Ciudad Real,08,Castilla-La Mancha
13036,Los Cortijos,Ciudad Real,08,Castilla-La Mancha
13037,Cózar,Ciudad Real,08,Castilla-La Mancha
13038,Chillón,Ciudad Real,08,Castilla-La Mancha
13039,Daimiel,Ciudad Real,08,Castilla-La Mancha
13040,Fernán Caballero,Ciudad Real,08,Castilla-La Mancha
13041,Fontanarejo,Ciudad Real,08,Castilla-La Mancha
13042,Fuencaliente,Ciudad Real,08,Castilla-La Mancha
13043,Fuenllana,Ciudad Real,08,Castilla-La Mancha
13044,Fuente el Fresno,Ciudad Real,08,Castilla-La Mancha
13045,Granátula de Calatrava,Ciudad Real,08,Castilla-La Mancha
13046,Guadalmez,Ciudad Real,08,Castilla-La Mancha
13047,Herencia,Ciudad Real,08,Castilla-La Mancha
13048,Hinojosas de Calatrava,Ciudad Real,08,Castilla-La Mancha
13049,Horcajo de los Montes,Ciudad Real,08,Castilla-La Mancha
13050,Las Labores,Ciudad Real,08,Castilla-La Mancha
13051,Luciana,Ciudad Real,08,Castilla-La Mancha
13052,Malagón,Ciudad Real,08,Castilla-La Mancha
13053,Manzanares,Ciudad Real,08,Castilla-La Mancha
13054,Membrilla,Ciudad Real,08,Castilla-La Mancha
13055,Mestanza,Ciudad Real,08,Castilla-La Mancha
13056,Miguelturra,Ciudad Real,08,Castilla-La Mancha
13057,Montiel,Ciudad Real,08,Castilla-La Mancha
13058,Moral de Calatrava,Ciudad Real,08,Castilla-La Mancha
13059,Navalpino,Ciudad Real,08,Castilla-La Mancha
13060,Navas de Estena,Ciudad Real,08,Castilla-La Mancha
13061,Pedro Muñoz,Ciudad Real,08,Castilla-La Mancha
13062,Picón,Ciudad Real,08,Castilla-La Mancha
13063,Piedrabuena,Ciudad Real,08,Castilla-La Mancha
13064,Poblete,Ciudad Real,08,Castilla-La Mancha
13065,Porzuna,Ciudad Real,08,Castilla-La Mancha
13066,Pozuelo de Calatrava,Ciudad Real,08,Castilla-La Mancha
13067,Los Pozuelos de Calatrava,Ciudad Real,08,Castilla-La Mancha
13068,Puebla de Don Rodrigo,Ciudad Real,08,Castilla-La Mancha
13069,Puebla del Príncipe,Ciudad Real,08,Castilla-La Mancha
13070,Puerto Lápice,Ciudad Real,08,Castilla-La Mancha
13071,Puertollano,Ciudad Real,08,Castilla-La Mancha
13072,Retuerta del Bullaque,Ciudad Real,08,Castilla-La Mancha
13073,Saceruela,Ciudad Real,08,Castilla-La Mancha
13074,San Carlos del Valle,Ciudad Real,08,Castilla-La Mancha
13075,San Lorenzo de Calatrava,Ciudad Real,08,Castilla-La Mancha
13076,Santa Cruz de los Cáñamos,Ciudad Real,08,Castilla-La Mancha
13077,Santa Cruz de Mudela,Ciudad Real,08,Castilla-La Mancha
13078,Socuéllamos,Ciudad Real,08,Castilla-La Mancha
13079,La Solana,Ciudad Real,08,Castilla-La Mancha
13080,Solana del Pino,Ciudad Real,08,Castilla-La Mancha
13081,Terrinches,Ciudad Real,08,Castilla-La Mancha
13082,Tomelloso,Ciudad Real,08,Castilla-La Mancha
13083,Torralba de Calatrava,Ciudad Real,08,Castilla-La Mancha
13084,Torre de Juan Abad,Ciudad Real,08,Castilla-La Mancha
13085,Torrenueva,Ciudad Real,08,Castilla-La Mancha
13086,Valdemanco del Esteras,Ciudad Real,08,Castilla-La Mancha
13087,Valdepeñas,Ciudad Real,08,Castilla-La Mancha
13088,Valenzuela de Calatrava,Ciudad Real,08,Castilla-La Mancha
13089,Villahermosa,Ciudad Real,08,Castilla-La Mancha
13090,Villamanrique,Ciudad Real,08,Castilla-La Mancha
13091,Villamayor de Calatrava,Ciudad Real,08,Castilla-La Mancha
13092,Villanueva de la Fuente,Ciudad Real,08,Castilla-La Mancha
13093,Villanueva de los Infantes,Ciudad Real,08,Castilla-La Mancha
13094,Villanueva de San Carlos,Ciudad Real,08,Castilla-La Mancha
13095,Villar del Pozo,Ciudad Real,08,Castilla-La Mancha
13096,Villarrubia de los Ojos,Ciudad Real,08,Castilla-La Mancha
13097,Villarta de San Juan,Ciudad Real,08,Castilla-La Mancha
13098,Viso del Marqués,Ciudad Real,08,Castilla-La Mancha
13901,El Robledo,Ciudad Real,08,Castilla-La Mancha
13902,Ruidera,Ciudad Real,08,Castilla-La Mancha
13903,Arenales de San Gregorio,Ciudad Real,08,Castilla-La Mancha
13904,Llanos del Caudillo,Ciudad Real,08,Castilla-La Mancha
14001,Adamuz,Córdoba,01,Andalucía
14002,Aguilar de la Frontera,Córdoba,01,Andalucía
14003,Alcaracejos,Córdoba,01,Andalucía
14004,Almedinilla,Córdoba,01,Andalucía
14005,Almodóvar del Río,Córdoba,01,Andalucía
14006,Añora,Córdoba,01,Andalucía
14007,Baena,Córdoba,01,Andalucía
14008,Belalcázar,Córdoba,01,Andalucía
14009,Belmez,Córdoba,01,Andalucía
14010,Benamejí,Córdoba,01,Andalucía
14011,Los Blázquez,Córdoba,01,Andalucía
14012,Bujalance,Córdoba,01,Andalucía
14013,Cabra,Córdoba,01,Andalucía
14014,Cañete de las Torres,Córdoba,01,Andalucía
14015,Carcabuey,Córdoba,01,Andalucía
14016,Cardeña,Córdoba,01,Andalucía
14017,La Carlota,Córdoba,01,Andalucía
14018,El Carpio,Córdoba,01,Andalucía
14019,Castro del Río,Córdoba,01,Andalucía
14020,Conquista,Córdoba,01,Andalucía
14021,Córdoba,Córdoba,01,Andalucía
14022,Doña Mencía,Córdoba,01,Andalucía
14023,Dos Torres,Córdoba,01,Andalucía
14024,Encinas Reales,Córdoba,01,Andalucía
14025,Espejo,Córdoba,01,Andalucía
14026,Espiel,Córdoba,01,Andalucía
14027,Fernán-Núñez,Córdoba,01,Andalucía
14028,Fuente la Lancha,Córdoba,01,Andalucía
14029,Fuente Obejuna,Córdoba,01,Andalucía
14030,Fuente Palmera,Córdoba,01,Andalucía
14031,Fuente-Tójar,Córdoba,01,Andalucía
14032,La Granjuela,Córdoba,01,Andalucía
14033,Guadalcázar,Córdoba,01,Andalucía
14034,El Guijo,Córdoba,01,Andalucía
14035,Hinojosa del Duque,Córdoba,01,Andalucía
14036,Hornachuelos,Córdoba,01,Andalucía
14037,Iznájar,Córdoba,01,Andalucía
14038,Lucena,Córdoba,01,Andalucía
14039,Luque,Córdoba,01,Andalucía
14040,Montalbán de Córdoba,Córdoba,01,Andalucía
14041,Montemayor,Córdoba,01,Andalucía
14042,Montilla,Córdoba,01,Andalucía
14043,Montoro,Córdoba,01,Andalucía
14044,Monturque,Córdoba,01,Andalucía
14045,Moriles,Córdoba,01,Andalucía
14046,Nueva Carteya,Córdoba,01,Andalucía
14047,Obejo,Córdoba,01,Andalucía
14048,Palenciana,Córdoba,01,Andalucía
14049,Palma del Río,Córdoba,01,Andalucía
14050,Pedro Abad,Córdoba,01,Andalucía
14051,Pedroche,Córdoba,01,Andalucía
14052,Peñarroya-Pueblonuevo,Córdoba,01,Andalucía
14053,Posadas,Córdoba,01,Andalucía
14054,Pozoblanco,Córdoba,01,Andalucía
14055,Priego de Córdoba,Córdoba,01,Andalucía
14056,Puente Genil,Córdoba,01,Andalucía
14057,La Rambla,Córdoba,01,Andalucía
14058,Rute,Córdoba,01,Andalucía
14059,San Sebastián de los Ballesteros,Córdoba,01,Andalucía
14060,Santaella,Córdoba,01,Andalucía
14061,Santa Eufemia,Córdoba,01,Andalucía
14062,Torrecampo,Córdoba,01,Andalucía
14063,Valenzuela,Córdoba,01,Andalucía
14064,Valsequillo,Córdoba,01,Andalucía
14065,La Victoria,Córdoba,01,Andalucía
14066,Villa del Río,Córdoba,01,Andalucía
14067,Villafranca de Córdoba,Córdoba,01,Andalucía
14068,Villaharta,Córdoba,01,Andalucía
14069,Villanueva de Córdoba,Córdoba,01,Andalucía
14070,Villanueva del Duque,Córdoba,01,Andalucía
14071,Villanueva del Rey,Córdoba,01,Andalucía
14072,Villaralto,Córdoba,01,Andalucía
14073,Villaviciosa de Córdoba,Córdoba,01,Andalucía
14074,El Viso,Córdoba,01,Andalucía
14075,Zuheros,Córdoba,01,Andalucía
14901,Fuente Carreteros,Córdoba,01,Andalucía
14902,La Guijarrosa,Córdoba,01,Andalucía
15001,Abegondo,A Coruña,12,Galicia
15002,Ames,A Coruña,12,Galicia
15003,Aranga,A Coruña,12,Galicia
15004,Ares,A Coruña,12,Galicia
15005,Arteixo,A Coruña,12,Galicia
15006,Arzúa,A Coruña,12,Galicia
15007,A Baña,A Coruña,12,Galicia
15008,Bergondo,A Coruña,12,Galicia
15009,Betanzos,A Coruña,12,Galicia
15010,Boimorto,A Coruña,12,Galicia
15011,Boiro,A Coruña,12,Galicia
15012,Boqueixón,A Coruña,12,Galicia
15013,Brión,A Coruña,12,Galicia
15014,Cabana de Bergantiños,A Coruña,12,Galicia
15015,Cabanas,A Coruña,12,Galicia
15016,Camariñas,A Coruña,12,Galicia
15017,Cambre,A Coruña,12,Galicia
15018,A Capela,A Coruña,12,Galicia
15019,Carballo,A Coruña,12,Galicia
15020,Carnota,A Coruña,12,Galicia
15021,Carral,A Coruña,12,Galicia
15022,Cedeira,A Coruña,12,Galicia
15023,Cee,A Coruña,12,Galicia
15024,Cerceda,A Coruña,12,Galicia
15025,Cerdido,A Coruña,12,Galicia
15027,Coirós,A Coruña,12,Galicia
15028,Corcubión,A Coruña,12,Galicia
15029,Coristanco,A Coruña,12,Galicia
15030,A Coruña,A Coruña,12,Galicia
15031,Culleredo,A Coruña,12,Galicia
15032,Curtis,A Coruña,12,Galicia
15033,Dodro,A Coruña,12,Galicia
15034,Dumbría,A Coruña,12,Galicia
15035,Fene,A Coruña,12,Galicia
15036,Ferrol,A Coruña,12,Galicia
15037,Fisterra,A Coruña,12,Galicia
15038,Frades,A Coruña,12,Galicia
15039,Irixoa,A Coruña,12,Galicia
15040,Laxe,A Coruña,12,Galicia
15041,A Laracha,A Coruña,12,Galicia
15042,Lousame,A Coruña,12,Galicia
15043,Malpica de Bergantiños,A Coruña,12,Galicia
15044,Mañón,A Coruña,12,Galicia
15045,Mazaricos,A Coruña,12,Galicia
15046,Melide,A Coruña,12,Galicia
15047,Mesía,A Coruña,12,Galicia
15048,Miño,A Coruña,12,Galicia
15049,Moeche,A Coruña,12,Galicia
15050,Monfero,A Coruña,12,Galicia
15051,Mugardos,A Coruña,12,Galicia
15052,Muxía,A Coruña,12,Galicia
15053,Muros,A Coruña,12,Galicia
15054,Narón,A Coruña,12,Galicia
15055,Neda,A Coruña,12,Galicia
15056,Negreira,A Coruña,12,Galicia
15057,Noia,A Coruña,12,Galicia
15058,Oleiros,A Coruña,12,Galicia
15059,Ordes,A Coruña,12,Galicia
15060,Oroso,A Coruña,12,Galicia
15061,Ortigueira,A Coruña,12,Galicia
15062,Outes,A Coruña,12,Galicia
15064,Paderne,A Coruña,12,Galicia
15065,Padrón,A Coruña,12,Galicia
15066,"Pino, O",A Coruña,12,Galicia
15067,A Pobra do Caramiñal,A Coruña,12,Galicia
15068,Ponteceso,A Coruña,12,Galicia
15069,Pontedeume,A Coruña,12,Galicia
15070,"Pontes de García Rodríguez, As",A Coruña,12,Galicia
15071,Porto do Son,A Coruña,12,Galicia
15072,Rianxo,A Coruña,12,Galicia
15073,Ribeira,A Coruña,12,Galicia
15074,Rois,A Coruña,12,Galicia
15075,Sada,A Coruña,12,Galicia
15076,San Sadurniño,A Coruña,12,Galicia
15077,Santa Comba,A Coruña,12,Galicia
15078,Santiago de Compostela,A Coruña,12,Galicia
15079,Santiso,A Coruña,12,Galicia
15080,Sobrado,A Coruña,12,Galicia
15081,"Somozas, As",A Coruña,12,Galicia
15082,Teo,A Coruña,12,Galicia
15083,Toques,A Coruña,12,Galicia
15084,Tordoia,A Coruña,12,Galicia
15085,Touro,A Coruña,12,Galicia
15086,Trazo,A Coruña,12,Galicia
15087,Valdoviño,A Coruña,12,Galicia
15088,Val do Dubra,A Coruña,12,Galicia
15089,Vedra,A Coruña,12,Galicia
15090,Vilasantar,A Coruña,12,Galicia
15091,Vilarmaior,A Coruña,12,Galicia
15092,Vimianzo,A Coruña,12,Galicia
15093,Zas,A Coruña,12,Galicia
15901,Cariño,A Coruña,12,Galicia
15902,Oza-Cesuras,A Coruña,12,Galicia
16001,Abia de la Obispalía,Cuenca,08,Castilla-La Mancha
16002,El Acebrón,Cuenca,08,Castilla-La Mancha
16003,Alarcón,Cuenca,08,Castilla-La Mancha
16004,Albaladejo del Cuende,Cuenca,08,Castilla-La Mancha
16005,Albalate de las Nogueras,Cuenca,08,Castilla-La Mancha
16006,Albendea,Cuenca,08,Castilla-La Mancha
16007,La Alberca de Záncara,Cuenca,08,Castilla-La Mancha
16008,Alcalá de la Vega,Cuenca,08,Castilla-La Mancha
16009,Alcantud,Cuenca,08,Castilla-La Mancha
16010,Alcázar del Rey,Cuenca,08,Castilla-La Mancha
16011,Alcohujate,Cuenca,08,Castilla-La Mancha
16012,Alconchel de la Estrella,Cuenca,08,Castilla-La Mancha
16013,Algarra,Cuenca,08,Castilla-La Mancha
16014,Aliaguilla,Cuenca,08,Castilla-La Mancha
16015,La Almarcha,Cuenca,08,Castilla-La Mancha
16016,Almendros,Cuenca,08,Castilla-La Mancha
16017,Almodóvar del Pinar,Cuenca,08,Castilla-La Mancha
16018,Almonacid del Marquesado,Cuenca,08,Castilla-La Mancha
16019,Altarejos,Cuenca,08,Castilla-La Mancha
16020,Arandilla del Arroyo,Cuenca,08,Castilla-La Mancha
16022,Arcos de la Sierra,Cuenca,08,Castilla-La Mancha
16023,Chillarón de Cuenca,Cuenca,08,Castilla-La Mancha
16024,Arguisuelas,Cuenca,08,Castilla-La Mancha
16025,Arrancacepas,Cuenca,08,Castilla-La Mancha
16026,Atalaya del Cañavate,Cuenca,08,Castilla-La Mancha
16027,Barajas de Melo,Cuenca,08,Castilla-La Mancha
16029,Barchín del Hoyo,Cuenca,08,Castilla-La Mancha
16030,Bascuñana de San Pedro,Cuenca,08,Castilla-La Mancha
16031,Beamud,Cuenca,08,Castilla-La Mancha
16032,Belinchón,Cuenca,08,Castilla-La Mancha
16033,Belmonte,Cuenca,08,Castilla-La Mancha
16034,Belmontejo,Cuenca,08,Castilla-La Mancha
16035,Beteta,Cuenca,08,Castilla-La Mancha
16036,Boniches,Cuenca,08,Castilla-La Mancha
16038,Buciegas,Cuenca,08,Castilla-La Mancha
16039,Buenache de Alarcón,Cuenca,08,Castilla-La Mancha
16040,Buenache de la Sierra,Cuenca,08,Castilla-La Mancha
16041,Buendía,Cuenca,08,Castilla-La Mancha
16042,Campillo de Altobuey,Cuenca,08,Castilla-La Mancha
16043,Campillos-Paravientos,Cuenca,08,Castilla-La Mancha
16044,Campillos-Sierra,Cuenca,08,Castilla-La Mancha
16045,Canalejas del Arroyo,Cuenca,08,Castilla-La Mancha
16046,Cañada del Hoyo,Cuenca,08,Castilla-La Mancha
16047,Cañada Juncosa,Cuenca,08,Castilla-La Mancha
16048,Cañamares,Cuenca,08,Castilla-La Mancha
16049,El Cañavate,Cuenca,08,Castilla-La Mancha
16050,Cañaveras,Cuenca,08,Castilla-La Mancha
16051,Cañaveruelas,Cuenca,08,Castilla-La Mancha
16052,Cañete,Cuenca,08,Castilla-La Mancha
16053,Cañizares,Cuenca,08,Castilla-La Mancha
16055,Carboneras de Guadazaón,Cuenca,08,Castilla-La Mancha
16056,Cardenete,Cuenca,08,Castilla-La Mancha
16057,Carrascosa,Cuenca,08,Castilla-La Mancha
16058,Carrascosa de Haro,Cuenca,08,Castilla-La Mancha
16060,Casas de Benítez,Cuenca,08,Castilla-La Mancha
16061,Casas de Fernando Alonso,Cuenca,08,Castilla-La Mancha
16062,Casas de Garcimolina,Cuenca,08,Castilla-La Mancha
16063,Casas de Guijarro,Cuenca,08,Castilla-La Mancha
16064,Casas de Haro,Cuenca,08,Castilla-La Mancha
16065,Casas de los Pinos,Cuenca,08,Castilla-La Mancha
16066,Casasimarro,Cuenca,08,Castilla-La Mancha
16067,Castejón,Cuenca,08,Castilla-La Mancha
16068,Castillejo de Iniesta,Cuenca,08,Castilla-La Mancha
16070,Castillejo-Sierra,Cuenca,08,Castilla-La Mancha
16071,Castillo-Albaráñez,Cuenca,08,Castilla-La Mancha
16072,Castillo de Garcimuñoz,Cuenca,08,Castilla-La Mancha
16073,Cervera del Llano,Cuenca,08,Castilla-La Mancha
16074,La Cierva,Cuenca,08,Castilla-La Mancha
16078,Cuenca,Cuenca,08,Castilla-La Mancha
16079,Cueva del Hierro,Cuenca,08,Castilla-La Mancha
16081,Chumillas,Cuenca,08,Castilla-La Mancha
16082,Enguídanos,Cuenca,08,Castilla-La Mancha
16083,Fresneda de Altarejos,Cuenca,08,Castilla-La Mancha
16084,Fresneda de la Sierra,Cuenca,08,Castilla-La Mancha
16085,La Frontera,Cuenca,08,Castilla-La Mancha
16086,Fuente de Pedro Naharro,Cuenca,08,Castilla-La Mancha
16087,Fuentelespino de Haro,Cuenca,08,Castilla-La Mancha
16088,Fuentelespino de Moya,Cuenca,08,Castilla-La Mancha
16089,Fuentes,Cuenca,08,Castilla-La Mancha
16091,Fuertescusa,Cuenca,08,Castilla-La Mancha
16092,Gabaldón,Cuenca,08,Castilla-La Mancha
16093,Garaballa,Cuenca,08,Castilla-La Mancha
16094,Gascueña,Cuenca,08,Castilla-La Mancha
16095,Graja de Campalbo,Cuenca,08,Castilla-La Mancha
16096,Graja de Iniesta,Cuenca,08,Castilla-La Mancha
16097,Henarejos,Cuenca,08,Castilla-La Mancha
16098,El Herrumblar,Cuenca,08,Castilla-La Mancha
16099,La Hinojosa,Cuenca,08,Castilla-La Mancha
16100,Los Hinojosos,Cuenca,08,Castilla-La Mancha
16101,El Hito,Cuenca,08,Castilla-La Mancha
16102,Honrubia,Cuenca,08,Castilla-La Mancha
16103,Hontanaya,Cuenca,08,Castilla-La Mancha
16104,Hontecillas,Cuenca,08,Castilla-La Mancha
16106,Horcajo de Santiago,Cuenca,08,Castilla-La Mancha
16107,Huélamo,Cuenca,08,Castilla-La Mancha
16108,Huelves,Cuenca,08,Castilla-La Mancha
16109,Huérguina,Cuenca,08,Castilla-La Mancha
16110,Huerta de la Obispalía,Cuenca,08,Castilla-La Mancha
16111,Huerta del Marquesado,Cuenca,08,Castilla-La Mancha
16112,Huete,Cuenca,08,Castilla-La Mancha
16113,Iniesta,Cuenca,08,Castilla-La Mancha
16115,Laguna del Marquesado,Cuenca,08,Castilla-La Mancha
16116,Lagunaseca,Cuenca,08,Castilla-La Mancha
16117,Landete,Cuenca,08,Castilla-La Mancha
16118,Ledaña,Cuenca,08,Castilla-La Mancha
16119,Leganiel,Cuenca,08,Castilla-La Mancha
16121,Las Majadas,Cuenca,08,Castilla-La Mancha
16122,Mariana,Cuenca,08,Castilla-La Mancha
16123,Masegosa,Cuenca,08,Castilla-La Mancha
16124,Las Mesas,Cuenca,08,Castilla-La Mancha
16125,Minglanilla,Cuenca,08,Castilla-La Mancha
16126,Mira,Cuenca,08,Castilla-La Mancha
16128,Monreal del Llano,Cuenca,08,Castilla-La Mancha
16129,Montalbanejo,Cuenca,08,Castilla-La Mancha
16130,Montalbo,Cuenca,08,Castilla-La Mancha
16131,Monteagudo de las Salinas,Cuenca,08,Castilla-La Mancha
16132,Mota de Altarejos,Cuenca,08,Castilla-La Mancha
16133,Mota del Cuervo,Cuenca,08,Castilla-La Mancha
16134,Motilla del Palancar,Cuenca,08,Castilla-La Mancha
16135,Moya,Cuenca,08,Castilla-La Mancha
16137,Narboneta,Cuenca,08,Castilla-La Mancha
16139,Olivares de Júcar,Cuenca,08,Castilla-La Mancha
16140,Olmeda de la Cuesta,Cuenca,08,Castilla-La Mancha
16141,Olmeda del Rey,Cuenca,08,Castilla-La Mancha
16142,Olmedilla de Alarcón,Cuenca,08,Castilla-La Mancha
16143,Olmedilla de Eliz,Cuenca,08,Castilla-La Mancha
16145,Osa de la Vega,Cuenca,08,Castilla-La Mancha
16146,Pajarón,Cuenca,08,Castilla-La Mancha
16147,Pajaroncillo,Cuenca,08,Castilla-La Mancha
16148,Palomares del Campo,Cuenca,08,Castilla-La Mancha
16149,Palomera,Cuenca,08,Castilla-La Mancha
16150,Paracuellos,Cuenca,08,Castilla-La Mancha
16151,Paredes,Cuenca,08,Castilla-La Mancha
16152,La Parra de las Vegas,Cuenca,08,Castilla-La Mancha
16153,El Pedernoso,Cuenca,08,Castilla-La Mancha
16154,Las Pedroñeras,Cuenca,08,Castilla-La Mancha
16155,El Peral,Cuenca,08,Castilla-La Mancha
16156,La Peraleja,Cuenca,08,Castilla-La Mancha
16157,La Pesquera,Cuenca,08,Castilla-La Mancha
16158,El Picazo,Cuenca,08,Castilla-La Mancha
16159,Pinarejo,Cuenca,08,Castilla-La Mancha
16160,Pineda de Gigüela,Cuenca,08,Castilla-La Mancha
16161,Piqueras del Castillo,Cuenca,08,Castilla-La Mancha
16162,Portalrubio de Guadamejud,Cuenca,08,Castilla-La Mancha
16163,Portilla,Cuenca,08,Castilla-La Mancha
16165,Poyatos,Cuenca,08,Castilla-La Mancha
16166,Pozoamargo,Cuenca,08,Castilla-La Mancha
16167,Pozorrubio de Santiago,Cuenca,08,Castilla-La Mancha
16169,El Pozuelo,Cuenca,08,Castilla-La Mancha
16170,Priego,Cuenca,08,Castilla-La Mancha
16171,El Provencio,Cuenca,08,Castilla-La Mancha
16172,Puebla de Almenara,Cuenca,08,Castilla-La Mancha
16173,El Valle de Altomira,Cuenca,08,Castilla-La Mancha
16174,Puebla del Salvador,Cuenca,08,Castilla-La Mancha
16175,Quintanar del Rey,Cuenca,08,Castilla-La Mancha
16176,Rada de Haro,Cuenca,08,Castilla-La Mancha
16177,Reíllo,Cuenca,08,Castilla-La Mancha
16181,Rozalén del Monte,Cuenca,08,Castilla-La Mancha
16185,Saceda-Trasierra,Cuenca,08,Castilla-La Mancha
16186,Saelices,Cuenca,08,Castilla-La Mancha
16187,Salinas del Manzano,Cuenca,08,Castilla-La Mancha
16188,Salmeroncillos,Cuenca,08,Castilla-La Mancha
16189,Salvacañete,Cuenca,08,Castilla-La Mancha
16190,San Clemente,Cuenca,08,Castilla-La Mancha
16191,San Lorenzo de la Parrilla,Cuenca,08,Castilla-La Mancha
16192,San Martín de Boniches,Cuenca,08,Castilla-La Mancha
16193,San Pedro Palmiches,Cuenca,08,Castilla-La Mancha
16194,Santa Cruz de Moya,Cuenca,08,Castilla-La Mancha
16195,Santa María del Campo Rus,Cuenca,08,Castilla-La Mancha
16196,Santa María de los Llanos,Cuenca,08,Castilla-La Mancha
16197,Santa María del Val,Cuenca,08,Castilla-La Mancha
16198,Sisante,Cuenca,08,Castilla-La Mancha
16199,Solera de Gabaldón,Cuenca,08,Castilla-La Mancha
16202,Talayuelas,Cuenca,08,Castilla-La Mancha
16203,Tarancón,Cuenca,08,Castilla-La Mancha
16204,Tébar,Cuenca,08,Castilla-La Mancha
16205,Tejadillos,Cuenca,08,Castilla-La Mancha
16206,Tinajas,Cuenca,08,Castilla-La Mancha
16209,Torralba,Cuenca,08,Castilla-La Mancha
16211,Torrejoncillo del Rey,Cuenca,08,Castilla-La Mancha
16212,Torrubia del Campo,Cuenca,08,Castilla-La Mancha
16213,Torrubia del Castillo,Cuenca,08,Castilla-La Mancha
16215,Tragacete,Cuenca,08,Castilla-La Mancha
16216,Tresjuncos,Cuenca,08,Castilla-La Mancha
16217,Tribaldos,Cuenca,08,Castilla-La Mancha
16218,Uclés,Cuenca,08,Castilla-La Mancha
16219,Uña,Cuenca,08,Castilla-La Mancha
16224,Valdemeca,Cuenca,08,Castilla-La Mancha
16225,Valdemorillo de la Sierra,Cuenca,08,Castilla-La Mancha
16227,Valdemoro-Sierra,Cuenca,08,Castilla-La Mancha
16228,Valdeolivas,Cuenca,08,Castilla-La Mancha
16231,Valhermoso de la Fuente,Cuenca,08,Castilla-La Mancha
16234,Valsalobre,Cuenca,08,Castilla-La Mancha
16236,Valverde de Júcar,Cuenca,08,Castilla-La Mancha
16237,Valverdejo,Cuenca,08,Castilla-La Mancha
16238,Vara de Rey,Cuenca,08,Castilla-La Mancha
16239,Vega del Codorno,Cuenca,08,Castilla-La Mancha
16240,Vellisca,Cuenca,08,Castilla-La Mancha
16242,Villaconejos de Trabaque,Cuenca,08,Castilla-La Mancha
16243,Villaescusa de Haro,Cuenca,08,Castilla-La Mancha
16244,Villagarcía del Llano,Cuenca,08,Castilla-La Mancha
16245,Villalba de la Sierra,Cuenca,08,Castilla-La Mancha
16246,Villalba del Rey,Cuenca,08,Castilla-La Mancha
16247,Villalgordo del Marquesado,Cuenca,08,Castilla-La Mancha
16248,Villalpardo,Cuenca,08,Castilla-La Mancha
16249,Villamayor de Santiago,Cuenca,08,Castilla-La Mancha
16250,Villanueva de Guadamejud,Cuenca,08,Castilla-La Mancha
16251,Villanueva de la Jara,Cuenca,08,Castilla-La Mancha
16253,Villar de Cañas,Cuenca,08,Castilla-La Mancha
16254,Villar de Domingo García,Cuenca,08,Castilla-La Mancha
16255,Villar de la Encina,Cuenca,08,Castilla-La Mancha
16258,Villar del Humo,Cuenca,08,Castilla-La Mancha
16259,Villar del Infantado,Cuenca,08,Castilla-La Mancha
16263,Villar de Olalla,Cuenca,08,Castilla-La Mancha
16264,Villarejo de Fuentes,Cuenca,08,Castilla-La Mancha
16265,Villarejo de la Peñuela,Cuenca,08,Castilla-La Mancha
16266,Villarejo-Periesteban,Cuenca,08,Castilla-La Mancha
16269,Villares del Saz,Cuenca,08,Castilla-La Mancha
16270,Villarrubio,Cuenca,08,Castilla-La Mancha
16271,Villarta,Cuenca,08,Castilla-La Mancha
16272,Villas de la Ventosa,Cuenca,08,Castilla-La Mancha
16273,Villaverde y Pasaconsol,Cuenca,08,Castilla-La Mancha
16274,Víllora,Cuenca,08,Castilla-La Mancha
16275,Vindel,Cuenca,08,Castilla-La Mancha
16276,Yémeda,Cuenca,08,Castilla-La Mancha
16277,Zafra de Záncara,Cuenca,08,Castilla-La Mancha
16278,Zafrilla,Cuenca,08,Castilla-La Mancha
16279,Zarza de Tajo,Cuenca,08,Castilla-La Mancha
16280,Zarzuela,Cuenca,08,Castilla-La Mancha
16901,Campos del Paraíso,Cuenca,08,Castilla-La Mancha
16902,Valdetórtola,Cuenca,08,Castilla-La Mancha
16903,Las Valeras,Cuenca,08,Castilla-La Mancha
16904,Fuentenava de Jábaga,Cuenca,08,Castilla-La Mancha
16905,Arcas,Cuenca,08,Castilla-La Mancha
16906,Los Valdecolmenas,Cuenca,08,Castilla-La Mancha
16908,Pozorrubielos de la Mancha,Cuenca,08,Castilla-La Mancha
16909,Sotorribas,Cuenca,08,Castilla-La Mancha
16910,Villar y Velasco,Cuenca,08,Castilla-La Mancha
17001,Agullana,Girona,09,Catalunya
17002,Aiguaviva,Girona,09,Catalunya
17003,Albanyà,Girona,09,Catalunya
17004,Albons,Girona,09,Catalunya
17005,El Far d'Empordà,Girona,09,Catalunya
17006,Alp,Girona,09,Catalunya
17007,Amer,Girona,09,Catalunya
17008,Anglès,Girona,09,Catalunya
17009,Arbúcies,Girona,09,Catalunya
17010,Argelaguer,Girona,09,Catalunya
17011,"Armentera, L'",Girona,09,Catalunya
17012,Avinyonet de Puigventós,Girona,09,Catalunya
17013,Begur,Girona,09,Catalunya
17014,La Vajol,Girona,09,Catalunya
17015,Banyoles,Girona,09,Catalunya
17016,Bàscara,Girona,09,Catalunya
17018,Bellcaire d'Empordà,Girona,09,Catalunya
17019,Besalú,Girona,09,Catalunya
17020,Bescanó,Girona,09,Catalunya
17021,Beuda,Girona,09,Catalunya
17022,La Bisbal d'Empordà,Girona,09,Catalunya
17023,Blanes,Girona,09,Catalunya
17024,Bolvir,Girona,09,Catalunya
17025,Bordils,Girona,09,Catalunya
17026,Borrassà,Girona,09,Catalunya
17027,Breda,Girona,09,Catalunya
17028,Brunyola i Sant Martí Sapresa,Girona,09,Catalunya
17029,Boadella i les Escaules,Girona,09,Catalunya
17030,Cabanes,Girona,09,Catalunya
17031,Cabanelles,Girona,09,Catalunya
17032,Cadaqués,Girona,09,Catalunya
17033,Caldes de Malavella,Girona,09,Catalunya
17034,Calonge i Sant Antoni,Girona,09,Catalunya
17035,Camós,Girona,09,Catalunya
17036,Campdevànol,Girona,09,Catalunya
17037,Campelles,Girona,09,Catalunya
17038,Campllong,Girona,09,Catalunya
17039,Camprodon,Girona,09,Catalunya
17040,Canet d'Adri,Girona,09,Catalunya
17041,Cantallops,Girona,09,Catalunya
17042,Capmany,Girona,09,Catalunya
17043,Queralbs,Girona,09,Catalunya
17044,Cassà de la Selva,Girona,09,Catalunya
17046,Castellfollit de la Roca,Girona,09,Catalunya
17047,Castelló d'Empúries,Girona,09,Catalunya
17048,"Castell d'Aro, Platja d'Aro i s'Agaró",Girona,09,Catalunya
17049,Celrà,Girona,09,Catalunya
17050,Cervià de Ter,Girona,09,Catalunya
17051,Cistella,Girona,09,Catalunya
17052,Siurana,Girona,09,Catalunya
17054,Colera,Girona,09,Catalunya
17055,Colomers,Girona,09,Catalunya
17056,Cornellà del Terri,Girona,09,Catalunya
17057,Corçà,Girona,09,Catalunya
17058,Crespià,Girona,09,Catalunya
17060,Darnius,Girona,09,Catalunya
17061,Das,Girona,09,Catalunya
17062,"Escala, L'",Girona,09,Catalunya
17063,Espinelves,Girona,09,Catalunya
17064,Espolla,Girona,09,Catalunya
17065,Esponellà,Girona,09,Catalunya
17066,Figueres,Girona,09,Catalunya
17067,Flaçà,Girona,09,Catalunya
17068,Foixà,Girona,09,Catalunya
17069,Fontanals de Cerdanya,Girona,09,Catalunya
17070,Fontanilles,Girona,09,Catalunya
17071,Fontcoberta,Girona,09,Catalunya
17073,Fornells de la Selva,Girona,09,Catalunya
17074,Fortià,Girona,09,Catalunya
17075,Garrigàs,Girona,09,Catalunya
17076,Garrigoles,Girona,09,Catalunya
17077,Garriguella,Girona,09,Catalunya
17078,Ger,Girona,09,Catalunya
17079,Girona,Girona,09,Catalunya
17080,Gombrèn,Girona,09,Catalunya
17081,Gualta,Girona,09,Catalunya
17082,Guils de Cerdanya,Girona,09,Catalunya
17083,Hostalric,Girona,09,Catalunya
17084,Isòvol,Girona,09,Catalunya
17085,Jafre,Girona,09,Catalunya
17086,La Jonquera,Girona,09,Catalunya
17087,Juià,Girona,09,Catalunya
17088,Lladó,Girona,09,Catalunya
17089,Llagostera,Girona,09,Catalunya
17090,Llambilles,Girona,09,Catalunya
17091,Llanars,Girona,09,Catalunya
17092,Llançà,Girona,09,Catalunya
17093,Llers,Girona,09,Catalunya
17094,Llívia,Girona,09,Catalunya
17095,Lloret de Mar,Girona,09,Catalunya
17096,"Llosses, Les",Girona,09,Catalunya
17097,Madremanya,Girona,09,Catalunya
17098,Maià de Montcal,Girona,09,Catalunya
17099,Meranges,Girona,09,Catalunya
17100,Masarac i Vilarnadal,Girona,09,Catalunya
17101,Massanes,Girona,09,Catalunya
17102,Maçanet de Cabrenys,Girona,09,Catalunya
17103,Maçanet de la Selva,Girona,09,Catalunya
17105,Mieres,Girona,09,Catalunya
17106,Mollet de Peralada,Girona,09,Catalunya
17107,Molló,Girona,09,Catalunya
17109,Montagut i Oix,Girona,09,Catalunya
17110,Mont-ras,Girona,09,Catalunya
17111,Navata,Girona,09,Catalunya
17112,Ogassa,Girona,09,Catalunya
17114,Olot,Girona,09,Catalunya
17115,Ordis,Girona,09,Catalunya
17116,Osor,Girona,09,Catalunya
17117,Palafrugell,Girona,09,Catalunya
17118,Palamós,Girona,09,Catalunya
17119,Palau de Santa Eulàlia,Girona,09,Catalunya
17120,Palau-saverdera,Girona,09,Catalunya
17121,Palau-sator,Girona,09,Catalunya
17123,Palol de Revardit,Girona,09,Catalunya
17124,Pals,Girona,09,Catalunya
17125,Pardines,Girona,09,Catalunya
17126,Parlavà,Girona,09,Catalunya
17128,Pau,Girona,09,Catalunya
17129,Pedret i Marzà,Girona,09,Catalunya
17130,La Pera,Girona,09,Catalunya
17132,Peralada,Girona,09,Catalunya
17133,"Planes d'Hostoles, Les",Girona,09,Catalunya
17134,Planoles,Girona,09,Catalunya
17135,Pont de Molins,Girona,09,Catalunya
17136,Pontós,Girona,09,Catalunya
17137,Porqueres,Girona,09,Catalunya
17138,Portbou,Girona,09,Catalunya
17139,"Preses, Les",Girona,09,Catalunya
17140,El Port de la Selva,Girona,09,Catalunya
17141,Puigcerdà,Girona,09,Catalunya
17142,Quart,Girona,09,Catalunya
17143,Rabós,Girona,09,Catalunya
17144,Regencós,Girona,09,Catalunya
17145,Ribes de Freser,Girona,09,Catalunya
17146,Riells i Viabrea,Girona,09,Catalunya
17147,Ripoll,Girona,09,Catalunya
17148,Riudarenes,Girona,09,Catalunya
17149,Riudaura,Girona,09,Catalunya
17150,Riudellots de la Selva,Girona,09,Catalunya
17151,Riumors,Girona,09,Catalunya
17152,Roses,Girona,09,Catalunya
17153,Rupià,Girona,09,Catalunya
17154,Sales de Llierca,Girona,09,Catalunya
17155,Salt,Girona,09,Catalunya
17157,Sant Andreu Salou,Girona,09,Catalunya
17158,Sant Climent Sescebes,Girona,09,Catalunya
17159,Sant Feliu de Buixalleu,Girona,09,Catalunya
17160,Sant Feliu de Guíxols,Girona,09,Catalunya
17161,Sant Feliu de Pallerols,Girona,09,Catalunya
17162,Sant Ferriol,Girona,09,Catalunya
17163,Sant Gregori,Girona,09,Catalunya
17164,Sant Hilari Sacalm,Girona,09,Catalunya
17165,Sant Jaume de Llierca,Girona,09,Catalunya
17166,Sant Jordi Desvalls,Girona,09,Catalunya
17167,Sant Joan de les Abadesses,Girona,09,Catalunya
17168,Sant Joan de Mollet,Girona,09,Catalunya
17169,Sant Julià de Ramis,Girona,09,Catalunya
17170,Vallfogona de Ripollès,Girona,09,Catalunya
17171,Sant Llorenç de la Muga,Girona,09,Catalunya
17172,Sant Martí de Llémena,Girona,09,Catalunya
17173,Sant Martí Vell,Girona,09,Catalunya
17174,Sant Miquel de Campmajor,Girona,09,Catalunya
17175,Sant Miquel de Fluvià,Girona,09,Catalunya
17176,Sant Mori,Girona,09,Catalunya
17177,Sant Pau de Segúries,Girona,09,Catalunya
17178,Sant Pere Pescador,Girona,09,Catalunya
17180,Santa Coloma de Farners,Girona,09,Catalunya
17181,Santa Cristina d'Aro,Girona,09,Catalunya
17182,Santa Llogaia d'Àlguema,Girona,09,Catalunya
17183,Sant Aniol de Finestres,Girona,09,Catalunya
17184,Santa Pau,Girona,09,Catalunya
17185,Sant Joan les Fonts,Girona,09,Catalunya
17186,Sarrià de Ter,Girona,09,Catalunya
17187,"Saus, Camallera i Llampaies",Girona,09,Catalunya
17188,La Selva de Mar,Girona,09,Catalunya
17189,La Cellera de Ter,Girona,09,Catalunya
17190,Serinyà,Girona,09,Catalunya
17191,Serra de Daró,Girona,09,Catalunya
17192,Setcases,Girona,09,Catalunya
17193,Sils,Girona,09,Catalunya
17194,Susqueda,Girona,09,Catalunya
17195,La Tallada d'Empordà,Girona,09,Catalunya
17196,Terrades,Girona,09,Catalunya
17197,Torrent,Girona,09,Catalunya
17198,Torroella de Fluvià,Girona,09,Catalunya
17199,Torroella de Montgrí,Girona,09,Catalunya
17200,Tortellà,Girona,09,Catalunya
17201,Toses,Girona,09,Catalunya
17202,Tossa de Mar,Girona,09,Catalunya
17203,Ultramort,Girona,09,Catalunya
17204,Ullà,Girona,09,Catalunya
17205,Ullastret,Girona,09,Catalunya
17206,Urús,Girona,09,Catalunya
17207,La Vall d'en Bas,Girona,09,Catalunya
17208,La Vall de Bianya,Girona,09,Catalunya
17209,Vall-llobrega,Girona,09,Catalunya
17210,Ventalló,Girona,09,Catalunya
17211,Verges,Girona,09,Catalunya
17212,Vidrà,Girona,09,Catalunya
17213,Vidreres,Girona,09,Catalunya
17214,Vilabertran,Girona,09,Catalunya
17215,Vilablareix,Girona,09,Catalunya
17216,Viladasens,Girona,09,Catalunya
17217,Viladamat,Girona,09,Catalunya
17218,Vilademuls,Girona,09,Catalunya
17220,Viladrau,Girona,09,Catalunya
17221,Vilafant,Girona,09,Catalunya
17222,Vilaür,Girona,09,Catalunya
17223,Vilajuïga,Girona,09,Catalunya
17224,Vilallonga de Ter,Girona,09,Catalunya
17225,Vilamacolum,Girona,09,Catalunya
17226,Vilamalla,Girona,09,Catalunya
17227,Vilamaniscle,Girona,09,Catalunya
17228,Vilanant,Girona,09,Catalunya
17230,Vila-sacra,Girona,09,Catalunya
17232,Vilopriu,Girona,09,Catalunya
17233,Vilobí d'Onyar,Girona,09,Catalunya
17234,Biure,Girona,09,Catalunya
17901,"Cruïlles, Monells i Sant Sadurní de l'Heura",Girona,09,Catalunya
17902,Forallac,Girona,09,Catalunya
17903,Sant Julià del Llor i Bonmatí,Girona,09,Catalunya
18001,Agrón,Granada,01,Andalucía
18002,Alamedilla,Granada,01,Andalucía
18003,Albolote,Granada,01,Andalucía
18004,Albondón,Granada,01,Andalucía
18005,Albuñán,Granada,01,Andalucía
18006,Albuñol,Granada,01,Andalucía
18007,Albuñuelas,Granada,01,Andalucía
18010,Aldeire,Granada,01,Andalucía
18011,Alfacar,Granada,01,Andalucía
18012,Algarinejo,Granada,01,Andalucía
18013,Alhama de Granada,Granada,01,Andalucía
18014,Alhendín,Granada,01,Andalucía
18015,Alicún de Ortega,Granada,01,Andalucía
18016,Almegíjar,Granada,01,Andalucía
18017,Almuñécar,Granada,01,Andalucía
18018,Alquife,Granada,01,Andalucía
18020,Arenas del Rey,Granada,01,Andalucía
18021,Armilla,Granada,01,Andalucía
18022,Atarfe,Granada,01,Andalucía
18023,Baza,Granada,01,Andalucía
18024,Beas de Granada,Granada,01,Andalucía
18025,Beas de Guadix,Granada,01,Andalucía
18027,Benalúa,Granada,01,Andalucía
18028,Benalúa de las Villas,Granada,01,Andalucía
18029,Benamaurel,Granada,01,Andalucía
18030,Bérchules,Granada,01,Andalucía
18032,Bubión,Granada,01,Andalucía
18033,Busquístar,Granada,01,Andalucía
18034,Cacín,Granada,01,Andalucía
18035,Cádiar,Granada,01,Andalucía
18036,Cájar,Granada,01,Andalucía
18037,Calicasas,Granada,01,Andalucía
18038,Campotéjar,Granada,01,Andalucía
18039,Caniles,Granada,01,Andalucía
18040,Cáñar,Granada,01,Andalucía
18042,Capileira,Granada,01,Andalucía
18043,Carataunas,Granada,01,Andalucía
18044,Cástaras,Granada,01,Andalucía
18045,Castilléjar,Granada,01,Andalucía
18046,Castril,Granada,01,Andalucía
18047,Cenes de la Vega,Granada,01,Andalucía
18048,Cijuela,Granada,01,Andalucía
18049,Cogollos de Guadix,Granada,01,Andalucía
18050,Cogollos de la Vega,Granada,01,Andalucía
18051,Colomera,Granada,01,Andalucía
18053,Cortes de Baza,Granada,01,Andalucía
18054,Cortes y Graena,Granada,01,Andalucía
18056,Cúllar,Granada,01,Andalucía
18057,Cúllar Vega,Granada,01,Andalucía
18059,Chauchina,Granada,01,Andalucía
18061,Chimeneas,Granada,01,Andalucía
18062,Churriana de la Vega,Granada,01,Andalucía
18063,Darro,Granada,01,Andalucía
18064,Dehesas de Guadix,Granada,01,Andalucía
18065,Dehesas Viejas,Granada,01,Andalucía
18066,Deifontes,Granada,01,Andalucía
18067,Diezma,Granada,01,Andalucía
18068,Dílar,Granada,01,Andalucía
18069,Dólar,Granada,01,Andalucía
18070,Dúdar,Granada,01,Andalucía
18071,Dúrcal,Granada,01,Andalucía
18072,Escúzar,Granada,01,Andalucía
18074,Ferreira,Granada,01,Andalucía
18076,Fonelas,Granada,01,Andalucía
18077,Fornes,Granada,01,Andalucía
18078,Freila,Granada,01,Andalucía
18079,Fuente Vaqueros,Granada,01,Andalucía
18082,Galera,Granada,01,Andalucía
18083,Gobernador,Granada,01,Andalucía
18084,Gójar,Granada,01,Andalucía
18085,Gor,Granada,01,Andalucía
18086,Gorafe,Granada,01,Andalucía
18087,Granada,Granada,01,Andalucía
18088,Guadahortuna,Granada,01,Andalucía
18089,Guadix,Granada,01,Andalucía
18093,Gualchos,Granada,01,Andalucía
18094,Güéjar Sierra,Granada,01,Andalucía
18095,Güevéjar,Granada,01,Andalucía
18096,Huélago,Granada,01,Andalucía
18097,Huéneja,Granada,01,Andalucía
18098,Huéscar,Granada,01,Andalucía
18099,Huétor de Santillán,Granada,01,Andalucía
18100,Huétor Tájar,Granada,01,Andalucía
18101,Huétor Vega,Granada,01,Andalucía
18102,Íllora,Granada,01,Andalucía
18103,Ítrabo,Granada,01,Andalucía
18105,Iznalloz,Granada,01,Andalucía
18106,Játar,Granada,01,Andalucía
18107,Jayena,Granada,01,Andalucía
18108,Jérez del Marquesado,Granada,01,Andalucía
18109,Jete,Granada,01,Andalucía
18111,Jun,Granada,01,Andalucía
18112,Juviles,Granada,01,Andalucía
18114,La Calahorra,Granada,01,Andalucía
18115,Láchar,Granada,01,Andalucía
18116,Lanjarón,Granada,01,Andalucía
18117,Lanteira,Granada,01,Andalucía
18119,Lecrín,Granada,01,Andalucía
18120,Lentegí,Granada,01,Andalucía
18121,Lobras,Granada,01,Andalucía
18122,Loja,Granada,01,Andalucía
18123,Lugros,Granada,01,Andalucía
18124,Lújar,Granada,01,Andalucía
18126,La Malahá,Granada,01,Andalucía
18127,Maracena,Granada,01,Andalucía
18128,Marchal,Granada,01,Andalucía
18132,Moclín,Granada,01,Andalucía
18133,Molvízar,Granada,01,Andalucía
18134,Monachil,Granada,01,Andalucía
18135,Montefrío,Granada,01,Andalucía
18136,Montejícar,Granada,01,Andalucía
18137,Montillana,Granada,01,Andalucía
18138,Moraleda de Zafayona,Granada,01,Andalucía
18140,Motril,Granada,01,Andalucía
18141,Murtas,Granada,01,Andalucía
18143,Nigüelas,Granada,01,Andalucía
18144,Nívar,Granada,01,Andalucía
18145,Ogíjares,Granada,01,Andalucía
18146,Orce,Granada,01,Andalucía
18147,Órgiva,Granada,01,Andalucía
18148,Otívar,Granada,01,Andalucía
18149,Villa de Otura,Granada,01,Andalucía
18150,Padul,Granada,01,Andalucía
18151,Pampaneira,Granada,01,Andalucía
18152,Pedro Martínez,Granada,01,Andalucía
18153,Peligros,Granada,01,Andalucía
18154,La Peza,Granada,01,Andalucía
18157,Pinos Genil,Granada,01,Andalucía
18158,Pinos Puente,Granada,01,Andalucía
18159,Píñar,Granada,01,Andalucía
18161,Polícar,Granada,01,Andalucía
18162,Polopos,Granada,01,Andalucía
18163,Pórtugos,Granada,01,Andalucía
18164,Puebla de Don Fadrique,Granada,01,Andalucía
18165,Pulianas,Granada,01,Andalucía
18167,Purullena,Granada,01,Andalucía
18168,Quéntar,Granada,01,Andalucía
18170,Rubite,Granada,01,Andalucía
18171,Salar,Granada,01,Andalucía
18173,Salobreña,Granada,01,Andalucía
18174,Santa Cruz del Comercio,Granada,01,Andalucía
18175,Santa Fe,Granada,01,Andalucía
18176,Soportújar,Granada,01,Andalucía
18177,Sorvilán,Granada,01,Andalucía
18178,Torre-Cardela,Granada,01,Andalucía
18179,Torvizcón,Granada,01,Andalucía
18180,Trevélez,Granada,01,Andalucía
18181,Turón,Granada,01,Andalucía
18182,Ugíjar,Granada,01,Andalucía
18183,Válor,Granada,01,Andalucía
18184,Vélez de Benaudalla,Granada,01,Andalucía
18185,Ventas de Huelma,Granada,01,Andalucía
18187,Villanueva de las Torres,Granada,01,Andalucía
18188,Villanueva Mesía,Granada,01,Andalucía
18189,Víznar,Granada,01,Andalucía
18192,Zafarraya,Granada,01,Andalucía
18193,La Zubia,Granada,01,Andalucía
18194,Zújar,Granada,01,Andalucía
18901,La Taha,Granada,01,Andalucía
18902,El Valle,Granada,01,Andalucía
18903,Nevada,Granada,01,Andalucía
18904,Alpujarra de la Sierra,Granada,01,Andalucía
18905,Las Gabias,Granada,01,Andalucía
18906,Los Guájares,Granada,01,Andalucía
18907,Valle del Zalabí,Granada,01,Andalucía
18908,Villamena,Granada,01,Andalucía
18909,Morelábor,Granada,01,Andalucía
18910,El Pinar,Granada,01,Andalucía
18911,Vegas del Genil,Granada,01,Andalucía
18912,Cuevas del Campo,Granada,01,Andalucía
18913,Zagra,Granada,01,Andalucía
18914,Valderrubio,Granada,01,Andalucía
18915,Domingo Pérez de Granada,Granada,01,Andalucía
18916,Torrenueva Costa,Granada,01,Andalucía
19001,Abánades,Guadalajara,08,Castilla-La Mancha
19002,Ablanque,Guadalajara,08,Castilla-La Mancha
19003,Adobes,Guadalajara,08,Castilla-La Mancha
19004,Alaminos,Guadalajara,08,Castilla-La Mancha
19005,Alarilla,Guadalajara,08,Castilla-La Mancha
19006,Albalate de Zorita,Guadalajara,08,Castilla-La Mancha
19007,Albares,Guadalajara,08,Castilla-La Mancha
19008,Albendiego,Guadalajara,08,Castilla-La Mancha
19009,Alcocer,Guadalajara,08,Castilla-La Mancha
19010,Alcolea de las Peñas,Guadalajara,08,Castilla-La Mancha
19011,Alcolea del Pinar,Guadalajara,08,Castilla-La Mancha
19013,Alcoroches,Guadalajara,08,Castilla-La Mancha
19015,Aldeanueva de Guadalajara,Guadalajara,08,Castilla-La Mancha
19016,Algar de Mesa,Guadalajara,08,Castilla-La Mancha
19017,Algora,Guadalajara,08,Castilla-La Mancha
19018,Alhóndiga,Guadalajara,08,Castilla-La Mancha
19019,Alique,Guadalajara,08,Castilla-La Mancha
19020,Almadrones,Guadalajara,08,Castilla-La Mancha
19021,Almoguera,Guadalajara,08,Castilla-La Mancha
19022,Almonacid de Zorita,Guadalajara,08,Castilla-La Mancha
19023,Alocén,Guadalajara,08,Castilla-La Mancha
19024,Alovera,Guadalajara,08,Castilla-La Mancha
19027,Alustante,Guadalajara,08,Castilla-La Mancha
19031,Angón,Guadalajara,08,Castilla-La Mancha
19032,Anguita,Guadalajara,08,Castilla-La Mancha
19033,Anquela del Ducado,Guadalajara,08,Castilla-La Mancha
19034,Anquela del Pedregal,Guadalajara,08,Castilla-La Mancha
19036,Aranzueque,Guadalajara,08,Castilla-La Mancha
19037,Arbancón,Guadalajara,08,Castilla-La Mancha
19038,Arbeteta,Guadalajara,08,Castilla-La Mancha
19039,Argecilla,Guadalajara,08,Castilla-La Mancha
19040,Armallones,Guadalajara,08,Castilla-La Mancha
19041,Armuña de Tajuña,Guadalajara,08,Castilla-La Mancha
19042,Arroyo de las Fraguas,Guadalajara,08,Castilla-La Mancha
19043,Atanzón,Guadalajara,08,Castilla-La Mancha
19044,Atienza,Guadalajara,08,Castilla-La Mancha
19045,Auñón,Guadalajara,08,Castilla-La Mancha
19046,Azuqueca de Henares,Guadalajara,08,Castilla-La Mancha
19047,Baides,Guadalajara,08,Castilla-La Mancha
19048,Baños de Tajo,Guadalajara,08,Castilla-La Mancha
19049,Bañuelos,Guadalajara,08,Castilla-La Mancha
19050,Barriopedro,Guadalajara,08,Castilla-La Mancha
19051,Berninches,Guadalajara,08,Castilla-La Mancha
19052,La Bodera,Guadalajara,08,Castilla-La Mancha
19053,Brihuega,Guadalajara,08,Castilla-La Mancha
19054,Budia,Guadalajara,08,Castilla-La Mancha
19055,Bujalaro,Guadalajara,08,Castilla-La Mancha
19057,Bustares,Guadalajara,08,Castilla-La Mancha
19058,Cabanillas del Campo,Guadalajara,08,Castilla-La Mancha
19059,Campillo de Dueñas,Guadalajara,08,Castilla-La Mancha
19060,Campillo de Ranas,Guadalajara,08,Castilla-La Mancha
19061,Campisábalos,Guadalajara,08,Castilla-La Mancha
19064,Canredondo,Guadalajara,08,Castilla-La Mancha
19065,Cantalojas,Guadalajara,08,Castilla-La Mancha
19066,Cañizar,Guadalajara,08,Castilla-La Mancha
19067,El Cardoso de la Sierra,Guadalajara,08,Castilla-La Mancha
19070,Casa de Uceda,Guadalajara,08,Castilla-La Mancha
19071,El Casar,Guadalajara,08,Castilla-La Mancha
19073,Casas de San Galindo,Guadalajara,08,Castilla-La Mancha
19074,Caspueñas,Guadalajara,08,Castilla-La Mancha
19075,Castejón de Henares,Guadalajara,08,Castilla-La Mancha
19076,Castellar de la Muela,Guadalajara,08,Castilla-La Mancha
19078,Castilforte,Guadalajara,08,Castilla-La Mancha
19079,Castilnuevo,Guadalajara,08,Castilla-La Mancha
19080,Cendejas de Enmedio,Guadalajara,08,Castilla-La Mancha
19081,Cendejas de la Torre,Guadalajara,08,Castilla-La Mancha
19082,Centenera,Guadalajara,08,Castilla-La Mancha
19086,Cifuentes,Guadalajara,08,Castilla-La Mancha
19087,Cincovillas,Guadalajara,08,Castilla-La Mancha
19088,Ciruelas,Guadalajara,08,Castilla-La Mancha
19089,Ciruelos del Pinar,Guadalajara,08,Castilla-La Mancha
19090,Cobeta,Guadalajara,08,Castilla-La Mancha
19091,Cogollor,Guadalajara,08,Castilla-La Mancha
19092,Cogolludo,Guadalajara,08,Castilla-La Mancha
19095,Condemios de Abajo,Guadalajara,08,Castilla-La Mancha
19096,Condemios de Arriba,Guadalajara,08,Castilla-La Mancha
19097,Congostrina,Guadalajara,08,Castilla-La Mancha
19098,Copernal,Guadalajara,08,Castilla-La Mancha
19099,Corduente,Guadalajara,08,Castilla-La Mancha
19102,El Cubillo de Uceda,Guadalajara,08,Castilla-La Mancha
19103,Checa,Guadalajara,08,Castilla-La Mancha
19104,Chequilla,Guadalajara,08,Castilla-La Mancha
19105,Chiloeches,Guadalajara,08,Castilla-La Mancha
19106,Chillarón del Rey,Guadalajara,08,Castilla-La Mancha
19107,Driebes,Guadalajara,08,Castilla-La Mancha
19108,Durón,Guadalajara,08,Castilla-La Mancha
19109,Embid,Guadalajara,08,Castilla-La Mancha
19110,Escamilla,Guadalajara,08,Castilla-La Mancha
19111,Escariche,Guadalajara,08,Castilla-La Mancha
19112,Escopete,Guadalajara,08,Castilla-La Mancha
19113,Espinosa de Henares,Guadalajara,08,Castilla-La Mancha
19114,Esplegares,Guadalajara,08,Castilla-La Mancha
19115,Establés,Guadalajara,08,Castilla-La Mancha
19116,Estriégana,Guadalajara,08,Castilla-La Mancha
19117,Fontanar,Guadalajara,08,Castilla-La Mancha
19118,Fuembellida,Guadalajara,08,Castilla-La Mancha
19119,Fuencemillán,Guadalajara,08,Castilla-La Mancha
19120,Fuentelahiguera de Albatages,Guadalajara,08,Castilla-La Mancha
19121,Fuentelencina,Guadalajara,08,Castilla-La Mancha
19122,Fuentelsaz,Guadalajara,08,Castilla-La Mancha
19123,Fuentelviejo,Guadalajara,08,Castilla-La Mancha
19124,Fuentenovilla,Guadalajara,08,Castilla-La Mancha
19125,Gajanejos,Guadalajara,08,Castilla-La Mancha
19126,Galápagos,Guadalajara,08,Castilla-La Mancha
19127,Galve de Sorbe,Guadalajara,08,Castilla-La Mancha
19129,Gascueña de Bornova,Guadalajara,08,Castilla-La Mancha
19130,Guadalajara,Guadalajara,08,Castilla-La Mancha
19132,Henche,Guadalajara,08,Castilla-La Mancha
19133,Heras de Ayuso,Guadalajara,08,Castilla-La Mancha
19134,Herrería,Guadalajara,08,Castilla-La Mancha
19135,Hiendelaencina,Guadalajara,08,Castilla-La Mancha
19136,Hijes,Guadalajara,08,Castilla-La Mancha
19138,Hita,Guadalajara,08,Castilla-La Mancha
19139,Hombrados,Guadalajara,08,Castilla-La Mancha
19142,Hontoba,Guadalajara,08,Castilla-La Mancha
19143,Horche,Guadalajara,08,Castilla-La Mancha
19145,Hortezuela de Océn,Guadalajara,08,Castilla-La Mancha
19146,La Huerce,Guadalajara,08,Castilla-La Mancha
19147,Huérmeces del Cerro,Guadalajara,08,Castilla-La Mancha
19148,Huertahernando,Guadalajara,08,Castilla-La Mancha
19150,Hueva,Guadalajara,08,Castilla-La Mancha
19151,Humanes,Guadalajara,08,Castilla-La Mancha
19152,Illana,Guadalajara,08,Castilla-La Mancha
19153,Iniéstola,Guadalajara,08,Castilla-La Mancha
19154,Las Inviernas,Guadalajara,08,Castilla-La Mancha
19155,Irueste,Guadalajara,08,Castilla-La Mancha
19156,Jadraque,Guadalajara,08,Castilla-La Mancha
19157,Jirueque,Guadalajara,08,Castilla-La Mancha
19159,Ledanca,Guadalajara,08,Castilla-La Mancha
19160,Loranca de Tajuña,Guadalajara,08,Castilla-La Mancha
19161,Lupiana,Guadalajara,08,Castilla-La Mancha
19162,Luzaga,Guadalajara,08,Castilla-La Mancha
19163,Luzón,Guadalajara,08,Castilla-La Mancha
19165,Majaelrayo,Guadalajara,08,Castilla-La Mancha
19166,Málaga del Fresno,Guadalajara,08,Castilla-La Mancha
19167,Malaguilla,Guadalajara,08,Castilla-La Mancha
19168,Mandayona,Guadalajara,08,Castilla-La Mancha
19169,Mantiel,Guadalajara,08,Castilla-La Mancha
19170,Maranchón,Guadalajara,08,Castilla-La Mancha
19171,Marchamalo,Guadalajara,08,Castilla-La Mancha
19172,Masegoso de Tajuña,Guadalajara,08,Castilla-La Mancha
19173,Matarrubia,Guadalajara,08,Castilla-La Mancha
19174,Matillas,Guadalajara,08,Castilla-La Mancha
19175,Mazarete,Guadalajara,08,Castilla-La Mancha
19176,Mazuecos,Guadalajara,08,Castilla-La Mancha
19177,Medranda,Guadalajara,08,Castilla-La Mancha
19178,Megina,Guadalajara,08,Castilla-La Mancha
19179,Membrillera,Guadalajara,08,Castilla-La Mancha
19181,Miedes de Atienza,Guadalajara,08,Castilla-La Mancha
19182,La Mierla,Guadalajara,08,Castilla-La Mancha
19183,Milmarcos,Guadalajara,08,Castilla-La Mancha
19184,Millana,Guadalajara,08,Castilla-La Mancha
19185,La Miñosa,Guadalajara,08,Castilla-La Mancha
19186,Mirabueno,Guadalajara,08,Castilla-La Mancha
19187,Miralrío,Guadalajara,08,Castilla-La Mancha
19188,Mochales,Guadalajara,08,Castilla-La Mancha
19189,Mohernando,Guadalajara,08,Castilla-La Mancha
19190,Molina de Aragón,Guadalajara,08,Castilla-La Mancha
19191,Monasterio,Guadalajara,08,Castilla-La Mancha
19192,Mondéjar,Guadalajara,08,Castilla-La Mancha
19193,Montarrón,Guadalajara,08,Castilla-La Mancha
19194,Moratilla de los Meleros,Guadalajara,08,Castilla-La Mancha
19195,Morenilla,Guadalajara,08,Castilla-La Mancha
19196,Muduex,Guadalajara,08,Castilla-La Mancha
19197,Las Navas de Jadraque,Guadalajara,08,Castilla-La Mancha
19198,Negredo,Guadalajara,08,Castilla-La Mancha
19199,Ocentejo,Guadalajara,08,Castilla-La Mancha
19200,El Olivar,Guadalajara,08,Castilla-La Mancha
19201,Olmeda de Cobeta,Guadalajara,08,Castilla-La Mancha
19202,La Olmeda de Jadraque,Guadalajara,08,Castilla-La Mancha
19203,El Ordial,Guadalajara,08,Castilla-La Mancha
19204,Orea,Guadalajara,08,Castilla-La Mancha
19208,Pálmaces de Jadraque,Guadalajara,08,Castilla-La Mancha
19209,Pardos,Guadalajara,08,Castilla-La Mancha
19210,Paredes de Sigüenza,Guadalajara,08,Castilla-La Mancha
19211,Pareja,Guadalajara,08,Castilla-La Mancha
19212,Pastrana,Guadalajara,08,Castilla-La Mancha
19213,El Pedregal,Guadalajara,08,Castilla-La Mancha
19214,Peñalén,Guadalajara,08,Castilla-La Mancha
19215,Peñalver,Guadalajara,08,Castilla-La Mancha
19216,Peralejos de las Truchas,Guadalajara,08,Castilla-La Mancha
19217,Peralveche,Guadalajara,08,Castilla-La Mancha
19218,Pinilla de Jadraque,Guadalajara,08,Castilla-La Mancha
19219,Pinilla de Molina,Guadalajara,08,Castilla-La Mancha
19220,Pioz,Guadalajara,08,Castilla-La Mancha
19221,Piqueras,Guadalajara,08,Castilla-La Mancha
19222,El Pobo de Dueñas,Guadalajara,08,Castilla-La Mancha
19223,Poveda de la Sierra,Guadalajara,08,Castilla-La Mancha
19224,Pozo de Almoguera,Guadalajara,08,Castilla-La Mancha
19225,Pozo de Guadalajara,Guadalajara,08,Castilla-La Mancha
19226,Prádena de Atienza,Guadalajara,08,Castilla-La Mancha
19227,Prados Redondos,Guadalajara,08,Castilla-La Mancha
19228,Puebla de Beleña,Guadalajara,08,Castilla-La Mancha
19229,Puebla de Valles,Guadalajara,08,Castilla-La Mancha
19230,Quer,Guadalajara,08,Castilla-La Mancha
19231,Rebollosa de Jadraque,Guadalajara,08,Castilla-La Mancha
19232,El Recuenco,Guadalajara,08,Castilla-La Mancha
19233,Renera,Guadalajara,08,Castilla-La Mancha
19234,Retiendas,Guadalajara,08,Castilla-La Mancha
19235,Riba de Saelices,Guadalajara,08,Castilla-La Mancha
19237,Rillo de Gallo,Guadalajara,08,Castilla-La Mancha
19238,Riofrío del Llano,Guadalajara,08,Castilla-La Mancha
19239,Robledillo de Mohernando,Guadalajara,08,Castilla-La Mancha
19240,Robledo de Corpes,Guadalajara,08,Castilla-La Mancha
19241,Romanillos de Atienza,Guadalajara,08,Castilla-La Mancha
19242,Romanones,Guadalajara,08,Castilla-La Mancha
19243,Rueda de la Sierra,Guadalajara,08,Castilla-La Mancha
19244,Sacecorbo,Guadalajara,08,Castilla-La Mancha
19245,Sacedón,Guadalajara,08,Castilla-La Mancha
19246,Saelices de la Sal,Guadalajara,08,Castilla-La Mancha
19247,Salmerón,Guadalajara,08,Castilla-La Mancha
19248,San Andrés del Congosto,Guadalajara,08,Castilla-La Mancha
19249,San Andrés del Rey,Guadalajara,08,Castilla-La Mancha
19250,Santiuste,Guadalajara,08,Castilla-La Mancha
19251,Saúca,Guadalajara,08,Castilla-La Mancha
19252,Sayatón,Guadalajara,08,Castilla-La Mancha
19254,Selas,Guadalajara,08,Castilla-La Mancha
19255,Setiles,Guadalajara,08,Castilla-La Mancha
19256,Sienes,Guadalajara,08,Castilla-La Mancha
19257,Sigüenza,Guadalajara,08,Castilla-La Mancha
19258,Solanillos del Extremo,Guadalajara,08,Castilla-La Mancha
19259,Somolinos,Guadalajara,08,Castilla-La Mancha
19260,El Sotillo,Guadalajara,08,Castilla-La Mancha
19261,Sotodosos,Guadalajara,08,Castilla-La Mancha
19262,Tamajón,Guadalajara,08,Castilla-La Mancha
19263,Taragudo,Guadalajara,08,Castilla-La Mancha
19264,Taravilla,Guadalajara,08,Castilla-La Mancha
19265,Tartanedo,Guadalajara,08,Castilla-La Mancha
19266,Tendilla,Guadalajara,08,Castilla-La Mancha
19267,Terzaga,Guadalajara,08,Castilla-La Mancha
19268,Tierzo,Guadalajara,08,Castilla-La Mancha
19269,La Toba,Guadalajara,08,Castilla-La Mancha
19270,Tordelrábano,Guadalajara,08,Castilla-La Mancha
19271,Tordellego,Guadalajara,08,Castilla-La Mancha
19272,Tordesilos,Guadalajara,08,Castilla-La Mancha
19274,Torija,Guadalajara,08,Castilla-La Mancha
19277,Torrecuadrada de Molina,Guadalajara,08,Castilla-La Mancha
19278,Torrecuadradilla,Guadalajara,08,Castilla-La Mancha
19279,Torre del Burgo,Guadalajara,08,Castilla-La Mancha
19280,Torrejón del Rey,Guadalajara,08,Castilla-La Mancha
19281,Torremocha de Jadraque,Guadalajara,08,Castilla-La Mancha
19282,Torremocha del Campo,Guadalajara,08,Castilla-La Mancha
19283,Torremocha del Pinar,Guadalajara,08,Castilla-La Mancha
19284,Torremochuela,Guadalajara,08,Castilla-La Mancha
19285,Torrubia,Guadalajara,08,Castilla-La Mancha
19286,Tórtola de Henares,Guadalajara,08,Castilla-La Mancha
19287,Tortuera,Guadalajara,08,Castilla-La Mancha
19288,Tortuero,Guadalajara,08,Castilla-La Mancha
19289,Traíd,Guadalajara,08,Castilla-La Mancha
19290,Trijueque,Guadalajara,08,Castilla-La Mancha
19291,Trillo,Guadalajara,08,Castilla-La Mancha
19293,Uceda,Guadalajara,08,Castilla-La Mancha
19294,Ujados,Guadalajara,08,Castilla-La Mancha
19296,Utande,Guadalajara,08,Castilla-La Mancha
19297,Valdarachas,Guadalajara,08,Castilla-La Mancha
19298,Valdearenas,Guadalajara,08,Castilla-La Mancha
19299,Valdeavellano,Guadalajara,08,Castilla-La Mancha
19300,Valdeaveruelo,Guadalajara,08,Castilla-La Mancha
19301,Valdeconcha,Guadalajara,08,Castilla-La Mancha
19302,Valdegrudas,Guadalajara,08,Castilla-La Mancha
19303,Valdelcubo,Guadalajara,08,Castilla-La Mancha
19304,Valdenuño Fernández,Guadalajara,08,Castilla-La Mancha
19305,Valdepeñas de la Sierra,Guadalajara,08,Castilla-La Mancha
19306,Valderrebollo,Guadalajara,08,Castilla-La Mancha
19307,Valdesotos,Guadalajara,08,Castilla-La Mancha
19308,Valfermoso de Tajuña,Guadalajara,08,Castilla-La Mancha
19309,Valhermoso,Guadalajara,08,Castilla-La Mancha
19310,Valtablado del Río,Guadalajara,08,Castilla-La Mancha
19311,Valverde de los Arroyos,Guadalajara,08,Castilla-La Mancha
19314,Viana de Jadraque,Guadalajara,08,Castilla-La Mancha
19317,Villanueva de Alcorón,Guadalajara,08,Castilla-La Mancha
19318,Villanueva de Argecilla,Guadalajara,08,Castilla-La Mancha
19319,Villanueva de la Torre,Guadalajara,08,Castilla-La Mancha
19321,Villares de Jadraque,Guadalajara,08,Castilla-La Mancha
19322,Villaseca de Henares,Guadalajara,08,Castilla-La Mancha
19323,Villaseca de Uceda,Guadalajara,08,Castilla-La Mancha
19324,Villel de Mesa,Guadalajara,08,Castilla-La Mancha
19325,Viñuelas,Guadalajara,08,Castilla-La Mancha
19326,Yebes,Guadalajara,08,Castilla-La Mancha
19327,Yebra,Guadalajara,08,Castilla-La Mancha
19329,Yélamos de Abajo,Guadalajara,08,Castilla-La Mancha
19330,Yélamos de Arriba,Guadalajara,08,Castilla-La Mancha
19331,Yunquera de Henares,Guadalajara,08,Castilla-La Mancha
19332,La Yunta,Guadalajara,08,Castilla-La Mancha
19333,Zaorejas,Guadalajara,08,Castilla-La Mancha
19334,Zarzuela de Jadraque,Guadalajara,08,Castilla-La Mancha
19335,Zorita de los Canes,Guadalajara,08,Castilla-La Mancha
19901,Semillas,Guadalajara,08,Castilla-La Mancha
20001,Abaltzisketa,Gipuzkoa,16,País Vasco
20002,Aduna,Gipuzkoa,16,País Vasco
20003,Aizarnazabal,Gipuzkoa,16,País Vasco
20004,Albiztur,Gipuzkoa,16,País Vasco
20005,Alegia,Gipuzkoa,16,País Vasco
20006,Alkiza,Gipuzkoa,16,País Vasco
20007,Altzo,Gipuzkoa,16,País Vasco
20008,Amezketa,Gipuzkoa,16,País Vasco
20009,Andoain,Gipuzkoa,16,País Vasco
20010,Anoeta,Gipuzkoa,16,País Vasco
20011,Antzuola,Gipuzkoa,16,País Vasco
20012,Arama,Gipuzkoa,16,País Vasco
20013,Aretxabaleta,Gipuzkoa,16,País Vasco
20014,Asteasu,Gipuzkoa,16,País Vasco
20015,Ataun,Gipuzkoa,16,País Vasco
20016,Aia,Gipuzkoa,16,País Vasco
20017,Azkoitia,Gipuzkoa,16,País Vasco
20018,Azpeitia,Gipuzkoa,16,País Vasco
20019,Beasain,Gipuzkoa,16,País Vasco
20020,Beizama,Gipuzkoa,16,País Vasco
20021,Belauntza,Gipuzkoa,16,País Vasco
20022,Berastegi,Gipuzkoa,16,País Vasco
20023,Berrobi,Gipuzkoa,16,País Vasco
20024,Bidania-Goiatz,Gipuzkoa,16,País Vasco
20025,Zegama,Gipuzkoa,16,País Vasco
20026,Zerain,Gipuzkoa,16,País Vasco
20027,Zestoa,Gipuzkoa,16,País Vasco
20028,Zizurkil,Gipuzkoa,16,País Vasco
20029,Deba,Gipuzkoa,16,País Vasco
20030,Eibar,Gipuzkoa,16,País Vasco
20031,Elduain,Gipuzkoa,16,País Vasco
20032,Elgoibar,Gipuzkoa,16,País Vasco
20033,Elgeta,Gipuzkoa,16,País Vasco
20034,Eskoriatza,Gipuzkoa,16,País Vasco
20035,Ezkio-Itsaso,Gipuzkoa,16,País Vasco
20036,Hondarribia,Gipuzkoa,16,País Vasco
20037,Gaintza,Gipuzkoa,16,País Vasco
20038,Gabiria,Gipuzkoa,16,País Vasco
20039,Getaria,Gipuzkoa,16,País Vasco
20040,Hernani,Gipuzkoa,16,País Vasco
20041,Hernialde,Gipuzkoa,16,País Vasco
20042,Ibarra,Gipuzkoa,16,País Vasco
20043,Idiazabal,Gipuzkoa,16,País Vasco
20044,Ikaztegieta,Gipuzkoa,16,País Vasco
20045,Irun,Gipuzkoa,16,País Vasco
20046,Irura,Gipuzkoa,16,País Vasco
20047,Itsasondo,Gipuzkoa,16,País Vasco
20048,Larraul,Gipuzkoa,16,País Vasco
20049,Lazkao,Gipuzkoa,16,País Vasco
20050,Leaburu,Gipuzkoa,16,País Vasco
20051,Legazpi,Gipuzkoa,16,País Vasco
20052,Legorreta,Gipuzkoa,16,País Vasco
20053,Lezo,Gipuzkoa,16,País Vasco
20054,Lizartza,Gipuzkoa,16,País Vasco
20055,Arrasate/Mondragón,Gipuzkoa,16,País Vasco
20056,Mutriku,Gipuzkoa,16,País Vasco
20057,Mutiloa,Gipuzkoa,16,País Vasco
20058,Olaberria,Gipuzkoa,16,País Vasco
20059,Oñati,Gipuzkoa,16,País Vasco
20060,Orexa,Gipuzkoa,16,País Vasco
20061,Orio,Gipuzkoa,16,País Vasco
20062,Ormaiztegi,Gipuzkoa,16,País Vasco
20063,Oiartzun,Gipuzkoa,16,País Vasco
20064,Pasaia,Gipuzkoa,16,País Vasco
20065,Soraluze-Placencia de las Armas,Gipuzkoa,16,País Vasco
20066,Errezil,Gipuzkoa,16,País Vasco
20067,Errenteria,Gipuzkoa,16,País Vasco
20068,Leintz-Gatzaga,Gipuzkoa,16,País Vasco
20069,Donostia/San Sebastián,Gipuzkoa,16,País Vasco
20070,Segura,Gipuzkoa,16,País Vasco
20071,Tolosa,Gipuzkoa,16,País Vasco
20072,Urnieta,Gipuzkoa,16,País Vasco
20073,Usurbil,Gipuzkoa,16,País Vasco
20074,Bergara,Gipuzkoa,16,País Vasco
20075,Villabona,Gipuzkoa,16,País Vasco
20076,Ordizia,Gipuzkoa,16,País Vasco
20077,Urretxu,Gipuzkoa,16,País Vasco
20078,Zaldibia,Gipuzkoa,16,País Vasco
20079,Zarautz,Gipuzkoa,16,País Vasco
20080,Zumarraga,Gipuzkoa,16,País Vasco
20081,Zumaia,Gipuzkoa,16,País Vasco
20901,Mendaro,Gipuzkoa,16,País Vasco
20902,Lasarte-Oria,Gipuzkoa,16,País Vasco
20903,Astigarraga,Gipuzkoa,16,País Vasco
20904,Baliarrain,Gipuzkoa,16,País Vasco
20905,Orendain,Gipuzkoa,16,País Vasco
20906,Altzaga,Gipuzkoa,16,País Vasco
20907,Gaztelu,Gipuzkoa,16,País Vasco
21001,Alájar,Huelva,01,Andalucía
21002,Aljaraque,Huelva,01,Andalucía
21003,El Almendro,Huelva,01,Andalucía
21004,Almonaster la Real,Huelva,01,Andalucía
21005,Almonte,Huelva,01,Andalucía
21006,Alosno,Huelva,01,Andalucía
21007,Aracena,Huelva,01,Andalucía
21008,Aroche,Huelva,01,Andalucía
21009,Arroyomolinos de León,Huelva,01,Andalucía
21010,Ayamonte,Huelva,01,Andalucía
21011,Beas,Huelva,01,Andalucía
21012,Berrocal,Huelva,01,Andalucía
21013,Bollullos Par del Condado,Huelva,01,Andalucía
21014,Bonares,Huelva,01,Andalucía
21015,Cabezas Rubias,Huelva,01,Andalucía
21016,Cala,Huelva,01,Andalucía
21017,Calañas,Huelva,01,Andalucía
21018,El Campillo,Huelva,01,Andalucía
21019,Campofrío,Huelva,01,Andalucía
21020,Cañaveral de León,Huelva,01,Andalucía
21021,Cartaya,Huelva,01,Andalucía
21022,Castaño del Robledo,Huelva,01,Andalucía
21023,El Cerro de Andévalo,Huelva,01,Andalucía
21024,Corteconcepción,Huelva,01,Andalucía
21025,Cortegana,Huelva,01,Andalucía
21026,Cortelazor,Huelva,01,Andalucía
21027,Cumbres de Enmedio,Huelva,01,Andalucía
21028,Cumbres de San Bartolomé,Huelva,01,Andalucía
21029,Cumbres Mayores,Huelva,01,Andalucía
21030,Chucena,Huelva,01,Andalucía
21031,Encinasola,Huelva,01,Andalucía
21032,Escacena del Campo,Huelva,01,Andalucía
21033,Fuenteheridos,Huelva,01,Andalucía
21034,Galaroza,Huelva,01,Andalucía
21035,Gibraleón,Huelva,01,Andalucía
21036,La Granada de Río-Tinto,Huelva,01,Andalucía
21037,El Granado,Huelva,01,Andalucía
21038,Higuera de la Sierra,Huelva,01,Andalucía
21039,Hinojales,Huelva,01,Andalucía
21040,Hinojos,Huelva,01,Andalucía
21041,Huelva,Huelva,01,Andalucía
21042,Isla Cristina,Huelva,01,Andalucía
21043,Jabugo,Huelva,01,Andalucía
21044,Lepe,Huelva,01,Andalucía
21045,Linares de la Sierra,Huelva,01,Andalucía
21046,Lucena del Puerto,Huelva,01,Andalucía
21047,Manzanilla,Huelva,01,Andalucía
21048,Los Marines,Huelva,01,Andalucía
21049,Minas de Riotinto,Huelva,01,Andalucía
21050,Moguer,Huelva,01,Andalucía
21051,La Nava,Huelva,01,Andalucía
21052,Nerva,Huelva,01,Andalucía
21053,Niebla,Huelva,01,Andalucía
21054,La Palma del Condado,Huelva,01,Andalucía
21055,Palos de la Frontera,Huelva,01,Andalucía
21056,Paterna del Campo,Huelva,01,Andalucía
21057,Paymogo,Huelva,01,Andalucía
21058,Puebla de Guzmán,Huelva,01,Andalucía
21059,Puerto Moral,Huelva,01,Andalucía
21060,Punta Umbría,Huelva,01,Andalucía
21061,Rociana del Condado,Huelva,01,Andalucía
21062,Rosal de la Frontera,Huelva,01,Andalucía
21063,San Bartolomé de la Torre,Huelva,01,Andalucía
21064,San Juan del Puerto,Huelva,01,Andalucía
21065,Sanlúcar de Guadiana,Huelva,01,Andalucía
21066,San Silvestre de Guzmán,Huelva,01,Andalucía
21067,Santa Ana la Real,Huelva,01,Andalucía
21068,Santa Bárbara de Casa,Huelva,01,Andalucía
21069,Santa Olalla del Cala,Huelva,01,Andalucía
21070,Trigueros,Huelva,01,Andalucía
21071,Valdelarco,Huelva,01,Andalucía
21072,Valverde del Camino,Huelva,01,Andalucía
21073,Villablanca,Huelva,01,Andalucía
21074,Villalba del Alcor,Huelva,01,Andalucía
21075,Villanueva de las Cruces,Huelva,01,Andalucía
21076,Villanueva de los Castillejos,Huelva,01,Andalucía
21077,Villarrasa,Huelva,01,Andalucía
21078,Zalamea la Real,Huelva,01,Andalucía
21079,Zufre,Huelva,01,Andalucía
21902,La Zarza-Perrunal,Huelva,01,Andalucía
22001,Abiego,Huesca,02,Aragón
22002,Abizanda,Huesca,02,Aragón
22003,Adahuesca,Huesca,02,Aragón
22004,Agüero,Huesca,02,Aragón
22006,Aisa,Huesca,02,Aragón
22007,Albalate de Cinca,Huesca,02,Aragón
22008,Albalatillo,Huesca,02,Aragón
22009,Albelda,Huesca,02,Aragón
22011,Albero Alto,Huesca,02,Aragón
22012,Albero Bajo,Huesca,02,Aragón
22013,Alberuela de Tubo,Huesca,02,Aragón
22014,Alcalá de Gurrea,Huesca,02,Aragón
22015,Alcalá del Obispo,Huesca,02,Aragón
22016,Alcampell,Huesca,02,Aragón
22017,Alcolea de Cinca,Huesca,02,Aragón
22018,Alcubierre,Huesca,02,Aragón
22019,Alerre,Huesca,02,Aragón
22020,Alfántega,Huesca,02,Aragón
22021,Almudévar,Huesca,02,Aragón
22022,Almunia de San Juan,Huesca,02,Aragón
22023,Almuniente,Huesca,02,Aragón
22024,Alquézar,Huesca,02,Aragón
22025,Altorricón,Huesca,02,Aragón
22027,Angüés,Huesca,02,Aragón
22028,Ansó,Huesca,02,Aragón
22029,Antillón,Huesca,02,Aragón
22032,Aragüés del Puerto,Huesca,02,Aragón
22035,Arén,Huesca,02,Aragón
22036,Argavieso,Huesca,02,Aragón
22037,Arguis,Huesca,02,Aragón
22039,Ayerbe,Huesca,02,Aragón
22040,Azanuy-Alins,Huesca,02,Aragón
22041,Azara,Huesca,02,Aragón
22042,Azlor,Huesca,02,Aragón
22043,Baélls,Huesca,02,Aragón
22044,Bailo,Huesca,02,Aragón
22045,Baldellou,Huesca,02,Aragón
22046,Ballobar,Huesca,02,Aragón
22047,Banastás,Huesca,02,Aragón
22048,Barbastro,Huesca,02,Aragón
22049,Barbués,Huesca,02,Aragón
22050,Barbuñales,Huesca,02,Aragón
22051,Bárcabo,Huesca,02,Aragón
22052,Belver de Cinca,Huesca,02,Aragón
22053,Benabarre,Huesca,02,Aragón
22054,Benasque,Huesca,02,Aragón
22055,Berbegal,Huesca,02,Aragón
22057,Bielsa,Huesca,02,Aragón
22058,Bierge,Huesca,02,Aragón
22059,Biescas,Huesca,02,Aragón
22060,Binaced,Huesca,02,Aragón
22061,Binéfar,Huesca,02,Aragón
22062,Bisaurri,Huesca,02,Aragón
22063,Biscarrués,Huesca,02,Aragón
22064,Blecua y Torres,Huesca,02,Aragón
22066,Boltaña,Huesca,02,Aragón
22067,Bonansa,Huesca,02,Aragón
22068,Borau,Huesca,02,Aragón
22069,Broto,Huesca,02,Aragón
22072,Caldearenas,Huesca,02,Aragón
22074,Campo,Huesca,02,Aragón
22075,Camporrélls,Huesca,02,Aragón
22076,Canal de Berdún,Huesca,02,Aragón
22077,Candasnos,Huesca,02,Aragón
22078,Canfranc,Huesca,02,Aragón
22079,Capdesaso,Huesca,02,Aragón
22080,Capella,Huesca,02,Aragón
22081,Casbas de Huesca,Huesca,02,Aragón
22082,Castejón del Puente,Huesca,02,Aragón
22083,Castejón de Monegros,Huesca,02,Aragón
22084,Castejón de Sos,Huesca,02,Aragón
22085,Castelflorite,Huesca,02,Aragón
22086,Castiello de Jaca,Huesca,02,Aragón
22087,Castigaleu,Huesca,02,Aragón
22088,Castillazuelo,Huesca,02,Aragón
22089,Castillonroy,Huesca,02,Aragón
22090,Colungo,Huesca,02,Aragón
22094,Chalamera,Huesca,02,Aragón
22095,Chía,Huesca,02,Aragón
22096,Chimillas,Huesca,02,Aragón
22099,Esplús,Huesca,02,Aragón
22102,Estada,Huesca,02,Aragón
22103,Estadilla,Huesca,02,Aragón
22105,Estopiñán del Castillo,Huesca,02,Aragón
22106,Fago,Huesca,02,Aragón
22107,Fanlo,Huesca,02,Aragón
22109,Fiscal,Huesca,02,Aragón
22110,Fonz,Huesca,02,Aragón
22111,Foradada del Toscar,Huesca,02,Aragón
22112,Fraga,Huesca,02,Aragón
22113,La Fueva,Huesca,02,Aragón
22114,Gistaín,Huesca,02,Aragón
22115,El Grado,Huesca,02,Aragón
22116,Grañén,Huesca,02,Aragón
22117,Graus,Huesca,02,Aragón
22119,Gurrea de Gállego,Huesca,02,Aragón
22122,Hoz de Jaca,Huesca,02,Aragón
22124,Huerto,Huesca,02,Aragón
22125,Huesca,Huesca,02,Aragón
22126,Ibieca,Huesca,02,Aragón
22127,Igriés,Huesca,02,Aragón
22128,Ilche,Huesca,02,Aragón
22129,Isábena,Huesca,02,Aragón
22130,Jaca,Huesca,02,Aragón
22131,Jasa,Huesca,02,Aragón
22133,Labuerda,Huesca,02,Aragón
22135,Laluenga,Huesca,02,Aragón
22136,Lalueza,Huesca,02,Aragón
22137,Lanaja,Huesca,02,Aragón
22139,Laperdiguera,Huesca,02,Aragón
22141,Lascellas-Ponzano,Huesca,02,Aragón
22142,Lascuarre,Huesca,02,Aragón
22143,Laspaúles,Huesca,02,Aragón
22144,Laspuña,Huesca,02,Aragón
22149,Loarre,Huesca,02,Aragón
22150,Loporzano,Huesca,02,Aragón
22151,Loscorrales,Huesca,02,Aragón
22155,Monesma y Cajigar,Huesca,02,Aragón
22156,Monflorite-Lascasas,Huesca,02,Aragón
22157,Montanuy,Huesca,02,Aragón
22158,Monzón,Huesca,02,Aragón
22160,Naval,Huesca,02,Aragón
22162,Novales,Huesca,02,Aragón
22163,Nueno,Huesca,02,Aragón
22164,Olvena,Huesca,02,Aragón
22165,Ontiñena,Huesca,02,Aragón
22167,Osso de Cinca,Huesca,02,Aragón
22168,Palo,Huesca,02,Aragón
22170,Panticosa,Huesca,02,Aragón
22172,Peñalba,Huesca,02,Aragón
22173,Las Peñas de Riglos,Huesca,02,Aragón
22174,Peralta de Alcofea,Huesca,02,Aragón
22175,Peralta de Calasanz,Huesca,02,Aragón
22176,Peraltilla,Huesca,02,Aragón
22177,Perarrúa,Huesca,02,Aragón
22178,Pertusa,Huesca,02,Aragón
22181,Piracés,Huesca,02,Aragón
22182,Plan,Huesca,02,Aragón
22184,Poleñino,Huesca,02,Aragón
22186,Pozán de Vero,Huesca,02,Aragón
22187,La Puebla de Castro,Huesca,02,Aragón
22188,Puente de Montañana,Huesca,02,Aragón
22189,Puértolas,Huesca,02,Aragón
22190,El Pueyo de Araguás,Huesca,02,Aragón
22193,Pueyo de Santa Cruz,Huesca,02,Aragón
22195,Quicena,Huesca,02,Aragón
22197,Robres,Huesca,02,Aragón
22199,Sabiñánigo,Huesca,02,Aragón
22200,Sahún,Huesca,02,Aragón
22201,Salas Altas,Huesca,02,Aragón
22202,Salas Bajas,Huesca,02,Aragón
22203,Salillas,Huesca,02,Aragón
22204,Sallent de Gállego,Huesca,02,Aragón
22205,San Esteban de Litera,Huesca,02,Aragón
22206,Sangarrén,Huesca,02,Aragón
22207,San Juan de Plan,Huesca,02,Aragón
22208,Santa Cilia,Huesca,02,Aragón
22209,Santa Cruz de la Serós,Huesca,02,Aragón
22212,Santaliestra y San Quílez,Huesca,02,Aragón
22213,Sariñena,Huesca,02,Aragón
22214,Secastilla,Huesca,02,Aragón
22215,Seira,Huesca,02,Aragón
22217,Sena,Huesca,02,Aragón
22218,Senés de Alcubierre,Huesca,02,Aragón
22220,Sesa,Huesca,02,Aragón
22221,Sesué,Huesca,02,Aragón
22222,Siétamo,Huesca,02,Aragón
22223,Sopeira,Huesca,02,Aragón
22225,Tamarite de Litera,Huesca,02,Aragón
22226,Tardienta,Huesca,02,Aragón
22227,Tella-Sin,Huesca,02,Aragón
22228,Tierz,Huesca,02,Aragón
22229,Tolva,Huesca,02,Aragón
22230,Torla-Ordesa,Huesca,02,Aragón
22232,Torralba de Aragón,Huesca,02,Aragón
22233,Torre la Ribera,Huesca,02,Aragón
22234,Torrente de Cinca,Huesca,02,Aragón
22235,Torres de Alcanadre,Huesca,02,Aragón
22236,Torres de Barbués,Huesca,02,Aragón
22239,Tramaced,Huesca,02,Aragón
22242,Valfarta,Huesca,02,Aragón
22243,Valle de Bardají,Huesca,02,Aragón
22244,Valle de Lierp,Huesca,02,Aragón
22245,Velilla de Cinca,Huesca,02,Aragón
22246,Beranuy,Huesca,02,Aragón
22247,Viacamp y Litera,Huesca,02,Aragón
22248,Vicién,Huesca,02,Aragón
22249,Villanova,Huesca,02,Aragón
22250,Villanúa,Huesca,02,Aragón
22251,Villanueva de Sigena,Huesca,02,Aragón
22252,Yebra de Basa,Huesca,02,Aragón
22253,Yésero,Huesca,02,Aragón
22254,Zaidín,Huesca,02,Aragón
22901,Valle de Hecho,Huesca,02,Aragón
22902,Puente la Reina de Jaca,Huesca,02,Aragón
22903,San Miguel del Cinca,Huesca,02,Aragón
22904,La Sotonera,Huesca,02,Aragón
22905,Lupiñén-Ortilla,Huesca,02,Aragón
22906,Santa María de Dulcis,Huesca,02,Aragón
22907,Aínsa-Sobrarbe,Huesca,02,Aragón
22908,Hoz y Costean,Huesca,02,Aragón
22909,Vencillón,Huesca,02,Aragón
23001,Albanchez de Mágina,Jaén,01,Andalucía
23002,Alcalá la Real,Jaén,01,Andalucía
23003,Alcaudete,Jaén,01,Andalucía
23004,Aldeaquemada,Jaén,01,Andalucía
23005,Andújar,Jaén,01,Andalucía
23006,Arjona,Jaén,01,Andalucía
23007,Arjonilla,Jaén,01,Andalucía
23008,Arquillos,Jaén,01,Andalucía
23009,Baeza,Jaén,01,Andalucía
23010,Bailén,Jaén,01,Andalucía
23011,Baños de la Encina,Jaén,01,Andalucía
23012,Beas de Segura,Jaén,01,Andalucía
23014,Begíjar,Jaén,01,Andalucía
23015,Bélmez de la Moraleda,Jaén,01,Andalucía
23016,Benatae,Jaén,01,Andalucía
23017,Cabra del Santo Cristo,Jaén,01,Andalucía
23018,Cambil,Jaén,01,Andalucía
23019,Campillo de Arenas,Jaén,01,Andalucía
23020,Canena,Jaén,01,Andalucía
23021,Carboneros,Jaén,01,Andalucía
23024,La Carolina,Jaén,01,Andalucía
23025,Castellar,Jaén,01,Andalucía
23026,Castillo de Locubín,Jaén,01,Andalucía
23027,Cazalilla,Jaén,01,Andalucía
23028,Cazorla,Jaén,01,Andalucía
23029,Chiclana de Segura,Jaén,01,Andalucía
23030,Chilluévar,Jaén,01,Andalucía
23031,Escañuela,Jaén,01,Andalucía
23032,Espeluy,Jaén,01,Andalucía
23033,Frailes,Jaén,01,Andalucía
23034,Fuensanta de Martos,Jaén,01,Andalucía
23035,Fuerte del Rey,Jaén,01,Andalucía
23037,Génave,Jaén,01,Andalucía
23038,La Guardia de Jaén,Jaén,01,Andalucía
23039,Guarromán,Jaén,01,Andalucía
23040,Lahiguera,Jaén,01,Andalucía
23041,Higuera de Calatrava,Jaén,01,Andalucía
23042,Hinojares,Jaén,01,Andalucía
23043,Hornos,Jaén,01,Andalucía
23044,Huelma,Jaén,01,Andalucía
23045,Huesa,Jaén,01,Andalucía
23046,Ibros,Jaén,01,Andalucía
23047,La Iruela,Jaén,01,Andalucía
23048,Iznatoraf,Jaén,01,Andalucía
23049,Jabalquinto,Jaén,01,Andalucía
23050,Jaén,Jaén,01,Andalucía
23051,Jamilena,Jaén,01,Andalucía
23052,Jimena,Jaén,01,Andalucía
23053,Jódar,Jaén,01,Andalucía
23054,Larva,Jaén,01,Andalucía
23055,Linares,Jaén,01,Andalucía
23056,Lopera,Jaén,01,Andalucía
23057,Lupión,Jaén,01,Andalucía
23058,Mancha Real,Jaén,01,Andalucía
23059,Marmolejo,Jaén,01,Andalucía
23060,Martos,Jaén,01,Andalucía
23061,Mengíbar,Jaén,01,Andalucía
23062,Montizón,Jaén,01,Andalucía
23063,Navas de San Juan,Jaén,01,Andalucía
23064,Noalejo,Jaén,01,Andalucía
23065,Orcera,Jaén,01,Andalucía
23066,Peal de Becerro,Jaén,01,Andalucía
23067,Pegalajar,Jaén,01,Andalucía
23069,Porcuna,Jaén,01,Andalucía
23070,Pozo Alcón,Jaén,01,Andalucía
23071,Puente de Génave,Jaén,01,Andalucía
23072,La Puerta de Segura,Jaén,01,Andalucía
23073,Quesada,Jaén,01,Andalucía
23074,Rus,Jaén,01,Andalucía
23075,Sabiote,Jaén,01,Andalucía
23076,Santa Elena,Jaén,01,Andalucía
23077,Santiago de Calatrava,Jaén,01,Andalucía
23079,Santisteban del Puerto,Jaén,01,Andalucía
23080,Santo Tomé,Jaén,01,Andalucía
23081,Segura de la Sierra,Jaén,01,Andalucía
23082,Siles,Jaén,01,Andalucía
23084,Sorihuela del Guadalimar,Jaén,01,Andalucía
23085,Torreblascopedro,Jaén,01,Andalucía
23086,Torredelcampo,Jaén,01,Andalucía
23087,Torredonjimeno,Jaén,01,Andalucía
23088,Torreperogil,Jaén,01,Andalucía
23090,Torres,Jaén,01,Andalucía
23091,Torres de Albánchez,Jaén,01,Andalucía
23092,Úbeda,Jaén,01,Andalucía
23093,Valdepeñas de Jaén,Jaén,01,Andalucía
23094,Vilches,Jaén,01,Andalucía
23095,Villacarrillo,Jaén,01,Andalucía
23096,Villanueva de la Reina,Jaén,01,Andalucía
23097,Villanueva del Arzobispo,Jaén,01,Andalucía
23098,Villardompardo,Jaén,01,Andalucía
23099,Los Villares,Jaén,01,Andalucía
23101,Villarrodrigo,Jaén,01,Andalucía
23901,Cárcheles,Jaén,01,Andalucía
23902,Bedmar y Garcíez,Jaén,01,Andalucía
23903,Villatorres,Jaén,01,Andalucía
23904,Santiago-Pontones,Jaén,01,Andalucía
23905,Arroyo del Ojanco,Jaén,01,Andalucía
24001,Acebedo,León,07,Castilla y León
24002,Algadefe,León,07,Castilla y León
24003,Alija del Infantado,León,07,Castilla y León
24004,Almanza,León,07,Castilla y León
24005,La Antigua,León,07,Castilla y León
24006,Ardón,León,07,Castilla y León
24007,Arganza,León,07,Castilla y León
24008,Astorga,León,07,Castilla y León
24009,Balboa,León,07,Castilla y León
24010,La Bañeza,León,07,Castilla y León
24011,Barjas,León,07,Castilla y León
24012,Los Barrios de Luna,León,07,Castilla y León
24014,Bembibre,León,07,Castilla y León
24015,Benavides,León,07,Castilla y León
24016,Benuza,León,07,Castilla y León
24017,Bercianos del Páramo,León,07,Castilla y León
24018,Bercianos del Real Camino,León,07,Castilla y León
24019,Berlanga del Bierzo,León,07,Castilla y León
24020,Boca de Huérgano,León,07,Castilla y León
24021,Boñar,León,07,Castilla y León
24022,Borrenes,León,07,Castilla y León
24023,Brazuelo,León,07,Castilla y León
24024,El Burgo Ranero,León,07,Castilla y León
24025,Burón,León,07,Castilla y León
24026,Bustillo del Páramo,León,07,Castilla y León
24027,Cabañas Raras,León,07,Castilla y León
24028,Cabreros del Río,León,07,Castilla y León
24029,Cabrillanes,León,07,Castilla y León
24030,Cacabelos,León,07,Castilla y León
24031,Calzada del Coto,León,07,Castilla y León
24032,Campazas,León,07,Castilla y León
24033,Campo de Villavidel,León,07,Castilla y León
24034,Camponaraya,León,07,Castilla y León
24036,Valle de Ancares,León,07,Castilla y León
24037,Cármenes,León,07,Castilla y León
24038,Carracedelo,León,07,Castilla y León
24039,Carrizo,León,07,Castilla y León
24040,Carrocera,León,07,Castilla y León
24041,Carucedo,León,07,Castilla y León
24042,Castilfalé,León,07,Castilla y León
24043,Castrillo de Cabrera,León,07,Castilla y León
24044,Castrillo de la Valduerna,León,07,Castilla y León
24046,Castrocalbón,León,07,Castilla y León
24047,Castrocontrigo,León,07,Castilla y León
24049,Castropodame,León,07,Castilla y León
24050,Castrotierra de Valmadrigal,León,07,Castilla y León
24051,Cea,León,07,Castilla y León
24052,Cebanico,León,07,Castilla y León
24053,Cebrones del Río,León,07,Castilla y León
24054,Cimanes de la Vega,León,07,Castilla y León
24055,Cimanes del Tejar,León,07,Castilla y León
24056,Cistierna,León,07,Castilla y León
24057,Congosto,León,07,Castilla y León
24058,Corbillos de los Oteros,León,07,Castilla y León
24059,Corullón,León,07,Castilla y León
24060,Crémenes,León,07,Castilla y León
24061,Cuadros,León,07,Castilla y León
24062,Cubillas de los Oteros,León,07,Castilla y León
24063,Cubillas de Rueda,León,07,Castilla y León
24064,Cubillos del Sil,León,07,Castilla y León
24065,Chozas de Abajo,León,07,Castilla y León
24066,Destriana,León,07,Castilla y León
24067,Encinedo,León,07,Castilla y León
24068,La Ercina,León,07,Castilla y León
24069,Escobar de Campos,León,07,Castilla y León
24070,Fabero,León,07,Castilla y León
24071,Folgoso de la Ribera,León,07,Castilla y León
24073,Fresno de la Vega,León,07,Castilla y León
24074,Fuentes de Carbajal,León,07,Castilla y León
24076,Garrafe de Torío,León,07,Castilla y León
24077,Gordaliza del Pino,León,07,Castilla y León
24078,Gordoncillo,León,07,Castilla y León
24079,Gradefes,León,07,Castilla y León
24080,Grajal de Campos,León,07,Castilla y León
24081,Gusendos de los Oteros,León,07,Castilla y León
24082,Hospital de Órbigo,León,07,Castilla y León
24083,Igüeña,León,07,Castilla y León
24084,Izagre,León,07,Castilla y León
24086,Joarilla de las Matas,León,07,Castilla y León
24087,Laguna Dalga,León,07,Castilla y León
24088,Laguna de Negrillos,León,07,Castilla y León
24089,León,León,07,Castilla y León
24090,Lucillo,León,07,Castilla y León
24091,Luyego,León,07,Castilla y León
24092,Llamas de la Ribera,León,07,Castilla y León
24093,Magaz de Cepeda,León,07,Castilla y León
24094,Mansilla de las Mulas,León,07,Castilla y León
24095,Mansilla Mayor,León,07,Castilla y León
24096,Maraña,León,07,Castilla y León
24097,Matadeón de los Oteros,León,07,Castilla y León
24098,Matallana de Torío,León,07,Castilla y León
24099,Matanza,León,07,Castilla y León
24100,Molinaseca,León,07,Castilla y León
24101,Murias de Paredes,León,07,Castilla y León
24102,Noceda del Bierzo,León,07,Castilla y León
24103,Oencia,León,07,Castilla y León
24104,Las Omañas,León,07,Castilla y León
24105,Onzonilla,León,07,Castilla y León
24106,Oseja de Sajambre,León,07,Castilla y León
24107,Pajares de los Oteros,León,07,Castilla y León
24108,Palacios de la Valduerna,León,07,Castilla y León
24109,Palacios del Sil,León,07,Castilla y León
24110,Páramo del Sil,León,07,Castilla y León
24112,Peranzanes,León,07,Castilla y León
24113,Pobladura de Pelayo García,León,07,Castilla y León
24114,La Pola de Gordón,León,07,Castilla y León
24115,Ponferrada,León,07,Castilla y León
24116,Posada de Valdeón,León,07,Castilla y León
24117,Pozuelo del Páramo,León,07,Castilla y León
24118,Prado de la Guzpeña,León,07,Castilla y León
24119,Priaranza del Bierzo,León,07,Castilla y León
24120,Prioro,León,07,Castilla y León
24121,Puebla de Lillo,León,07,Castilla y León
24122,Puente de Domingo Flórez,León,07,Castilla y León
24123,Quintana del Castillo,León,07,Castilla y León
24124,Quintana del Marco,León,07,Castilla y León
24125,Quintana y Congosto,León,07,Castilla y León
24127,Regueras de Arriba,León,07,Castilla y León
24129,Reyero,León,07,Castilla y León
24130,Riaño,León,07,Castilla y León
24131,Riego de la Vega,León,07,Castilla y León
24132,Riello,León,07,Castilla y León
24133,Rioseco de Tapia,León,07,Castilla y León
24134,La Robla,León,07,Castilla y León
24136,Roperuelos del Páramo,León,07,Castilla y León
24137,Sabero,León,07,Castilla y León
24139,Sahagún,León,07,Castilla y León
24141,San Adrián del Valle,León,07,Castilla y León
24142,San Andrés del Rabanedo,León,07,Castilla y León
24143,Sancedo,León,07,Castilla y León
24144,San Cristóbal de la Polantera,León,07,Castilla y León
24145,San Emiliano,León,07,Castilla y León
24146,San Esteban de Nogales,León,07,Castilla y León
24148,San Justo de la Vega,León,07,Castilla y León
24149,San Millán de los Caballeros,León,07,Castilla y León
24150,San Pedro Bercianos,León,07,Castilla y León
24151,Santa Colomba de Curueño,León,07,Castilla y León
24152,Santa Colomba de Somoza,León,07,Castilla y León
24153,Santa Cristina de Valmadrigal,León,07,Castilla y León
24154,Santa Elena de Jamuz,León,07,Castilla y León
24155,Santa María de la Isla,León,07,Castilla y León
24156,Santa María del Monte de Cea,León,07,Castilla y León
24157,Santa María del Páramo,León,07,Castilla y León
24158,Santa María de Ordás,León,07,Castilla y León
24159,Santa Marina del Rey,León,07,Castilla y León
24160,Santas Martas,León,07,Castilla y León
24161,Santiago Millas,León,07,Castilla y León
24162,Santovenia de la Valdoncina,León,07,Castilla y León
24163,Sariegos,León,07,Castilla y León
24164,Sena de Luna,León,07,Castilla y León
24165,Sobrado,León,07,Castilla y León
24166,Soto de la Vega,León,07,Castilla y León
24167,Soto y Amío,León,07,Castilla y León
24168,Toral de los Guzmanes,León,07,Castilla y León
24169,Toreno,León,07,Castilla y León
24170,Torre del Bierzo,León,07,Castilla y León
24171,Trabadelo,León,07,Castilla y León
24172,Truchas,León,07,Castilla y León
24173,Turcia,León,07,Castilla y León
24174,Urdiales del Páramo,León,07,Castilla y León
24175,Valdefresno,León,07,Castilla y León
24176,Valdefuentes del Páramo,León,07,Castilla y León
24177,Valdelugueros,León,07,Castilla y León
24178,Valdemora,León,07,Castilla y León
24179,Valdepiélago,León,07,Castilla y León
24180,Valdepolo,León,07,Castilla y León
24181,Valderas,León,07,Castilla y León
24182,Valderrey,León,07,Castilla y León
24183,Valderrueda,León,07,Castilla y León
24184,Valdesamario,León,07,Castilla y León
24185,Val de San Lorenzo,León,07,Castilla y León
24187,Valdevimbre,León,07,Castilla y León
24188,Valencia de Don Juan,León,07,Castilla y León
24189,Valverde de la Virgen,León,07,Castilla y León
24190,Valverde-Enrique,León,07,Castilla y León
24191,Vallecillo,León,07,Castilla y León
24193,La Vecilla,León,07,Castilla y León
24194,Vegacervera,León,07,Castilla y León
24196,Vega de Espinareda,León,07,Castilla y León
24197,Vega de Infanzones,León,07,Castilla y León
24198,Vega de Valcarce,León,07,Castilla y León
24199,Vegaquemada,León,07,Castilla y León
24201,Vegas del Condado,León,07,Castilla y León
24202,Villablino,León,07,Castilla y León
24203,Villabraz,León,07,Castilla y León
24205,Villadangos del Páramo,León,07,Castilla y León
24206,Toral de los Vados,León,07,Castilla y León
24207,Villademor de la Vega,León,07,Castilla y León
24209,Villafranca del Bierzo,León,07,Castilla y León
24210,Villagatón,León,07,Castilla y León
24211,Villamandos,León,07,Castilla y León
24212,Villamañán,León,07,Castilla y León
24213,Villamartín de Don Sancho,León,07,Castilla y León
24214,Villamejil,León,07,Castilla y León
24215,Villamol,León,07,Castilla y León
24216,Villamontán de la Valduerna,León,07,Castilla y León
24217,Villamoratiel de las Matas,León,07,Castilla y León
24218,Villanueva de las Manzanas,León,07,Castilla y León
24219,Villaobispo de Otero,León,07,Castilla y León
24221,Villaquejida,León,07,Castilla y León
24222,Villaquilambre,León,07,Castilla y León
24223,Villarejo de Órbigo,León,07,Castilla y León
24224,Villares de Órbigo,León,07,Castilla y León
24225,Villasabariego,León,07,Castilla y León
24226,Villaselán,León,07,Castilla y León
24227,Villaturiel,León,07,Castilla y León
24228,Villazala,León,07,Castilla y León
24229,Villazanzo de Valderaduey,León,07,Castilla y León
24230,Zotes del Páramo,León,07,Castilla y León
24901,Villamanín,León,07,Castilla y León
24902,Villaornate y Castro,León,07,Castilla y León
25001,Abella de la Conca,Lleida,09,Catalunya
25002,Àger,Lleida,09,Catalunya
25003,Agramunt,Lleida,09,Catalunya
25004,"Alamús, Els",Lleida,09,Catalunya
25005,Alàs i Cerc,Lleida,09,Catalunya
25006,"Albagés, L'",Lleida,09,Catalunya
25007,Albatàrrec,Lleida,09,Catalunya
25008,Albesa,Lleida,09,Catalunya
25009,"Albi, L'",Lleida,09,Catalunya
25010,Alcanó,Lleida,09,Catalunya
25011,Alcarràs,Lleida,09,Catalunya
25012,Alcoletge,Lleida,09,Catalunya
25013,Alfarràs,Lleida,09,Catalunya
25014,Alfés,Lleida,09,Catalunya
25015,Algerri,Lleida,09,Catalunya
25016,Alguaire,Lleida,09,Catalunya
25017,Alins,Lleida,09,Catalunya
25019,Almacelles,Lleida,09,Catalunya
25020,Almatret,Lleida,09,Catalunya
25021,Almenar,Lleida,09,Catalunya
25022,Alòs de Balaguer,Lleida,09,Catalunya
25023,Alpicat,Lleida,09,Catalunya
25024,Alt Àneu,Lleida,09,Catalunya
25025,Naut Aran,Lleida,09,Catalunya
25027,Anglesola,Lleida,09,Catalunya
25029,Arbeca,Lleida,09,Catalunya
25030,El Pont de Bar,Lleida,09,Catalunya
25031,Arres,Lleida,09,Catalunya
25032,Arsèguel,Lleida,09,Catalunya
25033,Artesa de Lleida,Lleida,09,Catalunya
25034,Artesa de Segre,Lleida,09,Catalunya
25035,La Sentiu de Sió,Lleida,09,Catalunya
25036,Aspa,Lleida,09,Catalunya
25037,"Avellanes i Santa Linya, Les",Lleida,09,Catalunya
25038,Aitona,Lleida,09,Catalunya
25039,Baix Pallars,Lleida,09,Catalunya
25040,Balaguer,Lleida,09,Catalunya
25041,Barbens,Lleida,09,Catalunya
25042,La Baronia de Rialb,Lleida,09,Catalunya
25043,La Vall de Boí,Lleida,09,Catalunya
25044,Bassella,Lleida,09,Catalunya
25045,Bausen,Lleida,09,Catalunya
25046,Belianes,Lleida,09,Catalunya
25047,Bellcaire d'Urgell,Lleida,09,Catalunya
25048,Bell-lloc d'Urgell,Lleida,09,Catalunya
25049,Bellmunt d'Urgell,Lleida,09,Catalunya
25050,Bellpuig,Lleida,09,Catalunya
25051,Bellver de Cerdanya,Lleida,09,Catalunya
25052,Bellvís,Lleida,09,Catalunya
25053,Benavent de Segrià,Lleida,09,Catalunya
25055,Biosca,Lleida,09,Catalunya
25056,Bovera,Lleida,09,Catalunya
25057,"Bòrdes, Es",Lleida,09,Catalunya
25058,"Borges Blanques, Les",Lleida,09,Catalunya
25059,Bossòst,Lleida,09,Catalunya
25060,Cabanabona,Lleida,09,Catalunya
25061,Cabó,Lleida,09,Catalunya
25062,Camarasa,Lleida,09,Catalunya
25063,Canejan,Lleida,09,Catalunya
25064,Castellar de la Ribera,Lleida,09,Catalunya
25067,Castelldans,Lleida,09,Catalunya
25068,Castellnou de Seana,Lleida,09,Catalunya
25069,Castelló de Farfanya,Lleida,09,Catalunya
25070,Castellserà,Lleida,09,Catalunya
25071,Cava,Lleida,09,Catalunya
25072,Cervera,Lleida,09,Catalunya
25073,Cervià de les Garrigues,Lleida,09,Catalunya
25074,Ciutadilla,Lleida,09,Catalunya
25075,Clariana de Cardener,Lleida,09,Catalunya
25076,El Cogul,Lleida,09,Catalunya
25077,Coll de Nargó,Lleida,09,Catalunya
25078,Corbins,Lleida,09,Catalunya
25079,Cubells,Lleida,09,Catalunya
25081,"Espluga Calba, L'",Lleida,09,Catalunya
25082,Espot,Lleida,09,Catalunya
25085,Estaràs,Lleida,09,Catalunya
25086,Esterri d'Àneu,Lleida,09,Catalunya
25087,Esterri de Cardós,Lleida,09,Catalunya
25088,Estamariu,Lleida,09,Catalunya
25089,Farrera,Lleida,09,Catalunya
25092,La Floresta,Lleida,09,Catalunya
25093,Fondarella,Lleida,09,Catalunya
25094,Foradada,Lleida,09,Catalunya
25096,La Fuliola,Lleida,09,Catalunya
25097,Fulleda,Lleida,09,Catalunya
25098,Gavet de la Conca,Lleida,09,Catalunya
25099,Golmés,Lleida,09,Catalunya
25100,Gósol,Lleida,09,Catalunya
25101,La Granadella,Lleida,09,Catalunya
25102,La Granja d'Escarp,Lleida,09,Catalunya
25103,Granyanella,Lleida,09,Catalunya
25104,Granyena de Segarra,Lleida,09,Catalunya
25105,Granyena de les Garrigues,Lleida,09,Catalunya
25109,Guimerà,Lleida,09,Catalunya
25110,Guissona,Lleida,09,Catalunya
25111,Guixers,Lleida,09,Catalunya
25112,Ivars de Noguera,Lleida,09,Catalunya
25113,Ivars d'Urgell,Lleida,09,Catalunya
25114,Ivorra,Lleida,09,Catalunya
25115,Isona i Conca Dellà,Lleida,09,Catalunya
25118,Juncosa,Lleida,09,Catalunya
25119,Juneda,Lleida,09,Catalunya
25120,Lleida,Lleida,09,Catalunya
25121,Les,Lleida,09,Catalunya
25122,Linyola,Lleida,09,Catalunya
25123,Lladorre,Lleida,09,Catalunya
25124,Lladurs,Lleida,09,Catalunya
25125,Llardecans,Lleida,09,Catalunya
25126,Llavorsí,Lleida,09,Catalunya
25127,Lles de Cerdanya,Lleida,09,Catalunya
25128,Llimiana,Lleida,09,Catalunya
25129,Llobera,Lleida,09,Catalunya
25130,Maldà,Lleida,09,Catalunya
25131,Massalcoreig,Lleida,09,Catalunya
25132,Massoteres,Lleida,09,Catalunya
25133,Maials,Lleida,09,Catalunya
25134,Menàrguens,Lleida,09,Catalunya
25135,Miralcamp,Lleida,09,Catalunya
25136,La Molsosa,Lleida,09,Catalunya
25137,Mollerussa,Lleida,09,Catalunya
25138,Montgai,Lleida,09,Catalunya
25139,Montellà i Martinet,Lleida,09,Catalunya
25140,Montferrer i Castellbò,Lleida,09,Catalunya
25141,Montoliu de Segarra,Lleida,09,Catalunya
25142,Montoliu de Lleida,Lleida,09,Catalunya
25143,Montornès de Segarra,Lleida,09,Catalunya
25145,Nalec,Lleida,09,Catalunya
25146,Navès,Lleida,09,Catalunya
25148,Odèn,Lleida,09,Catalunya
25149,Oliana,Lleida,09,Catalunya
25150,Oliola,Lleida,09,Catalunya
25151,Olius,Lleida,09,Catalunya
25152,"Oluges, Les",Lleida,09,Catalunya
25153,"Omellons, Els",Lleida,09,Catalunya
25154,"Omells de na Gaia, Els",Lleida,09,Catalunya
25155,Organyà,Lleida,09,Catalunya
25156,Os de Balaguer,Lleida,09,Catalunya
25157,Ossó de Sió,Lleida,09,Catalunya
25158,El Palau d'Anglesola,Lleida,09,Catalunya
25161,Conca de Dalt,Lleida,09,Catalunya
25163,La Coma i la Pedra,Lleida,09,Catalunya
25164,Penelles,Lleida,09,Catalunya
25165,Peramola,Lleida,09,Catalunya
25166,Pinell de Solsonès,Lleida,09,Catalunya
25167,Pinós,Lleida,09,Catalunya
25168,El Poal,Lleida,09,Catalunya
25169,La Pobla de Cérvoles,Lleida,09,Catalunya
25170,Bellaguarda,Lleida,09,Catalunya
25171,La Pobla de Segur,Lleida,09,Catalunya
25172,Ponts,Lleida,09,Catalunya
25173,El Pont de Suert,Lleida,09,Catalunya
25174,La Portella,Lleida,09,Catalunya
25175,Prats i Sansor,Lleida,09,Catalunya
25176,Preixana,Lleida,09,Catalunya
25177,Preixens,Lleida,09,Catalunya
25179,Prullans,Lleida,09,Catalunya
25180,Puiggròs,Lleida,09,Catalunya
25181,Puigverd d'Agramunt,Lleida,09,Catalunya
25182,Puigverd de Lleida,Lleida,09,Catalunya
25183,Rialp,Lleida,09,Catalunya
25185,Ribera d'Urgellet,Lleida,09,Catalunya
25186,Riner,Lleida,09,Catalunya
25189,Rosselló,Lleida,09,Catalunya
25190,Salàs de Pallars,Lleida,09,Catalunya
25191,Sanaüja,Lleida,09,Catalunya
25192,Sant Guim de Freixenet,Lleida,09,Catalunya
25193,Sant Llorenç de Morunys,Lleida,09,Catalunya
25194,Sant Ramon,Lleida,09,Catalunya
25196,Sant Esteve de la Sarga,Lleida,09,Catalunya
25197,Sant Guim de la Plana,Lleida,09,Catalunya
25200,Sarroca de Lleida,Lleida,09,Catalunya
25201,Sarroca de Bellera,Lleida,09,Catalunya
25202,Senterada,Lleida,09,Catalunya
25203,La Seu d'Urgell,Lleida,09,Catalunya
25204,Seròs,Lleida,09,Catalunya
25205,Sidamon,Lleida,09,Catalunya
25206,El Soleràs,Lleida,09,Catalunya
25207,Solsona,Lleida,09,Catalunya
25208,Soriguera,Lleida,09,Catalunya
25209,Sort,Lleida,09,Catalunya
25210,Soses,Lleida,09,Catalunya
25211,Sudanell,Lleida,09,Catalunya
25212,Sunyer,Lleida,09,Catalunya
25215,Talarn,Lleida,09,Catalunya
25216,Talavera,Lleida,09,Catalunya
25217,Tàrrega,Lleida,09,Catalunya
25218,Tarrés,Lleida,09,Catalunya
25219,Tarroja de Segarra,Lleida,09,Catalunya
25220,Térmens,Lleida,09,Catalunya
25221,Tírvia,Lleida,09,Catalunya
25222,Tiurana,Lleida,09,Catalunya
25223,Torà,Lleida,09,Catalunya
25224,"Torms, Els",Lleida,09,Catalunya
25225,Tornabous,Lleida,09,Catalunya
25226,Torrebesses,Lleida,09,Catalunya
25227,La Torre de Cabdella,Lleida,09,Catalunya
25228,Torrefarrera,Lleida,09,Catalunya
25230,Torregrossa,Lleida,09,Catalunya
25231,Torrelameu,Lleida,09,Catalunya
25232,Torres de Segre,Lleida,09,Catalunya
25233,Torre-serona,Lleida,09,Catalunya
25234,Tremp,Lleida,09,Catalunya
25238,Vallbona de les Monges,Lleida,09,Catalunya
25239,"Valls de Valira, Les",Lleida,09,Catalunya
25240,Vallfogona de Balaguer,Lleida,09,Catalunya
25242,Verdú,Lleida,09,Catalunya
25243,Vielha e Mijaran,Lleida,09,Catalunya
25244,Vilagrassa,Lleida,09,Catalunya
25245,Vilaller,Lleida,09,Catalunya
25247,Vilamòs,Lleida,09,Catalunya
25248,Vilanova de Bellpuig,Lleida,09,Catalunya
25249,Vilanova de l'Aguda,Lleida,09,Catalunya
25250,Vilanova de Meià,Lleida,09,Catalunya
25251,Vilanova de Segrià,Lleida,09,Catalunya
25252,Vila-sana,Lleida,09,Catalunya
25253,El Vilosell,Lleida,09,Catalunya
25254,Vilanova de la Barca,Lleida,09,Catalunya
25255,Vinaixa,Lleida,09,Catalunya
25901,Vall de Cardós,Lleida,09,Catalunya
25902,Sant Martí de Riucorb,Lleida,09,Catalunya
25903,La Guingueta d'Àneu,Lleida,09,Catalunya
25904,Castell de Mur,Lleida,09,Catalunya
25905,Ribera d'Ondara,Lleida,09,Catalunya
25906,"Valls d'Aguilar, Les",Lleida,09,Catalunya
25907,Torrefeta i Florejacs,Lleida,09,Catalunya
25908,Fígols i Alinyà,Lleida,09,Catalunya
25909,La Vansa i Fórnols,Lleida,09,Catalunya
25910,Josa i Tuixén,Lleida,09,Catalunya
25911,"Plans de Sió, Els",Lleida,09,Catalunya
25912,Gimenells i el Pla de la Font,Lleida,09,Catalunya
25913,Riu de Cerdanya,Lleida,09,Catalunya
26001,Ábalos,La Rioja,17,La Rioja
26002,Agoncillo,La Rioja,17,La Rioja
26003,Aguilar del Río Alhama,La Rioja,17,La Rioja
26004,Ajamil de Cameros,La Rioja,17,La Rioja
26005,Albelda de Iregua,La Rioja,17,La Rioja
26006,Alberite,La Rioja,17,La Rioja
26007,Alcanadre,La Rioja,17,La Rioja
26008,Aldeanueva de Ebro,La Rioja,17,La Rioja
26009,Alesanco,La Rioja,17,La Rioja
26010,Alesón,La Rioja,17,La Rioja
26011,Alfaro,La Rioja,17,La Rioja
26012,Almarza de Cameros,La Rioja,17,La Rioja
26013,Anguciana,La Rioja,17,La Rioja
26014,Anguiano,La Rioja,17,La Rioja
26015,Arenzana de Abajo,La Rioja,17,La Rioja
26016,Arenzana de Arriba,La Rioja,17,La Rioja
26017,Arnedillo,La Rioja,17,La Rioja
26018,Arnedo,La Rioja,17,La Rioja
26019,Arrúbal,La Rioja,17,La Rioja
26020,Ausejo,La Rioja,17,La Rioja
26021,Autol,La Rioja,17,La Rioja
26022,Azofra,La Rioja,17,La Rioja
26023,Badarán,La Rioja,17,La Rioja
26024,Bañares,La Rioja,17,La Rioja
26025,Baños de Rioja,La Rioja,17,La Rioja
26026,Baños de Río Tobía,La Rioja,17,La Rioja
26027,Berceo,La Rioja,17,La Rioja
26028,Bergasa,La Rioja,17,La Rioja
26029,Bergasillas Bajera,La Rioja,17,La Rioja
26030,Bezares,La Rioja,17,La Rioja
26031,Bobadilla,La Rioja,17,La Rioja
26032,Brieva de Cameros,La Rioja,17,La Rioja
26033,Briñas,La Rioja,17,La Rioja
26034,Briones,La Rioja,17,La Rioja
26035,Cabezón de Cameros,La Rioja,17,La Rioja
26036,Calahorra,La Rioja,17,La Rioja
26037,Camprovín,La Rioja,17,La Rioja
26038,Canales de la Sierra,La Rioja,17,La Rioja
26039,Canillas de Río Tuerto,La Rioja,17,La Rioja
26040,Cañas,La Rioja,17,La Rioja
26041,Cárdenas,La Rioja,17,La Rioja
26042,Casalarreina,La Rioja,17,La Rioja
26043,Castañares de Rioja,La Rioja,17,La Rioja
26044,Castroviejo,La Rioja,17,La Rioja
26045,Cellorigo,La Rioja,17,La Rioja
26046,Cenicero,La Rioja,17,La Rioja
26047,Cervera del Río Alhama,La Rioja,17,La Rioja
26048,Cidamón,La Rioja,17,La Rioja
26049,Cihuri,La Rioja,17,La Rioja
26050,Cirueña,La Rioja,17,La Rioja
26051,Clavijo,La Rioja,17,La Rioja
26052,Cordovín,La Rioja,17,La Rioja
26053,Corera,La Rioja,17,La Rioja
26054,Cornago,La Rioja,17,La Rioja
26055,Corporales,La Rioja,17,La Rioja
26056,Cuzcurrita de Río Tirón,La Rioja,17,La Rioja
26057,Daroca de Rioja,La Rioja,17,La Rioja
26058,Enciso,La Rioja,17,La Rioja
26059,Entrena,La Rioja,17,La Rioja
26060,Estollo,La Rioja,17,La Rioja
26061,Ezcaray,La Rioja,17,La Rioja
26062,Foncea,La Rioja,17,La Rioja
26063,Fonzaleche,La Rioja,17,La Rioja
26064,Fuenmayor,La Rioja,17,La Rioja
26065,Galbárruli,La Rioja,17,La Rioja
26066,Galilea,La Rioja,17,La Rioja
26067,Gallinero de Cameros,La Rioja,17,La Rioja
26068,Gimileo,La Rioja,17,La Rioja
26069,Grañón,La Rioja,17,La Rioja
26070,Grávalos,La Rioja,17,La Rioja
26071,Haro,La Rioja,17,La Rioja
26072,Herce,La Rioja,17,La Rioja
26073,Herramélluri,La Rioja,17,La Rioja
26074,Hervías,La Rioja,17,La Rioja
26075,Hormilla,La Rioja,17,La Rioja
26076,Hormilleja,La Rioja,17,La Rioja
26077,Hornillos de Cameros,La Rioja,17,La Rioja
26078,Hornos de Moncalvillo,La Rioja,17,La Rioja
26079,Huércanos,La Rioja,17,La Rioja
26080,Igea,La Rioja,17,La Rioja
26081,Jalón de Cameros,La Rioja,17,La Rioja
26082,Laguna de Cameros,La Rioja,17,La Rioja
26083,Lagunilla del Jubera,La Rioja,17,La Rioja
26084,Lardero,La Rioja,17,La Rioja
26086,Ledesma de la Cogolla,La Rioja,17,La Rioja
26087,Leiva,La Rioja,17,La Rioja
26088,Leza de Río Leza,La Rioja,17,La Rioja
26089,Logroño,La Rioja,17,La Rioja
26091,Lumbreras de Cameros,La Rioja,17,La Rioja
26092,Manjarrés,La Rioja,17,La Rioja
26093,Mansilla de la Sierra,La Rioja,17,La Rioja
26094,Manzanares de Rioja,La Rioja,17,La Rioja
26095,Matute,La Rioja,17,La Rioja
26096,Medrano,La Rioja,17,La Rioja
26098,Munilla,La Rioja,17,La Rioja
26099,Murillo de Río Leza,La Rioja,17,La Rioja
26100,Muro de Aguas,La Rioja,17,La Rioja
26101,Muro en Cameros,La Rioja,17,La Rioja
26102,Nájera,La Rioja,17,La Rioja
26103,Nalda,La Rioja,17,La Rioja
26104,Navajún,La Rioja,17,La Rioja
26105,Navarrete,La Rioja,17,La Rioja
26106,Nestares,La Rioja,17,La Rioja
26107,Nieva de Cameros,La Rioja,17,La Rioja
26108,Ocón,La Rioja,17,La Rioja
26109,Ochánduri,La Rioja,17,La Rioja
26110,Ojacastro,La Rioja,17,La Rioja
26111,Ollauri,La Rioja,17,La Rioja
26112,Ortigosa de Cameros,La Rioja,17,La Rioja
26113,Pazuengos,La Rioja,17,La Rioja
26114,Pedroso,La Rioja,17,La Rioja
26115,Pinillos,La Rioja,17,La Rioja
26117,Pradejón,La Rioja,17,La Rioja
26118,Pradillo,La Rioja,17,La Rioja
26119,Préjano,La Rioja,17,La Rioja
26120,Quel,La Rioja,17,La Rioja
26121,Rabanera,La Rioja,17,La Rioja
26122,El Rasillo de Cameros,La Rioja,17,La Rioja
26123,El Redal,La Rioja,17,La Rioja
26124,Ribafrecha,La Rioja,17,La Rioja
26125,Rincón de Soto,La Rioja,17,La Rioja
26126,Robres del Castillo,La Rioja,17,La Rioja
26127,Rodezno,La Rioja,17,La Rioja
26128,Sajazarra,La Rioja,17,La Rioja
26129,San Asensio,La Rioja,17,La Rioja
26130,San Millán de la Cogolla,La Rioja,17,La Rioja
26131,San Millán de Yécora,La Rioja,17,La Rioja
26132,San Román de Cameros,La Rioja,17,La Rioja
26134,Santa Coloma,La Rioja,17,La Rioja
26135,Santa Engracia del Jubera,La Rioja,17,La Rioja
26136,Santa Eulalia Bajera,La Rioja,17,La Rioja
26138,Santo Domingo de la Calzada,La Rioja,17,La Rioja
26139,San Torcuato,La Rioja,17,La Rioja
26140,Santurde de Rioja,La Rioja,17,La Rioja
26141,Santurdejo,La Rioja,17,La Rioja
26142,San Vicente de la Sonsierra,La Rioja,17,La Rioja
26143,Sojuela,La Rioja,17,La Rioja
26144,Sorzano,La Rioja,17,La Rioja
26145,Sotés,La Rioja,17,La Rioja
26146,Soto en Cameros,La Rioja,17,La Rioja
26147,Terroba,La Rioja,17,La Rioja
26148,Tirgo,La Rioja,17,La Rioja
26149,Tobía,La Rioja,17,La Rioja
26150,Tormantos,La Rioja,17,La Rioja
26151,Torrecilla en Cameros,La Rioja,17,La Rioja
26152,Torrecilla sobre Alesanco,La Rioja,17,La Rioja
26153,Torre en Cameros,La Rioja,17,La Rioja
26154,Torremontalbo,La Rioja,17,La Rioja
26155,Treviana,La Rioja,17,La Rioja
26157,Tricio,La Rioja,17,La Rioja
26158,Tudelilla,La Rioja,17,La Rioja
26160,Uruñuela,La Rioja,17,La Rioja
26161,Valdemadera,La Rioja,17,La Rioja
26162,Valgañón,La Rioja,17,La Rioja
26163,Ventosa,La Rioja,17,La Rioja
26164,Ventrosa,La Rioja,17,La Rioja
26165,Viguera,La Rioja,17,La Rioja
26166,Villalba de Rioja,La Rioja,17,La Rioja
26167,Villalobar de Rioja,La Rioja,17,La Rioja
26168,Villamediana de Iregua,La Rioja,17,La Rioja
26169,Villanueva de Cameros,La Rioja,17,La Rioja
26170,El Villar de Arnedo,La Rioja,17,La Rioja
26171,Villar de Torre,La Rioja,17,La Rioja
26172,Villarejo,La Rioja,17,La Rioja
26173,Villarroya,La Rioja,17,La Rioja
26174,Villarta-Quintana,La Rioja,17,La Rioja
26175,Villavelayo,La Rioja,17,La Rioja
26176,Villaverde de Rioja,La Rioja,17,La Rioja
26177,Villoslada de Cameros,La Rioja,17,La Rioja
26178,Viniegra de Abajo,La Rioja,17,La Rioja
26179,Viniegra de Arriba,La Rioja,17,La Rioja
26180,Zarratón,La Rioja,17,La Rioja
26181,Zarzosa,La Rioja,17,La Rioja
26183,Zorraquín,La Rioja,17,La Rioja
27001,Abadín,Lugo,12,Galicia
27002,Alfoz,Lugo,12,Galicia
27003,Antas de Ulla,Lugo,12,Galicia
27004,Baleira,Lugo,12,Galicia
27005,Barreiros,Lugo,12,Galicia
27006,Becerreá,Lugo,12,Galicia
27007,Begonte,Lugo,12,Galicia
27008,Bóveda,Lugo,12,Galicia
27009,Carballedo,Lugo,12,Galicia
27010,Castro de Rei,Lugo,12,Galicia
27011,Castroverde,Lugo,12,Galicia
27012,Cervantes,Lugo,12,Galicia
27013,Cervo,Lugo,12,Galicia
27014,"Corgo, O",Lugo,12,Galicia
27015,Cospeito,Lugo,12,Galicia
27016,Chantada,Lugo,12,Galicia
27017,Folgoso do Courel,Lugo,12,Galicia
27018,A Fonsagrada,Lugo,12,Galicia
27019,Foz,Lugo,12,Galicia
27020,Friol,Lugo,12,Galicia
27021,Xermade,Lugo,12,Galicia
27022,Guitiriz,Lugo,12,Galicia
27023,Guntín,Lugo,12,Galicia
27024,"Incio, O",Lugo,12,Galicia
27025,Xove,Lugo,12,Galicia
27026,Láncara,Lugo,12,Galicia
27027,Lourenzá,Lugo,12,Galicia
27028,Lugo,Lugo,12,Galicia
27029,Meira,Lugo,12,Galicia
27030,Mondoñedo,Lugo,12,Galicia
27031,Monforte de Lemos,Lugo,12,Galicia
27032,Monterroso,Lugo,12,Galicia
27033,Muras,Lugo,12,Galicia
27034,Navia de Suarna,Lugo,12,Galicia
27035,Negueira de Muñiz,Lugo,12,Galicia
27037,"Nogais, As",Lugo,12,Galicia
27038,Ourol,Lugo,12,Galicia
27039,Outeiro de Rei,Lugo,12,Galicia
27040,Palas de Rei,Lugo,12,Galicia
27041,Pantón,Lugo,12,Galicia
27042,Paradela,Lugo,12,Galicia
27043,"Páramo, O",Lugo,12,Galicia
27044,A Pastoriza,Lugo,12,Galicia
27045,Pedrafita do Cebreiro,Lugo,12,Galicia
27046,Pol,Lugo,12,Galicia
27047,A Pobra do Brollón,Lugo,12,Galicia
27048,A Pontenova,Lugo,12,Galicia
27049,Portomarín,Lugo,12,Galicia
27050,Quiroga,Lugo,12,Galicia
27051,Ribadeo,Lugo,12,Galicia
27052,Ribas de Sil,Lugo,12,Galicia
27053,Ribeira de Piquín,Lugo,12,Galicia
27054,Riotorto,Lugo,12,Galicia
27055,Samos,Lugo,12,Galicia
27056,Rábade,Lugo,12,Galicia
27057,Sarria,Lugo,12,Galicia
27058,"Saviñao, O",Lugo,12,Galicia
27059,Sober,Lugo,12,Galicia
27060,Taboada,Lugo,12,Galicia
27061,Trabada,Lugo,12,Galicia
27062,Triacastela,Lugo,12,Galicia
27063,"Valadouro, O",Lugo,12,Galicia
27064,"Vicedo, O",Lugo,12,Galicia
27065,Vilalba,Lugo,12,Galicia
27066,Viveiro,Lugo,12,Galicia
27901,Baralla,Lugo,12,Galicia
27902,Burela,Lugo,12,Galicia
28001,La Acebeda,Madrid,13,Comunidad de Madrid
28002,Ajalvir,Madrid,13,Comunidad de Madrid
28003,Alameda del Valle,Madrid,13,Comunidad de Madrid
28004,El Álamo,Madrid,13,Comunidad de Madrid
28005,Alcalá de Henares,Madrid,13,Comunidad de Madrid
28006,Alcobendas,Madrid,13,Comunidad de Madrid
28007,Alcorcón,Madrid,13,Comunidad de Madrid
28008,Aldea del Fresno,Madrid,13,Comunidad de Madrid
28009,Algete,Madrid,13,Comunidad de Madrid
28010,Alpedrete,Madrid,13,Comunidad de Madrid
28011,Ambite,Madrid,13,Comunidad de Madrid
28012,Anchuelo,Madrid,13,Comunidad de Madrid
28013,Aranjuez,Madrid,13,Comunidad de Madrid
28014,Arganda del Rey,Madrid,13,Comunidad de Madrid
28015,Arroyomolinos,Madrid,13,Comunidad de Madrid
28016,El Atazar,Madrid,13,Comunidad de Madrid
28017,Batres,Madrid,13,Comunidad de Madrid
28018,Becerril de la Sierra,Madrid,13,Comunidad de Madrid
28019,Belmonte de Tajo,Madrid,13,Comunidad de Madrid
28020,Berzosa del Lozoya,Madrid,13,Comunidad de Madrid
28021,El Berrueco,Madrid,13,Comunidad de Madrid
28022,Boadilla del Monte,Madrid,13,Comunidad de Madrid
28023,El Boalo,Madrid,13,Comunidad de Madrid
28024,Braojos,Madrid,13,Comunidad de Madrid
28025,Brea de Tajo,Madrid,13,Comunidad de Madrid
28026,Brunete,Madrid,13,Comunidad de Madrid
28027,Buitrago del Lozoya,Madrid,13,Comunidad de Madrid
28028,Bustarviejo,Madrid,13,Comunidad de Madrid
28029,Cabanillas de la Sierra,Madrid,13,Comunidad de Madrid
28030,La Cabrera,Madrid,13,Comunidad de Madrid
28031,Cadalso de los Vidrios,Madrid,13,Comunidad de Madrid
28032,Camarma de Esteruelas,Madrid,13,Comunidad de Madrid
28033,Campo Real,Madrid,13,Comunidad de Madrid
28034,Canencia,Madrid,13,Comunidad de Madrid
28035,Carabaña,Madrid,13,Comunidad de Madrid
28036,Casarrubuelos,Madrid,13,Comunidad de Madrid
28037,Cenicientos,Madrid,13,Comunidad de Madrid
28038,Cercedilla,Madrid,13,Comunidad de Madrid
28039,Cervera de Buitrago,Madrid,13,Comunidad de Madrid
28040,Ciempozuelos,Madrid,13,Comunidad de Madrid
28041,Cobeña,Madrid,13,Comunidad de Madrid
28042,Colmenar del Arroyo,Madrid,13,Comunidad de Madrid
28043,Colmenar de Oreja,Madrid,13,Comunidad de Madrid
28044,Colmenarejo,Madrid,13,Comunidad de Madrid
28045,Colmenar Viejo,Madrid,13,Comunidad de Madrid
28046,Collado Mediano,Madrid,13,Comunidad de Madrid
28047,Collado Villalba,Madrid,13,Comunidad de Madrid
28048,Corpa,Madrid,13,Comunidad de Madrid
28049,Coslada,Madrid,13,Comunidad de Madrid
28050,Cubas de la Sagra,Madrid,13,Comunidad de Madrid
28051,Chapinería,Madrid,13,Comunidad de Madrid
28052,Chinchón,Madrid,13,Comunidad de Madrid
28053,Daganzo de Arriba,Madrid,13,Comunidad de Madrid
28054,El Escorial,Madrid,13,Comunidad de Madrid
28055,Estremera,Madrid,13,Comunidad de Madrid
28056,Fresnedillas de la Oliva,Madrid,13,Comunidad de Madrid
28057,Fresno de Torote,Madrid,13,Comunidad de Madrid
28058,Fuenlabrada,Madrid,13,Comunidad de Madrid
28059,Fuente el Saz de Jarama,Madrid,13,Comunidad de Madrid
28060,Fuentidueña de Tajo,Madrid,13,Comunidad de Madrid
28061,Galapagar,Madrid,13,Comunidad de Madrid
28062,Garganta de los Montes,Madrid,13,Comunidad de Madrid
28063,Gargantilla del Lozoya y Pinilla de Buitrago,Madrid,13,Comunidad de Madrid
28064,Gascones,Madrid,13,Comunidad de Madrid
28065,Getafe,Madrid,13,Comunidad de Madrid
28066,Griñón,Madrid,13,Comunidad de Madrid
28067,Guadalix de la Sierra,Madrid,13,Comunidad de Madrid
28068,Guadarrama,Madrid,13,Comunidad de Madrid
28069,La Hiruela,Madrid,13,Comunidad de Madrid
28070,Horcajo de la Sierra-Aoslos,Madrid,13,Comunidad de Madrid
28071,Horcajuelo de la Sierra,Madrid,13,Comunidad de Madrid
28072,Hoyo de Manzanares,Madrid,13,Comunidad de Madrid
28073,Humanes de Madrid,Madrid,13,Comunidad de Madrid
28074,Leganés,Madrid,13,Comunidad de Madrid
28075,Loeches,Madrid,13,Comunidad de Madrid
28076,Lozoya,Madrid,13,Comunidad de Madrid
28078,Madarcos,Madrid,13,Comunidad de Madrid
28079,Madrid,Madrid,13,Comunidad de Madrid
28080,Majadahonda,Madrid,13,Comunidad de Madrid
28082,Manzanares el Real,Madrid,13,Comunidad de Madrid
28083,Meco,Madrid,13,Comunidad de Madrid
28084,Mejorada del Campo,Madrid,13,Comunidad de Madrid
28085,Miraflores de la Sierra,Madrid,13,Comunidad de Madrid
28086,El Molar,Madrid,13,Comunidad de Madrid
28087,Los Molinos,Madrid,13,Comunidad de Madrid
28088,Montejo de la Sierra,Madrid,13,Comunidad de Madrid
28089,Moraleja de Enmedio,Madrid,13,Comunidad de Madrid
28090,Moralzarzal,Madrid,13,Comunidad de Madrid
28091,Morata de Tajuña,Madrid,13,Comunidad de Madrid
28092,Móstoles,Madrid,13,Comunidad de Madrid
28093,Navacerrada,Madrid,13,Comunidad de Madrid
28094,Navalafuente,Madrid,13,Comunidad de Madrid
28095,Navalagamella,Madrid,13,Comunidad de Madrid
28096,Navalcarnero,Madrid,13,Comunidad de Madrid
28097,Navarredonda y San Mamés,Madrid,13,Comunidad de Madrid
28099,Navas del Rey,Madrid,13,Comunidad de Madrid
28100,Nuevo Baztán,Madrid,13,Comunidad de Madrid
28101,Olmeda de las Fuentes,Madrid,13,Comunidad de Madrid
28102,Orusco de Tajuña,Madrid,13,Comunidad de Madrid
28104,Paracuellos de Jarama,Madrid,13,Comunidad de Madrid
28106,Parla,Madrid,13,Comunidad de Madrid
28107,Patones,Madrid,13,Comunidad de Madrid
28108,Pedrezuela,Madrid,13,Comunidad de Madrid
28109,Pelayos de la Presa,Madrid,13,Comunidad de Madrid
28110,Perales de Tajuña,Madrid,13,Comunidad de Madrid
28111,Pezuela de las Torres,Madrid,13,Comunidad de Madrid
28112,Pinilla del Valle,Madrid,13,Comunidad de Madrid
28113,Pinto,Madrid,13,Comunidad de Madrid
28114,Piñuécar-Gandullas,Madrid,13,Comunidad de Madrid
28115,Pozuelo de Alarcón,Madrid,13,Comunidad de Madrid
28116,Pozuelo del Rey,Madrid,13,Comunidad de Madrid
28117,Prádena del Rincón,Madrid,13,Comunidad de Madrid
28118,Puebla de la Sierra,Madrid,13,Comunidad de Madrid
28119,Quijorna,Madrid,13,Comunidad de Madrid
28120,Rascafría,Madrid,13,Comunidad de Madrid
28121,Redueña,Madrid,13,Comunidad de Madrid
28122,Ribatejada,Madrid,13,Comunidad de Madrid
28123,Rivas-Vaciamadrid,Madrid,13,Comunidad de Madrid
28124,Robledillo de la Jara,Madrid,13,Comunidad de Madrid
28125,Robledo de Chavela,Madrid,13,Comunidad de Madrid
28126,Robregordo,Madrid,13,Comunidad de Madrid
28127,Las Rozas de Madrid,Madrid,13,Comunidad de Madrid
28128,Rozas de Puerto Real,Madrid,13,Comunidad de Madrid
28129,San Agustín del Guadalix,Madrid,13,Comunidad de Madrid
28130,San Fernando de Henares,Madrid,13,Comunidad de Madrid
28131,San Lorenzo de El Escorial,Madrid,13,Comunidad de Madrid
28132,San Martín de la Vega,Madrid,13,Comunidad de Madrid
28133,San Martín de Valdeiglesias,Madrid,13,Comunidad de Madrid
28134,San Sebastián de los Reyes,Madrid,13,Comunidad de Madrid
28135,Santa María de la Alameda,Madrid,13,Comunidad de Madrid
28136,Santorcaz,Madrid,13,Comunidad de Madrid
28137,Los Santos de la Humosa,Madrid,13,Comunidad de Madrid
28138,La Serna del Monte,Madrid,13,Comunidad de Madrid
28140,Serranillos del Valle,Madrid,13,Comunidad de Madrid
28141,Sevilla la Nueva,Madrid,13,Comunidad de Madrid
28143,Somosierra,Madrid,13,Comunidad de Madrid
28144,Soto del Real,Madrid,13,Comunidad de Madrid
28145,Talamanca de Jarama,Madrid,13,Comunidad de Madrid
28146,Tielmes,Madrid,13,Comunidad de Madrid
28147,Titulcia,Madrid,13,Comunidad de Madrid
28148,Torrejón de Ardoz,Madrid,13,Comunidad de Madrid
28149,Torrejón de la Calzada,Madrid,13,Comunidad de Madrid
28150,Torrejón de Velasco,Madrid,13,Comunidad de Madrid
28151,Torrelaguna,Madrid,13,Comunidad de Madrid
28152,Torrelodones,Madrid,13,Comunidad de Madrid
28153,Torremocha de Jarama,Madrid,13,Comunidad de Madrid
28154,Torres de la Alameda,Madrid,13,Comunidad de Madrid
28155,Valdaracete,Madrid,13,Comunidad de Madrid
28156,Valdeavero,Madrid,13,Comunidad de Madrid
28157,Valdelaguna,Madrid,13,Comunidad de Madrid
28158,Valdemanco,Madrid,13,Comunidad de Madrid
28159,Valdemaqueda,Madrid,13,Comunidad de Madrid
28160,Valdemorillo,Madrid,13,Comunidad de Madrid
28161,Valdemoro,Madrid,13,Comunidad de Madrid
28162,Valdeolmos-Alalpardo,Madrid,13,Comunidad de Madrid
28163,Valdepiélagos,Madrid,13,Comunidad de Madrid
28164,Valdetorres de Jarama,Madrid,13,Comunidad de Madrid
28165,Valdilecha,Madrid,13,Comunidad de Madrid
28166,Valverde de Alcalá,Madrid,13,Comunidad de Madrid
28167,Velilla de San Antonio,Madrid,13,Comunidad de Madrid
28168,El Vellón,Madrid,13,Comunidad de Madrid
28169,Venturada,Madrid,13,Comunidad de Madrid
28170,Villaconejos,Madrid,13,Comunidad de Madrid
28171,Villa del Prado,Madrid,13,Comunidad de Madrid
28172,Villalbilla,Madrid,13,Comunidad de Madrid
28173,Villamanrique de Tajo,Madrid,13,Comunidad de Madrid
28174,Villamanta,Madrid,13,Comunidad de Madrid
28175,Villamantilla,Madrid,13,Comunidad de Madrid
28176,Villanueva de la Cañada,Madrid,13,Comunidad de Madrid
28177,Villanueva del Pardillo,Madrid,13,Comunidad de Madrid
28178,Villanueva de Perales,Madrid,13,Comunidad de Madrid
28179,Villar del Olmo,Madrid,13,Comunidad de Madrid
28180,Villarejo de Salvanés,Madrid,13,Comunidad de Madrid
28181,Villaviciosa de Odón,Madrid,13,Comunidad de Madrid
28182,Villavieja del Lozoya,Madrid,13,Comunidad de Madrid
28183,Zarzalejo,Madrid,13,Comunidad de Madrid
28901,Lozoyuela-Navas-Sieteiglesias,Madrid,13,Comunidad de Madrid
28902,Puentes Viejas,Madrid,13,Comunidad de Madrid
28903,Tres Cantos,Madrid,13,Comunidad de Madrid
29001,Alameda,Málaga,01,Andalucía
29002,Alcaucín,Málaga,01,Andalucía
29003,Alfarnate,Málaga,01,Andalucía
29004,Alfarnatejo,Málaga,01,Andalucía
29005,Algarrobo,Málaga,01,Andalucía
29006,Algatocín,Málaga,01,Andalucía
29007,Alhaurín de la Torre,Málaga,01,Andalucía
29008,Alhaurín el Grande,Málaga,01,Andalucía
29009,Almáchar,Málaga,01,Andalucía
29010,Almargen,Málaga,01,Andalucía
29011,Almogía,Málaga,01,Andalucía
29012,Álora,Málaga,01,Andalucía
29013,Alozaina,Málaga,01,Andalucía
29014,Alpandeire,Málaga,01,Andalucía
29015,Antequera,Málaga,01,Andalucía
29016,Árchez,Málaga,01,Andalucía
29017,Archidona,Málaga,01,Andalucía
29018,Ardales,Málaga,01,Andalucía
29019,Arenas,Málaga,01,Andalucía
29020,Arriate,Málaga,01,Andalucía
29021,Atajate,Málaga,01,Andalucía
29022,Benadalid,Málaga,01,Andalucía
29023,Benahavís,Málaga,01,Andalucía
29024,Benalauría,Málaga,01,Andalucía
29025,Benalmádena,Málaga,01,Andalucía
29026,Benamargosa,Málaga,01,Andalucía
29027,Benamocarra,Málaga,01,Andalucía
29028,Benaoján,Málaga,01,Andalucía
29029,Benarrabá,Málaga,01,Andalucía
29030,El Borge,Málaga,01,Andalucía
29031,El Burgo,Málaga,01,Andalucía
29032,Campillos,Málaga,01,Andalucía
29033,Canillas de Aceituno,Málaga,01,Andalucía
29034,Canillas de Albaida,Málaga,01,Andalucía
29035,Cañete la Real,Málaga,01,Andalucía
29036,Carratraca,Málaga,01,Andalucía
29037,Cartajima,Málaga,01,Andalucía
29038,Cártama,Málaga,01,Andalucía
29039,Casabermeja,Málaga,01,Andalucía
29040,Casarabonela,Málaga,01,Andalucía
29041,Casares,Málaga,01,Andalucía
29042,Coín,Málaga,01,Andalucía
29043,Colmenar,Málaga,01,Andalucía
29044,Comares,Málaga,01,Andalucía
29045,Cómpeta,Málaga,01,Andalucía
29046,Cortes de la Frontera,Málaga,01,Andalucía
29047,Cuevas Bajas,Málaga,01,Andalucía
29048,Cuevas del Becerro,Málaga,01,Andalucía
29049,Cuevas de San Marcos,Málaga,01,Andalucía
29050,Cútar,Málaga,01,Andalucía
29051,Estepona,Málaga,01,Andalucía
29052,Faraján,Málaga,01,Andalucía
29053,Frigiliana,Málaga,01,Andalucía
29054,Fuengirola,Málaga,01,Andalucía
29055,Fuente de Piedra,Málaga,01,Andalucía
29056,Gaucín,Málaga,01,Andalucía
29057,Genalguacil,Málaga,01,Andalucía
29058,Guaro,Málaga,01,Andalucía
29059,Humilladero,Málaga,01,Andalucía
29060,Igualeja,Málaga,01,Andalucía
29061,Istán,Málaga,01,Andalucía
29062,Iznate,Málaga,01,Andalucía
29063,Jimera de Líbar,Málaga,01,Andalucía
29064,Jubrique,Málaga,01,Andalucía
29065,Júzcar,Málaga,01,Andalucía
29066,Macharaviaya,Málaga,01,Andalucía
29067,Málaga,Málaga,01,Andalucía
29068,Manilva,Málaga,01,Andalucía
29069,Marbella,Málaga,01,Andalucía
29070,Mijas,Málaga,01,Andalucía
29071,Moclinejo,Málaga,01,Andalucía
29072,Mollina,Málaga,01,Andalucía
29073,Monda,Málaga,01,Andalucía
29074,Montejaque,Málaga,01,Andalucía
29075,Nerja,Málaga,01,Andalucía
29076,Ojén,Málaga,01,Andalucía
29077,Parauta,Málaga,01,Andalucía
29079,Periana,Málaga,01,Andalucía
29080,Pizarra,Málaga,01,Andalucía
29081,Pujerra,Málaga,01,Andalucía
29082,Rincón de la Victoria,Málaga,01,Andalucía
29083,Riogordo,Málaga,01,Andalucía
29084,Ronda,Málaga,01,Andalucía
29085,Salares,Málaga,01,Andalucía
29086,Sayalonga,Málaga,01,Andalucía
29087,Sedella,Málaga,01,Andalucía
29088,Sierra de Yeguas,Málaga,01,Andalucía
29089,Teba,Málaga,01,Andalucía
29090,Tolox,Málaga,01,Andalucía
29091,Torrox,Málaga,01,Andalucía
29092,Totalán,Málaga,01,Andalucía
29093,Valle de Abdalajís,Málaga,01,Andalucía
29094,Vélez-Málaga,Málaga,01,Andalucía
29095,Villanueva de Algaidas,Málaga,01,Andalucía
29096,Villanueva del Rosario,Málaga,01,Andalucía
29097,Villanueva del Trabuco,Málaga,01,Andalucía
29098,Villanueva de Tapia,Málaga,01,Andalucía
29099,Viñuela,Málaga,01,Andalucía
29100,Yunquera,Málaga,01,Andalucía
29901,Torremolinos,Málaga,01,Andalucía
29902,Villanueva de la Concepción,Málaga,01,Andalucía
29903,Montecorto,Málaga,01,Andalucía
29904,Serrato,Málaga,01,Andalucía
30001,Abanilla,Murcia,14,Región de Murcia
30002,Abarán,Murcia,14,Región de Murcia
30003,Águilas,Murcia,14,Región de Murcia
30004,Albudeite,Murcia,14,Región de Murcia
30005,Alcantarilla,Murcia,14,Región de Murcia
30006,Aledo,Murcia,14,Región de Murcia
30007,Alguazas,Murcia,14,Región de Murcia
30008,Alhama de Murcia,Murcia,14,Región de Murcia
30009,Archena,Murcia,14,Región de Murcia
30010,Beniel,Murcia,14,Región de Murcia
30011,Blanca,Murcia,14,Región de Murcia
30012,Bullas,Murcia,14,Región de Murcia
30013,Calasparra,Murcia,14,Región de Murcia
30014,Campos del Río,Murcia,14,Región de Murcia
30015,Caravaca de la Cruz,Murcia,14,Región de Murcia
30016,Cartagena,Murcia,14,Región de Murcia
30017,Cehegín,Murcia,14,Región de Murcia
30018,Ceutí,Murcia,14,Región de Murcia
30019,Cieza,Murcia,14,Región de Murcia
30020,Fortuna,Murcia,14,Región de Murcia
30021,Fuente Álamo de Murcia,Murcia,14,Región de Murcia
30022,Jumilla,Murcia,14,Región de Murcia
30023,Librilla,Murcia,14,Región de Murcia
30024,Lorca,Murcia,14,Región de Murcia
30025,Lorquí,Murcia,14,Región de Murcia
30026,Mazarrón,Murcia,14,Región de Murcia
30027,Molina de Segura,Murcia,14,Región de Murcia
30028,Moratalla,Murcia,14,Región de Murcia
30029,Mula,Murcia,14,Región de Murcia
30030,Murcia,Murcia,14,Región de Murcia
30031,Ojós,Murcia,14,Región de Murcia
30032,Pliego,Murcia,14,Región de Murcia
30033,Puerto Lumbreras,Murcia,14,Región de Murcia
30034,Ricote,Murcia,14,Región de Murcia
30035,San Javier,Murcia,14,Región de Murcia
30036,San Pedro del Pinatar,Murcia,14,Región de Murcia
30037,Torre-Pacheco,Murcia,14,Región de Murcia
30038,Las Torres de Cotillas,Murcia,14,Región de Murcia
30039,Totana,Murcia,14,Región de Murcia
30040,Ulea,Murcia,14,Región de Murcia
30041,La Unión,Murcia,14,Región de Murcia
30042,Villanueva del Río Segura,Murcia,14,Región de Murcia
30043,Yecla,Murcia,14,Región de Murcia
30901,Santomera,Murcia,14,Región de Murcia
30902,Los Alcázares,Murcia,14,Región de Murcia
31001,Abáigar,Navarra,15,Comunidad Foral de Navarra
31002,Abárzuza/Abartzuza,Navarra,15,Comunidad Foral de Navarra
31003,Abaurregaina/Abaurrea Alta,Navarra,15,Comunidad Foral de Navarra
31004,Abaurrepea/Abaurrea Baja,Navarra,15,Comunidad Foral de Navarra
31005,Aberin,Navarra,15,Comunidad Foral de Navarra
31006,Ablitas,Navarra,15,Comunidad Foral de Navarra
31007,Adiós,Navarra,15,Comunidad Foral de Navarra
31008,Aguilar de Codés,Navarra,15,Comunidad Foral de Navarra
31009,Aibar/Oibar,Navarra,15,Comunidad Foral de Navarra
31010,Altsasu/Alsasua,Navarra,15,Comunidad Foral de Navarra
31011,Allín/Allin,Navarra,15,Comunidad Foral de Navarra
31012,Allo,Navarra,15,Comunidad Foral de Navarra
31013,Améscoa Baja,Navarra,15,Comunidad Foral de Navarra
31014,Ancín/Antzin,Navarra,15,Comunidad Foral de Navarra
31015,Andosilla,Navarra,15,Comunidad Foral de Navarra
31016,Ansoáin/Antsoain,Navarra,15,Comunidad Foral de Navarra
31017,Anue,Navarra,15,Comunidad Foral de Navarra
31018,Añorbe,Navarra,15,Comunidad Foral de Navarra
31019,Aoiz/Agoitz,Navarra,15,Comunidad Foral de Navarra
31020,Araitz,Navarra,15,Comunidad Foral de Navarra
31021,Aranarache/Aranaratxe,Navarra,15,Comunidad Foral de Navarra
31022,Arantza,Navarra,15,Comunidad Foral de Navarra
31023,Aranguren,Navarra,15,Comunidad Foral de Navarra
31024,Arano,Navarra,15,Comunidad Foral de Navarra
31025,Arakil,Navarra,15,Comunidad Foral de Navarra
31026,Aras,Navarra,15,Comunidad Foral de Navarra
31027,Arbizu,Navarra,15,Comunidad Foral de Navarra
31028,Arce/Artzi,Navarra,15,Comunidad Foral de Navarra
31029,Los Arcos,Navarra,15,Comunidad Foral de Navarra
31030,Arellano,Navarra,15,Comunidad Foral de Navarra
31031,Areso,Navarra,15,Comunidad Foral de Navarra
31032,Arguedas,Navarra,15,Comunidad Foral de Navarra
31033,Aria,Navarra,15,Comunidad Foral de Navarra
31034,Aribe,Navarra,15,Comunidad Foral de Navarra
31035,Armañanzas,Navarra,15,Comunidad Foral de Navarra
31036,Arróniz,Navarra,15,Comunidad Foral de Navarra
31037,Arruazu,Navarra,15,Comunidad Foral de Navarra
31038,Artajona,Navarra,15,Comunidad Foral de Navarra
31039,Artazu,Navarra,15,Comunidad Foral de Navarra
31040,Atetz,Navarra,15,Comunidad Foral de Navarra
31041,Ayegui/Aiegi,Navarra,15,Comunidad Foral de Navarra
31042,Azagra,Navarra,15,Comunidad Foral de Navarra
31043,Azuelo,Navarra,15,Comunidad Foral de Navarra
31044,Bakaiku,Navarra,15,Comunidad Foral de Navarra
31045,Barásoain,Navarra,15,Comunidad Foral de Navarra
31046,Barbarin,Navarra,15,Comunidad Foral de Navarra
31047,Bargota,Navarra,15,Comunidad Foral de Navarra
31048,Barillas,Navarra,15,Comunidad Foral de Navarra
31049,Basaburua,Navarra,15,Comunidad Foral de Navarra
31050,Baztan,Navarra,15,Comunidad Foral de Navarra
31051,Beire,Navarra,15,Comunidad Foral de Navarra
31052,Belascoáin,Navarra,15,Comunidad Foral de Navarra
31053,Berbinzana,Navarra,15,Comunidad Foral de Navarra
31054,Bertizarana,Navarra,15,Comunidad Foral de Navarra
31055,Betelu,Navarra,15,Comunidad Foral de Navarra
31056,Biurrun-Olcoz,Navarra,15,Comunidad Foral de Navarra
31057,Buñuel,Navarra,15,Comunidad Foral de Navarra
31058,Auritz/Burguete,Navarra,15,Comunidad Foral de Navarra
31059,Burgui/Burgi,Navarra,15,Comunidad Foral de Navarra
31060,Burlada/Burlata,Navarra,15,Comunidad Foral de Navarra
31061,El Busto,Navarra,15,Comunidad Foral de Navarra
31062,Cabanillas,Navarra,15,Comunidad Foral de Navarra
31063,Cabredo,Navarra,15,Comunidad Foral de Navarra
31064,Cadreita,Navarra,15,Comunidad Foral de Navarra
31065,Caparroso,Navarra,15,Comunidad Foral de Navarra
31066,Cárcar,Navarra,15,Comunidad Foral de Navarra
31067,Carcastillo,Navarra,15,Comunidad Foral de Navarra
31068,Cascante,Navarra,15,Comunidad Foral de Navarra
31069,Cáseda,Navarra,15,Comunidad Foral de Navarra
31070,Castejón,Navarra,15,Comunidad Foral de Navarra
31071,Castillonuevo/Gazteluberri,Navarra,15,Comunidad Foral de Navarra
31072,Cintruénigo,Navarra,15,Comunidad Foral de Navarra
31073,Ziordia,Navarra,15,Comunidad Foral de Navarra
31074,Cirauqui/Zirauki,Navarra,15,Comunidad Foral de Navarra
31075,Ciriza/Ziritza,Navarra,15,Comunidad Foral de Navarra
31076,Cizur,Navarra,15,Comunidad Foral de Navarra
31077,Corella,Navarra,15,Comunidad Foral de Navarra
31078,Cortes,Navarra,15,Comunidad Foral de Navarra
31079,Desojo,Navarra,15,Comunidad Foral de Navarra
31080,Dicastillo,Navarra,15,Comunidad Foral de Navarra
31081,Donamaria,Navarra,15,Comunidad Foral de Navarra
31082,Etxalar,Navarra,15,Comunidad Foral de Navarra
31083,Echarri/Etxarri,Navarra,15,Comunidad Foral de Navarra
31084,Etxarri Aranatz,Navarra,15,Comunidad Foral de Navarra
31085,Etxauri,Navarra,15,Comunidad Foral de Navarra
31086,Valle de Egüés/Eguesibar,Navarra,15,Comunidad Foral de Navarra
31087,Elgorriaga,Navarra,15,Comunidad Foral de Navarra
31088,Valle de Elorz/Elortzibar,Navarra,15,Comunidad Foral de Navarra
31089,Enériz/Eneritz,Navarra,15,Comunidad Foral de Navarra
31090,Eratsun,Navarra,15,Comunidad Foral de Navarra
31091,Ergoiena,Navarra,15,Comunidad Foral de Navarra
31092,Erro,Navarra,15,Comunidad Foral de Navarra
31093,Ezcároz/Ezkaroze,Navarra,15,Comunidad Foral de Navarra
31094,Eslava,Navarra,15,Comunidad Foral de Navarra
31095,Esparza de Salazar/Espartza Zaraitzu,Navarra,15,Comunidad Foral de Navarra
31096,Espronceda,Navarra,15,Comunidad Foral de Navarra
31097,Estella-Lizarra,Navarra,15,Comunidad Foral de Navarra
31098,Esteribar,Navarra,15,Comunidad Foral de Navarra
31099,Etayo,Navarra,15,Comunidad Foral de Navarra
31100,Eulate,Navarra,15,Comunidad Foral de Navarra
31101,Ezcabarte,Navarra,15,Comunidad Foral de Navarra
31102,Ezkurra,Navarra,15,Comunidad Foral de Navarra
31103,Ezprogui,Navarra,15,Comunidad Foral de Navarra
31104,Falces,Navarra,15,Comunidad Foral de Navarra
31105,Fitero,Navarra,15,Comunidad Foral de Navarra
31106,Fontellas,Navarra,15,Comunidad Foral de Navarra
31107,Funes,Navarra,15,Comunidad Foral de Navarra
31108,Fustiñana,Navarra,15,Comunidad Foral de Navarra
31109,Galar,Navarra,15,Comunidad Foral de Navarra
31110,Gallipienzo/Galipentzu,Navarra,15,Comunidad Foral de Navarra
31111,Gallués/Galoze,Navarra,15,Comunidad Foral de Navarra
31112,Garaioa,Navarra,15,Comunidad Foral de Navarra
31113,Garde,Navarra,15,Comunidad Foral de Navarra
31114,Garínoain,Navarra,15,Comunidad Foral de Navarra
31115,Garralda,Navarra,15,Comunidad Foral de Navarra
31116,Genevilla,Navarra,15,Comunidad Foral de Navarra
31117,Goizueta,Navarra,15,Comunidad Foral de Navarra
31118,Val de Goñi/Goñerri,Navarra,15,Comunidad Foral de Navarra
31119,Güesa/Gorza,Navarra,15,Comunidad Foral de Navarra
31120,Guesálaz/Gesalatz,Navarra,15,Comunidad Foral de Navarra
31121,Guirguillano,Navarra,15,Comunidad Foral de Navarra
31122,Huarte/Uharte,Navarra,15,Comunidad Foral de Navarra
31123,Uharte Arakil,Navarra,15,Comunidad Foral de Navarra
31124,Ibargoiti,Navarra,15,Comunidad Foral de Navarra
31125,Igúzquiza,Navarra,15,Comunidad Foral de Navarra
31126,Imotz,Navarra,15,Comunidad Foral de Navarra
31127,Irañeta,Navarra,15,Comunidad Foral de Navarra
31128,Isaba/Izaba,Navarra,15,Comunidad Foral de Navarra
31129,Ituren,Navarra,15,Comunidad Foral de Navarra
31130,Iturmendi,Navarra,15,Comunidad Foral de Navarra
31131,Iza/Itza,Navarra,15,Comunidad Foral de Navarra
31132,Izagaondoa,Navarra,15,Comunidad Foral de Navarra
31133,Izalzu/Itzaltzu,Navarra,15,Comunidad Foral de Navarra
31134,Jaurrieta,Navarra,15,Comunidad Foral de Navarra
31135,Javier,Navarra,15,Comunidad Foral de Navarra
31136,Juslapeña/Txulapain,Navarra,15,Comunidad Foral de Navarra
31137,Beintza-Labaien,Navarra,15,Comunidad Foral de Navarra
31138,Lakuntza,Navarra,15,Comunidad Foral de Navarra
31139,Lana,Navarra,15,Comunidad Foral de Navarra
31140,Lantz,Navarra,15,Comunidad Foral de Navarra
31141,Lapoblación,Navarra,15,Comunidad Foral de Navarra
31142,Larraga,Navarra,15,Comunidad Foral de Navarra
31143,Larraona,Navarra,15,Comunidad Foral de Navarra
31144,Larraun,Navarra,15,Comunidad Foral de Navarra
31145,Lazagurría,Navarra,15,Comunidad Foral de Navarra
31146,Leache/Leatxe,Navarra,15,Comunidad Foral de Navarra
31147,Legarda,Navarra,15,Comunidad Foral de Navarra
31148,Legaria,Navarra,15,Comunidad Foral de Navarra
31149,Leitza,Navarra,15,Comunidad Foral de Navarra
31150,Leoz/Leotz,Navarra,15,Comunidad Foral de Navarra
31151,Lerga,Navarra,15,Comunidad Foral de Navarra
31152,Lerín,Navarra,15,Comunidad Foral de Navarra
31153,Lesaka,Navarra,15,Comunidad Foral de Navarra
31154,Lezaun,Navarra,15,Comunidad Foral de Navarra
31155,Liédena,Navarra,15,Comunidad Foral de Navarra
31156,Lizoain-Arriasgoiti/Lizoainibar-Arriasgoiti,Navarra,15,Comunidad Foral de Navarra
31157,Lodosa,Navarra,15,Comunidad Foral de Navarra
31158,Lónguida/Longida,Navarra,15,Comunidad Foral de Navarra
31159,Lumbier,Navarra,15,Comunidad Foral de Navarra
31160,Luquin,Navarra,15,Comunidad Foral de Navarra
31161,Mañeru,Navarra,15,Comunidad Foral de Navarra
31162,Marañón,Navarra,15,Comunidad Foral de Navarra
31163,Marcilla,Navarra,15,Comunidad Foral de Navarra
31164,Mélida,Navarra,15,Comunidad Foral de Navarra
31165,Mendavia,Navarra,15,Comunidad Foral de Navarra
31166,Mendaza,Navarra,15,Comunidad Foral de Navarra
31167,Mendigorria,Navarra,15,Comunidad Foral de Navarra
31168,Metauten,Navarra,15,Comunidad Foral de Navarra
31169,Milagro,Navarra,15,Comunidad Foral de Navarra
31170,Mirafuentes,Navarra,15,Comunidad Foral de Navarra
31171,Miranda de Arga,Navarra,15,Comunidad Foral de Navarra
31172,Monreal/Elo,Navarra,15,Comunidad Foral de Navarra
31173,Monteagudo,Navarra,15,Comunidad Foral de Navarra
31174,Morentin,Navarra,15,Comunidad Foral de Navarra
31175,Mues,Navarra,15,Comunidad Foral de Navarra
31176,Murchante,Navarra,15,Comunidad Foral de Navarra
31177,Murieta,Navarra,15,Comunidad Foral de Navarra
31178,Murillo el Cuende,Navarra,15,Comunidad Foral de Navarra
31179,Murillo el Fruto,Navarra,15,Comunidad Foral de Navarra
31180,Muruzábal,Navarra,15,Comunidad Foral de Navarra
31181,Navascués/Nabaskoze,Navarra,15,Comunidad Foral de Navarra
31182,Nazar,Navarra,15,Comunidad Foral de Navarra
31183,Obanos,Navarra,15,Comunidad Foral de Navarra
31184,Oco,Navarra,15,Comunidad Foral de Navarra
31185,Ochagavía/Otsagabia,Navarra,15,Comunidad Foral de Navarra
31186,Odieta,Navarra,15,Comunidad Foral de Navarra
31187,Oiz,Navarra,15,Comunidad Foral de Navarra
31188,Olaibar,Navarra,15,Comunidad Foral de Navarra
31189,Olazti/Olazagutía,Navarra,15,Comunidad Foral de Navarra
31190,Olejua,Navarra,15,Comunidad Foral de Navarra
31191,Olite/Erriberri,Navarra,15,Comunidad Foral de Navarra
31192,Olóriz/Oloritz,Navarra,15,Comunidad Foral de Navarra
31193,Cendea de Olza/Oltza Zendea,Navarra,15,Comunidad Foral de Navarra
31194,Valle de Ollo/Ollaran,Navarra,15,Comunidad Foral de Navarra
31195,Orbaizeta,Navarra,15,Comunidad Foral de Navarra
31196,Orbara,Navarra,15,Comunidad Foral de Navarra
31197,Orísoain,Navarra,15,Comunidad Foral de Navarra
31198,Oronz/Orontze,Navarra,15,Comunidad Foral de Navarra
31199,Oroz-Betelu/Orotz-Betelu,Navarra,15,Comunidad Foral de Navarra
31200,Oteiza,Navarra,15,Comunidad Foral de Navarra
31201,Pamplona/Iruña,Navarra,15,Comunidad Foral de Navarra
31202,Peralta/Azkoien,Navarra,15,Comunidad Foral de Navarra
31203,Petilla de Aragón,Navarra,15,Comunidad Foral de Navarra
31204,Piedramillera,Navarra,15,Comunidad Foral de Navarra
31205,Pitillas,Navarra,15,Comunidad Foral de Navarra
31206,Puente la Reina/Gares,Navarra,15,Comunidad Foral de Navarra
31207,Pueyo/Puiu,Navarra,15,Comunidad Foral de Navarra
31208,Ribaforada,Navarra,15,Comunidad Foral de Navarra
31209,Romanzado/Erromantzatua,Navarra,15,Comunidad Foral de Navarra
31210,Roncal/Erronkari,Navarra,15,Comunidad Foral de Navarra
31211,Orreaga/Roncesvalles,Navarra,15,Comunidad Foral de Navarra
31212,Sada,Navarra,15,Comunidad Foral de Navarra
31213,Saldías,Navarra,15,Comunidad Foral de Navarra
31214,Salinas de Oro/Jaitz,Navarra,15,Comunidad Foral de Navarra
31215,San Adrián,Navarra,15,Comunidad Foral de Navarra
31216,Sangüesa/Zangoza,Navarra,15,Comunidad Foral de Navarra
31217,San Martín de Unx,Navarra,15,Comunidad Foral de Navarra
31219,Sansol,Navarra,15,Comunidad Foral de Navarra
31220,Santacara,Navarra,15,Comunidad Foral de Navarra
31221,Doneztebe/Santesteban,Navarra,15,Comunidad Foral de Navarra
31222,Sarriés/Sartze,Navarra,15,Comunidad Foral de Navarra
31223,Sartaguda,Navarra,15,Comunidad Foral de Navarra
31224,Sesma,Navarra,15,Comunidad Foral de Navarra
31225,Sorlada,Navarra,15,Comunidad Foral de Navarra
31226,Sunbilla,Navarra,15,Comunidad Foral de Navarra
31227,Tafalla,Navarra,15,Comunidad Foral de Navarra
31228,Tiebas-Muruarte de Reta,Navarra,15,Comunidad Foral de Navarra
31229,Tirapu,Navarra,15,Comunidad Foral de Navarra
31230,Torralba del Río,Navarra,15,Comunidad Foral de Navarra
31231,Torres del Río,Navarra,15,Comunidad Foral de Navarra
31232,Tudela,Navarra,15,Comunidad Foral de Navarra
31233,Tulebras,Navarra,15,Comunidad Foral de Navarra
31234,Ucar,Navarra,15,Comunidad Foral de Navarra
31235,Ujué/Uxue,Navarra,15,Comunidad Foral de Navarra
31236,Ultzama,Navarra,15,Comunidad Foral de Navarra
31237,Unciti,Navarra,15,Comunidad Foral de Navarra
31238,Unzué/Untzue,Navarra,15,Comunidad Foral de Navarra
31239,Urdazubi/Urdax,Navarra,15,Comunidad Foral de Navarra
31240,Urdiain,Navarra,15,Comunidad Foral de Navarra
31241,Urraul Alto,Navarra,15,Comunidad Foral de Navarra
31242,Urraul Bajo,Navarra,15,Comunidad Foral de Navarra
31243,Urroz-Villa,Navarra,15,Comunidad Foral de Navarra
31244,Urroz,Navarra,15,Comunidad Foral de Navarra
31245,Urzainqui/Urzainki,Navarra,15,Comunidad Foral de Navarra
31246,Uterga,Navarra,15,Comunidad Foral de Navarra
31247,Uztárroz/Uztarroze,Navarra,15,Comunidad Foral de Navarra
31248,Luzaide/Valcarlos,Navarra,15,Comunidad Foral de Navarra
31249,Valtierra,Navarra,15,Comunidad Foral de Navarra
31250,Bera,Navarra,15,Comunidad Foral de Navarra
31251,Viana,Navarra,15,Comunidad Foral de Navarra
31252,Vidángoz/Bidankoze,Navarra,15,Comunidad Foral de Navarra
31253,Bidaurreta,Navarra,15,Comunidad Foral de Navarra
31254,Villafranca,Navarra,15,Comunidad Foral de Navarra
31255,Villamayor de Monjardín,Navarra,15,Comunidad Foral de Navarra
31256,Hiriberri/Villanueva de Aezkoa,Navarra,15,Comunidad Foral de Navarra
31257,Villatuerta,Navarra,15,Comunidad Foral de Navarra
31258,Villava/Atarrabia,Navarra,15,Comunidad Foral de Navarra
31259,Igantzi,Navarra,15,Comunidad Foral de Navarra
31260,Valle de Yerri/Deierri,Navarra,15,Comunidad Foral de Navarra
31261,Yesa,Navarra,15,Comunidad Foral de Navarra
31262,Zabalza/Zabaltza,Navarra,15,Comunidad Foral de Navarra
31263,Zubieta,Navarra,15,Comunidad Foral de Navarra
31264,Zugarramurdi,Navarra,15,Comunidad Foral de Navarra
31265,Zúñiga,Navarra,15,Comunidad Foral de Navarra
31901,Barañáin/Barañain,Navarra,15,Comunidad Foral de Navarra
31902,Berrioplano/Berriobeiti,Navarra,15,Comunidad Foral de Navarra
31903,Berriozar,Navarra,15,Comunidad Foral de Navarra
31904,Irurtzun,Navarra,15,Comunidad Foral de Navarra
31905,Beriáin,Navarra,15,Comunidad Foral de Navarra
31906,Orkoien,Navarra,15,Comunidad Foral de Navarra
31907,Zizur Mayor/Zizur Nagusia,Navarra,15,Comunidad Foral de Navarra
31908,Lekunberri,Navarra,15,Comunidad Foral de Navarra
32001,Allariz,Ourense,12,Galicia
32002,Amoeiro,Ourense,12,Galicia
32003,A Arnoia,Ourense,12,Galicia
32004,Avión,Ourense,12,Galicia
32005,Baltar,Ourense,12,Galicia
32006,Bande,Ourense,12,Galicia
32007,Baños de Molgas,Ourense,12,Galicia
32008,Barbadás,Ourense,12,Galicia
32009,"Barco de Valdeorras, O",Ourense,12,Galicia
32010,Beade,Ourense,12,Galicia
32011,Beariz,Ourense,12,Galicia
32012,"Blancos, Os",Ourense,12,Galicia
32013,Boborás,Ourense,12,Galicia
32014,A Bola,Ourense,12,Galicia
32015,"Bolo, O",Ourense,12,Galicia
32016,Calvos de Randín,Ourense,12,Galicia
32017,Carballeda de Valdeorras,Ourense,12,Galicia
32018,Carballeda de Avia,Ourense,12,Galicia
32019,"Carballiño, O",Ourense,12,Galicia
32020,Cartelle,Ourense,12,Galicia
32021,Castrelo do Val,Ourense,12,Galicia
32022,Castrelo de Miño,Ourense,12,Galicia
32023,Castro Caldelas,Ourense,12,Galicia
32024,Celanova,Ourense,12,Galicia
32025,Cenlle,Ourense,12,Galicia
32026,Coles,Ourense,12,Galicia
32027,Cortegada,Ourense,12,Galicia
32028,Cualedro,Ourense,12,Galicia
32029,Chandrexa de Queixa,Ourense,12,Galicia
32030,Entrimo,Ourense,12,Galicia
32031,Esgos,Ourense,12,Galicia
32032,Xinzo de Limia,Ourense,12,Galicia
32033,Gomesende,Ourense,12,Galicia
32034,A Gudiña,Ourense,12,Galicia
32035,"Irixo, O",Ourense,12,Galicia
32036,Xunqueira de Ambía,Ourense,12,Galicia
32037,Xunqueira de Espadanedo,Ourense,12,Galicia
32038,Larouco,Ourense,12,Galicia
32039,Laza,Ourense,12,Galicia
32040,Leiro,Ourense,12,Galicia
32041,Lobeira,Ourense,12,Galicia
32042,Lobios,Ourense,12,Galicia
32043,Maceda,Ourense,12,Galicia
32044,Manzaneda,Ourense,12,Galicia
32045,Maside,Ourense,12,Galicia
32046,Melón,Ourense,12,Galicia
32047,A Merca,Ourense,12,Galicia
32048,A Mezquita,Ourense,12,Galicia
32049,Montederramo,Ourense,12,Galicia
32050,Monterrei,Ourense,12,Galicia
32051,Muíños,Ourense,12,Galicia
32052,Nogueira de Ramuín,Ourense,12,Galicia
32053,Oímbra,Ourense,12,Galicia
32054,Ourense,Ourense,12,Galicia
32055,Paderne de Allariz,Ourense,12,Galicia
32056,Padrenda,Ourense,12,Galicia
32057,Parada de Sil,Ourense,12,Galicia
32058,"Pereiro de Aguiar, O",Ourense,12,Galicia
32059,A Peroxa,Ourense,12,Galicia
32060,Petín,Ourense,12,Galicia
32061,Piñor,Ourense,12,Galicia
32062,Porqueira,Ourense,12,Galicia
32063,A Pobra de Trives,Ourense,12,Galicia
32064,Pontedeva,Ourense,12,Galicia
32065,Punxín,Ourense,12,Galicia
32066,Quintela de Leirado,Ourense,12,Galicia
32067,Rairiz de Veiga,Ourense,12,Galicia
32068,Ramirás,Ourense,12,Galicia
32069,Ribadavia,Ourense,12,Galicia
32070,San Xoán de Río,Ourense,12,Galicia
32071,Riós,Ourense,12,Galicia
32072,A Rúa,Ourense,12,Galicia
32073,Rubiá,Ourense,12,Galicia
32074,San Amaro,Ourense,12,Galicia
32075,San Cibrao das Viñas,Ourense,12,Galicia
32076,San Cristovo de Cea,Ourense,12,Galicia
32077,Sandiás,Ourense,12,Galicia
32078,Sarreaus,Ourense,12,Galicia
32079,Taboadela,Ourense,12,Galicia
32080,A Teixeira,Ourense,12,Galicia
32081,Toén,Ourense,12,Galicia
32082,Trasmiras,Ourense,12,Galicia
32083,A Veiga,Ourense,12,Galicia
32084,Verea,Ourense,12,Galicia
32085,Verín,Ourense,12,Galicia
32086,Viana do Bolo,Ourense,12,Galicia
32087,Vilamarín,Ourense,12,Galicia
32088,Vilamartín de Valdeorras,Ourense,12,Galicia
32089,Vilar de Barrio,Ourense,12,Galicia
32090,Vilar de Santos,Ourense,12,Galicia
32091,Vilardevós,Ourense,12,Galicia
32092,Vilariño de Conso,Ourense,12,Galicia
33001,Allande,Asturias,03,Asturias
33002,Aller,Asturias,03,Asturias
33003,Amieva,Asturias,03,Asturias
33004,Avilés,Asturias,03,Asturias
33005,Belmonte de Miranda,Asturias,03,Asturias
33006,Bimenes,Asturias,03,Asturias
33007,Boal,Asturias,03,Asturias
33008,Cabrales,Asturias,03,Asturias
33009,Cabranes,Asturias,03,Asturias
33010,Candamo,Asturias,03,Asturias
33011,Cangas del Narcea,Asturias,03,Asturias
33012,Cangas de Onís,Asturias,03,Asturias
33013,Caravia,Asturias,03,Asturias
33014,Carreño,Asturias,03,Asturias
33015,Caso,Asturias,03,Asturias
33016,Castrillón,Asturias,03,Asturias
33017,Castropol,Asturias,03,Asturias
33018,Coaña,Asturias,03,Asturias
33019,Colunga,Asturias,03,Asturias
33020,Corvera de Asturias,Asturias,03,Asturias
33021,Cudillero,Asturias,03,Asturias
33022,Degaña,Asturias,03,Asturias
33023,El Franco,Asturias,03,Asturias
33024,Gijón,Asturias,03,Asturias
33025,Gozón,Asturias,03,Asturias
33026,Grado,Asturias,03,Asturias
33027,Grandas de Salime,Asturias,03,Asturias
33028,Ibias,Asturias,03,Asturias
33029,Illano,Asturias,03,Asturias
33030,Illas,Asturias,03,Asturias
33031,Langreo,Asturias,03,Asturias
33032,Laviana,Asturias,03,Asturias
33033,Lena,Asturias,03,Asturias
33034,Valdés,Asturias,03,Asturias
33035,Llanera,Asturias,03,Asturias
33036,Llanes,Asturias,03,Asturias
33037,Mieres,Asturias,03,Asturias
33038,Morcín,Asturias,03,Asturias
33039,Muros de Nalón,Asturias,03,Asturias
33040,Nava,Asturias,03,Asturias
33041,Navia,Asturias,03,Asturias
33042,Noreña,Asturias,03,Asturias
33043,Onís,Asturias,03,Asturias
33044,Oviedo,Asturias,03,Asturias
33045,Parres,Asturias,03,Asturias
33046,Peñamellera Alta,Asturias,03,Asturias
33047,Peñamellera Baja,Asturias,03,Asturias
33048,Pesoz,Asturias,03,Asturias
33049,Piloña,Asturias,03,Asturias
33050,Ponga,Asturias,03,Asturias
33051,Pravia,Asturias,03,Asturias
33052,Proaza,Asturias,03,Asturias
33053,Quirós,Asturias,03,Asturias
33054,Las Regueras,Asturias,03,Asturias
33055,Ribadedeva,Asturias,03,Asturias
33056,Ribadesella,Asturias,03,Asturias
33057,Ribera de Arriba,Asturias,03,Asturias
33058,Riosa,Asturias,03,Asturias
33059,Salas,Asturias,03,Asturias
33060,San Martín del Rey Aurelio,Asturias,03,Asturias
33061,San Martín de Oscos,Asturias,03,Asturias
33062,Santa Eulalia de Oscos,Asturias,03,Asturias
33063,San Tirso de Abres,Asturias,03,Asturias
33064,Santo Adriano,Asturias,03,Asturias
33065,Sariego,Asturias,03,Asturias
33066,Siero,Asturias,03,Asturias
33067,Sobrescobio,Asturias,03,Asturias
33068,Somiedo,Asturias,03,Asturias
33069,Soto del Barco,Asturias,03,Asturias
33070,Tapia de Casariego,Asturias,03,Asturias
33071,Taramundi,Asturias,03,Asturias
33072,Teverga,Asturias,03,Asturias
33073,Tineo,Asturias,03,Asturias
33074,Vegadeo,Asturias,03,Asturias
33075,Villanueva de Oscos,Asturias,03,Asturias
33076,Villaviciosa,Asturias,03,Asturias
33077,Villayón,Asturias,03,Asturias
33078,Yernes y Tameza,Asturias,03,Asturias
34001,Abarca de Campos,Palencia,07,Castilla y León
34003,Abia de las Torres,Palencia,07,Castilla y León
34004,Aguilar de Campoo,Palencia,07,Castilla y León
34005,Alar del Rey,Palencia,07,Castilla y León
34006,Alba de Cerrato,Palencia,07,Castilla y León
34009,Amayuelas de Arriba,Palencia,07,Castilla y León
34010,Ampudia,Palencia,07,Castilla y León
34011,Amusco,Palencia,07,Castilla y León
34012,Antigüedad,Palencia,07,Castilla y León
34015,Arconada,Palencia,07,Castilla y León
34017,Astudillo,Palencia,07,Castilla y León
34018,Autilla del Pino,Palencia,07,Castilla y León
34019,Autillo de Campos,Palencia,07,Castilla y León
34020,Ayuela,Palencia,07,Castilla y León
34022,Baltanás,Palencia,07,Castilla y León
34023,Venta de Baños,Palencia,07,Castilla y León
34024,Baquerín de Campos,Palencia,07,Castilla y León
34025,Bárcena de Campos,Palencia,07,Castilla y León
34027,Barruelo de Santullán,Palencia,07,Castilla y León
34028,Báscones de Ojeda,Palencia,07,Castilla y León
34029,Becerril de Campos,Palencia,07,Castilla y León
34031,Belmonte de Campos,Palencia,07,Castilla y León
34032,Berzosilla,Palencia,07,Castilla y León
34033,Boada de Campos,Palencia,07,Castilla y León
34034,Boadilla del Camino,Palencia,07,Castilla y León
34035,Boadilla de Rioseco,Palencia,07,Castilla y León
34036,Brañosera,Palencia,07,Castilla y León
34037,Buenavista de Valdavia,Palencia,07,Castilla y León
34038,Bustillo de la Vega,Palencia,07,Castilla y León
34039,Bustillo del Páramo de Carrión,Palencia,07,Castilla y León
34041,Calahorra de Boedo,Palencia,07,Castilla y León
34042,Calzada de los Molinos,Palencia,07,Castilla y León
34045,Capillas,Palencia,07,Castilla y León
34046,Cardeñosa de Volpejera,Palencia,07,Castilla y León
34047,Carrión de los Condes,Palencia,07,Castilla y León
34048,Castil de Vela,Palencia,07,Castilla y León
34049,Castrejón de la Peña,Palencia,07,Castilla y León
34050,Castrillo de Don Juan,Palencia,07,Castilla y León
34051,Castrillo de Onielo,Palencia,07,Castilla y León
34052,Castrillo de Villavega,Palencia,07,Castilla y León
34053,Castromocho,Palencia,07,Castilla y León
34055,Cervatos de la Cueza,Palencia,07,Castilla y León
34056,Cervera de Pisuerga,Palencia,07,Castilla y León
34057,Cevico de la Torre,Palencia,07,Castilla y León
34058,Cevico Navero,Palencia,07,Castilla y León
34059,Cisneros,Palencia,07,Castilla y León
34060,Cobos de Cerrato,Palencia,07,Castilla y León
34061,Collazos de Boedo,Palencia,07,Castilla y León
34062,Congosto de Valdavia,Palencia,07,Castilla y León
34063,Cordovilla la Real,Palencia,07,Castilla y León
34066,Cubillas de Cerrato,Palencia,07,Castilla y León
34067,Dehesa de Montejo,Palencia,07,Castilla y León
34068,Dehesa de Romanos,Palencia,07,Castilla y León
34069,Dueñas,Palencia,07,Castilla y León
34070,Espinosa de Cerrato,Palencia,07,Castilla y León
34071,Espinosa de Villagonzalo,Palencia,07,Castilla y León
34072,Frechilla,Palencia,07,Castilla y León
34073,Fresno del Río,Palencia,07,Castilla y León
34074,Frómista,Palencia,07,Castilla y León
34076,Fuentes de Nava,Palencia,07,Castilla y León
34077,Fuentes de Valdepero,Palencia,07,Castilla y León
34079,Grijota,Palencia,07,Castilla y León
34080,Guardo,Palencia,07,Castilla y León
34081,Guaza de Campos,Palencia,07,Castilla y León
34082,Hérmedes de Cerrato,Palencia,07,Castilla y León
34083,Herrera de Pisuerga,Palencia,07,Castilla y León
34084,Herrera de Valdecañas,Palencia,07,Castilla y León
34086,Hontoria de Cerrato,Palencia,07,Castilla y León
34087,Hornillos de Cerrato,Palencia,07,Castilla y León
34088,Husillos,Palencia,07,Castilla y León
34089,Itero de la Vega,Palencia,07,Castilla y León
34091,Lagartos,Palencia,07,Castilla y León
34092,Lantadilla,Palencia,07,Castilla y León
34093,La Vid de Ojeda,Palencia,07,Castilla y León
34094,Ledigos,Palencia,07,Castilla y León
34096,Lomas,Palencia,07,Castilla y León
34098,Magaz de Pisuerga,Palencia,07,Castilla y León
34099,Manquillos,Palencia,07,Castilla y León
34100,Mantinos,Palencia,07,Castilla y León
34101,Marcilla de Campos,Palencia,07,Castilla y León
34102,Mazariegos,Palencia,07,Castilla y León
34103,Mazuecos de Valdeginate,Palencia,07,Castilla y León
34104,Melgar de Yuso,Palencia,07,Castilla y León
34106,Meneses de Campos,Palencia,07,Castilla y León
34107,Micieces de Ojeda,Palencia,07,Castilla y León
34108,Monzón de Campos,Palencia,07,Castilla y León
34109,Moratinos,Palencia,07,Castilla y León
34110,Mudá,Palencia,07,Castilla y León
34112,Nogal de las Huertas,Palencia,07,Castilla y León
34113,Olea de Boedo,Palencia,07,Castilla y León
34114,Olmos de Ojeda,Palencia,07,Castilla y León
34116,Osornillo,Palencia,07,Castilla y León
34120,Palencia,Palencia,07,Castilla y León
34121,Palenzuela,Palencia,07,Castilla y León
34122,Páramo de Boedo,Palencia,07,Castilla y León
34123,Paredes de Nava,Palencia,07,Castilla y León
34124,Payo de Ojeda,Palencia,07,Castilla y León
34125,Pedraza de Campos,Palencia,07,Castilla y León
34126,Pedrosa de la Vega,Palencia,07,Castilla y León
34127,Perales,Palencia,07,Castilla y León
34129,Pino del Río,Palencia,07,Castilla y León
34130,Piña de Campos,Palencia,07,Castilla y León
34131,Población de Arroyo,Palencia,07,Castilla y León
34132,Población de Campos,Palencia,07,Castilla y León
34133,Población de Cerrato,Palencia,07,Castilla y León
34134,Polentinos,Palencia,07,Castilla y León
34135,Pomar de Valdivia,Palencia,07,Castilla y León
34136,Poza de la Vega,Palencia,07,Castilla y León
34137,Pozo de Urama,Palencia,07,Castilla y León
34139,Prádanos de Ojeda,Palencia,07,Castilla y León
34140,La Puebla de Valdavia,Palencia,07,Castilla y León
34141,Quintana del Puente,Palencia,07,Castilla y León
34143,Quintanilla de Onsoña,Palencia,07,Castilla y León
34146,Reinoso de Cerrato,Palencia,07,Castilla y León
34147,Renedo de la Vega,Palencia,07,Castilla y León
34149,Requena de Campos,Palencia,07,Castilla y León
34151,Respenda de la Peña,Palencia,07,Castilla y León
34152,Revenga de Campos,Palencia,07,Castilla y León
34154,Revilla de Collazos,Palencia,07,Castilla y León
34155,Ribas de Campos,Palencia,07,Castilla y León
34156,Riberos de la Cueza,Palencia,07,Castilla y León
34157,Saldaña,Palencia,07,Castilla y León
34158,Salinas de Pisuerga,Palencia,07,Castilla y León
34159,San Cebrián de Campos,Palencia,07,Castilla y León
34160,San Cebrián de Mudá,Palencia,07,Castilla y León
34161,San Cristóbal de Boedo,Palencia,07,Castilla y León
34163,San Mamés de Campos,Palencia,07,Castilla y León
34165,San Román de la Cuba,Palencia,07,Castilla y León
34167,Santa Cecilia del Alcor,Palencia,07,Castilla y León
34168,Santa Cruz de Boedo,Palencia,07,Castilla y León
34169,Santervás de la Vega,Palencia,07,Castilla y León
34170,Santibáñez de Ecla,Palencia,07,Castilla y León
34171,Santibáñez de la Peña,Palencia,07,Castilla y León
34174,Santoyo,Palencia,07,Castilla y León
34175,La Serna,Palencia,07,Castilla y León
34176,Sotobañado y Priorato,Palencia,07,Castilla y León
34177,Soto de Cerrato,Palencia,07,Castilla y León
34178,Tabanera de Cerrato,Palencia,07,Castilla y León
34179,Tabanera de Valdavia,Palencia,07,Castilla y León
34180,Támara de Campos,Palencia,07,Castilla y León
34181,Tariego de Cerrato,Palencia,07,Castilla y León
34182,Torquemada,Palencia,07,Castilla y León
34184,Torremormojón,Palencia,07,Castilla y León
34185,Triollo,Palencia,07,Castilla y León
34186,Valbuena de Pisuerga,Palencia,07,Castilla y León
34189,Valdeolmillos,Palencia,07,Castilla y León
34190,Valderrábano,Palencia,07,Castilla y León
34192,Valde-Ucieza,Palencia,07,Castilla y León
34196,Valle de Cerrato,Palencia,07,Castilla y León
34199,Velilla del Río Carrión,Palencia,07,Castilla y León
34201,Vertavillo,Palencia,07,Castilla y León
34202,Villabasta de Valdavia,Palencia,07,Castilla y León
34204,Villacidaler,Palencia,07,Castilla y León
34205,Villaconancio,Palencia,07,Castilla y León
34206,Villada,Palencia,07,Castilla y León
34208,Villaeles de Valdavia,Palencia,07,Castilla y León
34210,Villahán,Palencia,07,Castilla y León
34211,Villaherreros,Palencia,07,Castilla y León
34213,Villalaco,Palencia,07,Castilla y León
34214,Villalba de Guardo,Palencia,07,Castilla y León
34215,Villalcázar de Sirga,Palencia,07,Castilla y León
34216,Villalcón,Palencia,07,Castilla y León
34217,Villalobón,Palencia,07,Castilla y León
34218,Villaluenga de la Vega,Palencia,07,Castilla y León
34220,Villamartín de Campos,Palencia,07,Castilla y León
34221,Villamediana,Palencia,07,Castilla y León
34222,Villameriel,Palencia,07,Castilla y León
34223,Villamoronta,Palencia,07,Castilla y León
34224,Villamuera de la Cueza,Palencia,07,Castilla y León
34225,Villamuriel de Cerrato,Palencia,07,Castilla y León
34227,Villanueva del Rebollar,Palencia,07,Castilla y León
34228,Villanuño de Valdavia,Palencia,07,Castilla y León
34229,Villaprovedo,Palencia,07,Castilla y León
34230,Villarmentero de Campos,Palencia,07,Castilla y León
34231,Villarrabé,Palencia,07,Castilla y León
34232,Villarramiel,Palencia,07,Castilla y León
34233,Villasarracino,Palencia,07,Castilla y León
34234,Villasila de Valdavia,Palencia,07,Castilla y León
34236,Villaturde,Palencia,07,Castilla y León
34237,Villaumbrales,Palencia,07,Castilla y León
34238,Villaviudas,Palencia,07,Castilla y León
34240,Villerías de Campos,Palencia,07,Castilla y León
34241,Villodre,Palencia,07,Castilla y León
34242,Villodrigo,Palencia,07,Castilla y León
34243,Villoldo,Palencia,07,Castilla y León
34245,Villota del Páramo,Palencia,07,Castilla y León
34246,Villovieco,Palencia,07,Castilla y León
34901,Osorno la Mayor,Palencia,07,Castilla y León
34902,Valle del Retortillo,Palencia,07,Castilla y León
34903,Loma de Ucieza,Palencia,07,Castilla y León
34904,La Pernía,Palencia,07,Castilla y León
35001,Agaete,Las Palmas,05,Canarias
35002,Agüimes,Las Palmas,05,Canarias
35003,Antigua,Las Palmas,05,Canarias
35004,Arrecife,Las Palmas,05,Canarias
35005,Artenara,Las Palmas,05,Canarias
35006,Arucas,Las Palmas,05,Canarias
35007,Betancuria,Las Palmas,05,Canarias
35008,Firgas,Las Palmas,05,Canarias
35009,Gáldar,Las Palmas,05,Canarias
35010,Haría,Las Palmas,05,Canarias
35011,Ingenio,Las Palmas,05,Canarias
35012,Mogán,Las Palmas,05,Canarias
35013,Moya,Las Palmas,05,Canarias
35014,La Oliva,Las Palmas,05,Canarias
35015,Pájara,Las Palmas,05,Canarias
35016,Las Palmas de Gran Canaria,Las Palmas,05,Canarias
35017,Puerto del Rosario,Las Palmas,05,Canarias
35018,San Bartolomé,Las Palmas,05,Canarias
35019,San Bartolomé de Tirajana,Las Palmas,05,Canarias
35020,La Aldea de San Nicolás,Las Palmas,05,Canarias
35021,Santa Brígida,Las Palmas,05,Canarias
35022,Santa Lucía de Tirajana,Las Palmas,05,Canarias
35023,Santa María de Guía de Gran Canaria,Las Palmas,05,Canarias
35024,Teguise,Las Palmas,05,Canarias
35025,Tejeda,Las Palmas,05,Canarias
35026,Telde,Las Palmas,05,Canarias
35027,Teror,Las Palmas,05,Canarias
35028,Tías,Las Palmas,05,Canarias
35029,Tinajo,Las Palmas,05,Canarias
35030,Tuineje,Las Palmas,05,Canarias
35031,Valsequillo de Gran Canaria,Las Palmas,05,Canarias
35032,Valleseco,Las Palmas,05,Canarias
35033,Vega de San Mateo,Las Palmas,05,Canarias
35034,Yaiza,Las Palmas,05,Canarias
36001,Arbo,Pontevedra,12,Galicia
36002,Barro,Pontevedra,12,Galicia
36003,Baiona,Pontevedra,12,Galicia
36004,Bueu,Pontevedra,12,Galicia
36005,Caldas de Reis,Pontevedra,12,Galicia
36006,Cambados,Pontevedra,12,Galicia
36007,Campo Lameiro,Pontevedra,12,Galicia
36008,Cangas,Pontevedra,12,Galicia
36009,A Cañiza,Pontevedra,12,Galicia
36010,Catoira,Pontevedra,12,Galicia
36013,Covelo,Pontevedra,12,Galicia
36014,Crecente,Pontevedra,12,Galicia
36015,Cuntis,Pontevedra,12,Galicia
36016,Dozón,Pontevedra,12,Galicia
36017,A Estrada,Pontevedra,12,Galicia
36018,Forcarei,Pontevedra,12,Galicia
36019,Fornelos de Montes,Pontevedra,12,Galicia
36020,Agolada,Pontevedra,12,Galicia
36021,Gondomar,Pontevedra,12,Galicia
36022,"Grove, O",Pontevedra,12,Galicia
36023,A Guarda,Pontevedra,12,Galicia
36024,Lalín,Pontevedra,12,Galicia
36025,A Lama,Pontevedra,12,Galicia
36026,Marín,Pontevedra,12,Galicia
36027,Meaño,Pontevedra,12,Galicia
36028,Meis,Pontevedra,12,Galicia
36029,Moaña,Pontevedra,12,Galicia
36030,Mondariz,Pontevedra,12,Galicia
36031,Mondariz-Balneario,Pontevedra,12,Galicia
36032,Moraña,Pontevedra,12,Galicia
36033,Mos,Pontevedra,12,Galicia
36034,"Neves, As",Pontevedra,12,Galicia
36035,Nigrán,Pontevedra,12,Galicia
36036,Oia,Pontevedra,12,Galicia
36037,Pazos de Borbén,Pontevedra,12,Galicia
36038,Pontevedra,Pontevedra,12,Galicia
36039,"Porriño, O",Pontevedra,12,Galicia
36040,Portas,Pontevedra,12,Galicia
36041,Poio,Pontevedra,12,Galicia
36042,Ponteareas,Pontevedra,12,Galicia
36043,Ponte Caldelas,Pontevedra,12,Galicia
36044,Pontecesures,Pontevedra,12,Galicia
36045,Redondela,Pontevedra,12,Galicia
36046,Ribadumia,Pontevedra,12,Galicia
36047,Rodeiro,Pontevedra,12,Galicia
36048,"Rosal, O",Pontevedra,12,Galicia
36049,Salceda de Caselas,Pontevedra,12,Galicia
36050,Salvaterra de Miño,Pontevedra,12,Galicia
36051,Sanxenxo,Pontevedra,12,Galicia
36052,Silleda,Pontevedra,12,Galicia
36053,Soutomaior,Pontevedra,12,Galicia
36054,Tomiño,Pontevedra,12,Galicia
36055,Tui,Pontevedra,12,Galicia
36056,Valga,Pontevedra,12,Galicia
36057,Vigo,Pontevedra,12,Galicia
36058,Vilaboa,Pontevedra,12,Galicia
36059,Vila de Cruces,Pontevedra,12,Galicia
36060,Vilagarcía de Arousa,Pontevedra,12,Galicia
36061,Vilanova de Arousa,Pontevedra,12,Galicia
36901,A Illa de Arousa,Pontevedra,12,Galicia
36902,Cerdedo-Cotobade,Pontevedra,12,Galicia
37001,Abusejo,Salamanca,07,Castilla y León
37002,Agallas,Salamanca,07,Castilla y León
37003,Ahigal de los Aceiteros,Salamanca,07,Castilla y León
37004,Ahigal de Villarino,Salamanca,07,Castilla y León
37005,La Alameda de Gardón,Salamanca,07,Castilla y León
37006,La Alamedilla,Salamanca,07,Castilla y León
37007,Alaraz,Salamanca,07,Castilla y León
37008,Alba de Tormes,Salamanca,07,Castilla y León
37009,Alba de Yeltes,Salamanca,07,Castilla y León
37010,La Alberca,Salamanca,07,Castilla y León
37011,La Alberguería de Argañán,Salamanca,07,Castilla y León
37012,Alconada,Salamanca,07,Castilla y León
37013,Aldeacipreste,Salamanca,07,Castilla y León
37014,Aldeadávila de la Ribera,Salamanca,07,Castilla y León
37015,Aldea del Obispo,Salamanca,07,Castilla y León
37016,Aldealengua,Salamanca,07,Castilla y León
37017,Aldeanueva de Figueroa,Salamanca,07,Castilla y León
37018,Aldeanueva de la Sierra,Salamanca,07,Castilla y León
37019,Aldearrodrigo,Salamanca,07,Castilla y León
37020,Aldearrubia,Salamanca,07,Castilla y León
37021,Aldeaseca de Alba,Salamanca,07,Castilla y León
37022,Aldeaseca de la Frontera,Salamanca,07,Castilla y León
37023,Aldeatejada,Salamanca,07,Castilla y León
37024,Aldeavieja de Tormes,Salamanca,07,Castilla y León
37025,Aldehuela de la Bóveda,Salamanca,07,Castilla y León
37026,Aldehuela de Yeltes,Salamanca,07,Castilla y León
37027,Almenara de Tormes,Salamanca,07,Castilla y León
37028,Almendra,Salamanca,07,Castilla y León
37029,Anaya de Alba,Salamanca,07,Castilla y León
37030,Añover de Tormes,Salamanca,07,Castilla y León
37031,Arabayona de Mógica,Salamanca,07,Castilla y León
37032,Arapiles,Salamanca,07,Castilla y León
37033,Arcediano,Salamanca,07,Castilla y León
37034,El Arco,Salamanca,07,Castilla y León
37035,Armenteros,Salamanca,07,Castilla y León
37036,San Miguel del Robledo,Salamanca,07,Castilla y León
37037,La Atalaya,Salamanca,07,Castilla y León
37038,Babilafuente,Salamanca,07,Castilla y León
37039,Bañobárez,Salamanca,07,Castilla y León
37040,Barbadillo,Salamanca,07,Castilla y León
37041,Barbalos,Salamanca,07,Castilla y León
37042,Barceo,Salamanca,07,Castilla y León
37044,Barruecopardo,Salamanca,07,Castilla y León
37045,La Bastida,Salamanca,07,Castilla y León
37046,Béjar,Salamanca,07,Castilla y León
37047,Beleña,Salamanca,07,Castilla y León
37049,Bermellar,Salamanca,07,Castilla y León
37050,Berrocal de Huebra,Salamanca,07,Castilla y León
37051,Berrocal de Salvatierra,Salamanca,07,Castilla y León
37052,Boada,Salamanca,07,Castilla y León
37054,El Bodón,Salamanca,07,Castilla y León
37055,Bogajo,Salamanca,07,Castilla y León
37056,La Bouza,Salamanca,07,Castilla y León
37057,Bóveda del Río Almar,Salamanca,07,Castilla y León
37058,Brincones,Salamanca,07,Castilla y León
37059,Buenamadre,Salamanca,07,Castilla y León
37060,Buenavista,Salamanca,07,Castilla y León
37061,El Cabaco,Salamanca,07,Castilla y León
37062,Cabezabellosa de la Calzada,Salamanca,07,Castilla y León
37063,La Cabeza de Béjar,Salamanca,07,Castilla y León
37065,Cabeza del Caballo,Salamanca,07,Castilla y León
37067,Cabrerizos,Salamanca,07,Castilla y León
37068,Cabrillas,Salamanca,07,Castilla y León
37069,Calvarrasa de Abajo,Salamanca,07,Castilla y León
37070,Calvarrasa de Arriba,Salamanca,07,Castilla y León
37071,La Calzada de Béjar,Salamanca,07,Castilla y León
37072,Calzada de Don Diego,Salamanca,07,Castilla y León
37073,Calzada de Valdunciel,Salamanca,07,Castilla y León
37074,Campillo de Azaba,Salamanca,07,Castilla y León
37077,El Campo de Peñaranda,Salamanca,07,Castilla y León
37078,Candelario,Salamanca,07,Castilla y León
37079,Canillas de Abajo,Salamanca,07,Castilla y León
37080,Cantagallo,Salamanca,07,Castilla y León
37081,Cantalapiedra,Salamanca,07,Castilla y León
37082,Cantalpino,Salamanca,07,Castilla y León
37083,Cantaracillo,Salamanca,07,Castilla y León
37085,Carbajosa de la Sagrada,Salamanca,07,Castilla y León
37086,Carpio de Azaba,Salamanca,07,Castilla y León
37087,Carrascal de Barregas,Salamanca,07,Castilla y León
37088,Carrascal del Obispo,Salamanca,07,Castilla y León
37089,Casafranca,Salamanca,07,Castilla y León
37090,Las Casas del Conde,Salamanca,07,Castilla y León
37091,Casillas de Flores,Salamanca,07,Castilla y León
37092,Castellanos de Moriscos,Salamanca,07,Castilla y León
37096,Castillejo de Martín Viejo,Salamanca,07,Castilla y León
37097,Castraz,Salamanca,07,Castilla y León
37098,Cepeda,Salamanca,07,Castilla y León
37099,Cereceda de la Sierra,Salamanca,07,Castilla y León
37100,Cerezal de Peñahorcada,Salamanca,07,Castilla y León
37101,Cerralbo,Salamanca,07,Castilla y León
37102,El Cerro,Salamanca,07,Castilla y León
37103,Cespedosa de Tormes,Salamanca,07,Castilla y León
37104,Cilleros de la Bastida,Salamanca,07,Castilla y León
37106,Cipérez,Salamanca,07,Castilla y León
37107,Ciudad Rodrigo,Salamanca,07,Castilla y León
37108,Coca de Alba,Salamanca,07,Castilla y León
37109,Colmenar de Montemayor,Salamanca,07,Castilla y León
37110,Cordovilla,Salamanca,07,Castilla y León
37112,Cristóbal,Salamanca,07,Castilla y León
37113,El Cubo de Don Sancho,Salamanca,07,Castilla y León
37114,Chagarcía Medianero,Salamanca,07,Castilla y León
37115,Dios le Guarde,Salamanca,07,Castilla y León
37116,Doñinos de Ledesma,Salamanca,07,Castilla y León
37117,Doñinos de Salamanca,Salamanca,07,Castilla y León
37118,Éjeme,Salamanca,07,Castilla y León
37119,La Encina,Salamanca,07,Castilla y León
37120,Encina de San Silvestre,Salamanca,07,Castilla y León
37121,Encinas de Abajo,Salamanca,07,Castilla y León
37122,Encinas de Arriba,Salamanca,07,Castilla y León
37123,Encinasola de los Comendadores,Salamanca,07,Castilla y León
37124,Endrinal,Salamanca,07,Castilla y León
37125,Escurial de la Sierra,Salamanca,07,Castilla y León
37126,Espadaña,Salamanca,07,Castilla y León
37127,Espeja,Salamanca,07,Castilla y León
37128,Espino de la Orbada,Salamanca,07,Castilla y León
37129,Florida de Liébana,Salamanca,07,Castilla y León
37130,Forfoleda,Salamanca,07,Castilla y León
37131,Frades de la Sierra,Salamanca,07,Castilla y León
37132,La Fregeneda,Salamanca,07,Castilla y León
37133,Fresnedoso,Salamanca,07,Castilla y León
37134,Fresno Alhándiga,Salamanca,07,Castilla y León
37135,La Fuente de San Esteban,Salamanca,07,Castilla y León
37136,Fuenteguinaldo,Salamanca,07,Castilla y León
37137,Fuenteliante,Salamanca,07,Castilla y León
37138,Fuenterroble de Salvatierra,Salamanca,07,Castilla y León
37139,Fuentes de Béjar,Salamanca,07,Castilla y León
37140,Fuentes de Oñoro,Salamanca,07,Castilla y León
37141,Gajates,Salamanca,07,Castilla y León
37142,Galindo y Perahuy,Salamanca,07,Castilla y León
37143,Galinduste,Salamanca,07,Castilla y León
37144,Galisancho,Salamanca,07,Castilla y León
37145,Gallegos de Argañán,Salamanca,07,Castilla y León
37146,Gallegos de Solmirón,Salamanca,07,Castilla y León
37147,Garcibuey,Salamanca,07,Castilla y León
37148,Garcihernández,Salamanca,07,Castilla y León
37149,Garcirrey,Salamanca,07,Castilla y León
37150,Gejuelo del Barro,Salamanca,07,Castilla y León
37151,Golpejas,Salamanca,07,Castilla y León
37152,Gomecello,Salamanca,07,Castilla y León
37154,Guadramiro,Salamanca,07,Castilla y León
37155,Guijo de Ávila,Salamanca,07,Castilla y León
37156,Guijuelo,Salamanca,07,Castilla y León
37157,Herguijuela de Ciudad Rodrigo,Salamanca,07,Castilla y León
37158,Herguijuela de la Sierra,Salamanca,07,Castilla y León
37159,Herguijuela del Campo,Salamanca,07,Castilla y León
37160,Hinojosa de Duero,Salamanca,07,Castilla y León
37161,Horcajo de Montemayor,Salamanca,07,Castilla y León
37162,Horcajo Medianero,Salamanca,07,Castilla y León
37163,La Hoya,Salamanca,07,Castilla y León
37164,Huerta,Salamanca,07,Castilla y León
37165,Iruelos,Salamanca,07,Castilla y León
37166,Ituero de Azaba,Salamanca,07,Castilla y León
37167,Juzbado,Salamanca,07,Castilla y León
37168,Lagunilla,Salamanca,07,Castilla y León
37169,Larrodrigo,Salamanca,07,Castilla y León
37170,Ledesma,Salamanca,07,Castilla y León
37171,Ledrada,Salamanca,07,Castilla y León
37172,Linares de Riofrío,Salamanca,07,Castilla y León
37173,Lumbrales,Salamanca,07,Castilla y León
37174,Macotera,Salamanca,07,Castilla y León
37175,Machacón,Salamanca,07,Castilla y León
37176,Madroñal,Salamanca,07,Castilla y León
37177,El Maíllo,Salamanca,07,Castilla y León
37178,Malpartida,Salamanca,07,Castilla y León
37179,Mancera de Abajo,Salamanca,07,Castilla y León
37180,El Manzano,Salamanca,07,Castilla y León
37181,Martiago,Salamanca,07,Castilla y León
37182,Martinamor,Salamanca,07,Castilla y León
37183,Martín de Yeltes,Salamanca,07,Castilla y León
37184,Masueco,Salamanca,07,Castilla y León
37185,Castellanos de Villiquera,Salamanca,07,Castilla y León
37186,La Mata de Ledesma,Salamanca,07,Castilla y León
37187,Matilla de los Caños del Río,Salamanca,07,Castilla y León
37188,La Maya,Salamanca,07,Castilla y León
37189,Membribe de la Sierra,Salamanca,07,Castilla y León
37190,Mieza,Salamanca,07,Castilla y León
37191,El Milano,Salamanca,07,Castilla y León
37192,Miranda de Azán,Salamanca,07,Castilla y León
37193,Miranda del Castañar,Salamanca,07,Castilla y León
37194,Mogarraz,Salamanca,07,Castilla y León
37195,Molinillo,Salamanca,07,Castilla y León
37196,Monforte de la Sierra,Salamanca,07,Castilla y León
37197,Monleón,Salamanca,07,Castilla y León
37198,Monleras,Salamanca,07,Castilla y León
37199,Monsagro,Salamanca,07,Castilla y León
37200,Montejo,Salamanca,07,Castilla y León
37201,Montemayor del Río,Salamanca,07,Castilla y León
37202,Monterrubio de Armuña,Salamanca,07,Castilla y León
37203,Monterrubio de la Sierra,Salamanca,07,Castilla y León
37204,Morasverdes,Salamanca,07,Castilla y León
37205,Morille,Salamanca,07,Castilla y León
37206,Moríñigo,Salamanca,07,Castilla y León
37207,Moriscos,Salamanca,07,Castilla y León
37208,Moronta,Salamanca,07,Castilla y León
37209,Mozárbez,Salamanca,07,Castilla y León
37211,Narros de Matalayegua,Salamanca,07,Castilla y León
37212,Navacarros,Salamanca,07,Castilla y León
37213,Nava de Béjar,Salamanca,07,Castilla y León
37214,Nava de Francia,Salamanca,07,Castilla y León
37215,Nava de Sotrobal,Salamanca,07,Castilla y León
37216,Navales,Salamanca,07,Castilla y León
37217,Navalmoral de Béjar,Salamanca,07,Castilla y León
37218,Navamorales,Salamanca,07,Castilla y León
37219,Navarredonda de la Rinconada,Salamanca,07,Castilla y León
37221,Navasfrías,Salamanca,07,Castilla y León
37222,Negrilla de Palencia,Salamanca,07,Castilla y León
37223,Olmedo de Camaces,Salamanca,07,Castilla y León
37224,La Orbada,Salamanca,07,Castilla y León
37225,Pajares de la Laguna,Salamanca,07,Castilla y León
37226,Palacios del Arzobispo,Salamanca,07,Castilla y León
37228,Palaciosrubios,Salamanca,07,Castilla y León
37229,Palencia de Negrilla,Salamanca,07,Castilla y León
37230,Parada de Arriba,Salamanca,07,Castilla y León
37231,Parada de Rubiales,Salamanca,07,Castilla y León
37232,Paradinas de San Juan,Salamanca,07,Castilla y León
37233,Pastores,Salamanca,07,Castilla y León
37234,El Payo,Salamanca,07,Castilla y León
37235,Pedraza de Alba,Salamanca,07,Castilla y León
37236,Pedrosillo de Alba,Salamanca,07,Castilla y León
37237,Pedrosillo de los Aires,Salamanca,07,Castilla y León
37238,Pedrosillo el Ralo,Salamanca,07,Castilla y León
37239,El Pedroso de la Armuña,Salamanca,07,Castilla y León
37240,Pelabravo,Salamanca,07,Castilla y León
37241,Pelarrodríguez,Salamanca,07,Castilla y León
37242,Pelayos,Salamanca,07,Castilla y León
37243,La Peña,Salamanca,07,Castilla y León
37244,Peñacaballera,Salamanca,07,Castilla y León
37245,Peñaparda,Salamanca,07,Castilla y León
37246,Peñaranda de Bracamonte,Salamanca,07,Castilla y León
37247,Peñarandilla,Salamanca,07,Castilla y León
37248,Peralejos de Abajo,Salamanca,07,Castilla y León
37249,Peralejos de Arriba,Salamanca,07,Castilla y León
37250,Pereña de la Ribera,Salamanca,07,Castilla y León
37251,Peromingo,Salamanca,07,Castilla y León
37252,Pinedas,Salamanca,07,Castilla y León
37253,El Pino de Tormes,Salamanca,07,Castilla y León
37254,Pitiegua,Salamanca,07,Castilla y León
37255,Pizarral,Salamanca,07,Castilla y León
37256,Poveda de las Cintas,Salamanca,07,Castilla y León
37257,Pozos de Hinojo,Salamanca,07,Castilla y León
37258,Puebla de Azaba,Salamanca,07,Castilla y León
37259,Puebla de San Medel,Salamanca,07,Castilla y León
37260,Puebla de Yeltes,Salamanca,07,Castilla y León
37261,Puente del Congosto,Salamanca,07,Castilla y León
37262,Puertas,Salamanca,07,Castilla y León
37263,Puerto de Béjar,Salamanca,07,Castilla y León
37264,Puerto Seguro,Salamanca,07,Castilla y León
37265,Rágama,Salamanca,07,Castilla y León
37266,La Redonda,Salamanca,07,Castilla y León
37267,Retortillo,Salamanca,07,Castilla y León
37268,La Rinconada de la Sierra,Salamanca,07,Castilla y León
37269,Robleda,Salamanca,07,Castilla y León
37270,Robliza de Cojos,Salamanca,07,Castilla y León
37271,Rollán,Salamanca,07,Castilla y León
37272,Saelices el Chico,Salamanca,07,Castilla y León
37273,La Sagrada,Salamanca,07,Castilla y León
37274,Salamanca,Salamanca,07,Castilla y León
37275,Saldeana,Salamanca,07,Castilla y León
37276,Salmoral,Salamanca,07,Castilla y León
37277,Salvatierra de Tormes,Salamanca,07,Castilla y León
37278,San Cristóbal de la Cuesta,Salamanca,07,Castilla y León
37279,Sancti-Spíritus,Salamanca,07,Castilla y León
37280,Sanchón de la Ribera,Salamanca,07,Castilla y León
37281,Sanchón de la Sagrada,Salamanca,07,Castilla y León
37282,Sanchotello,Salamanca,07,Castilla y León
37283,Sando,Salamanca,07,Castilla y León
37284,San Esteban de la Sierra,Salamanca,07,Castilla y León
37285,San Felices de los Gallegos,Salamanca,07,Castilla y León
37286,San Martín del Castañar,Salamanca,07,Castilla y León
37287,San Miguel de Valero,Salamanca,07,Castilla y León
37288,San Morales,Salamanca,07,Castilla y León
37289,San Muñoz,Salamanca,07,Castilla y León
37290,San Pedro del Valle,Salamanca,07,Castilla y León
37291,San Pedro de Rozados,Salamanca,07,Castilla y León
37292,San Pelayo de Guareña,Salamanca,07,Castilla y León
37293,Santa María de Sando,Salamanca,07,Castilla y León
37294,Santa Marta de Tormes,Salamanca,07,Castilla y León
37296,Santiago de la Puebla,Salamanca,07,Castilla y León
37297,Santibáñez de Béjar,Salamanca,07,Castilla y León
37298,Santibáñez de la Sierra,Salamanca,07,Castilla y León
37299,Santiz,Salamanca,07,Castilla y León
37300,Los Santos,Salamanca,07,Castilla y León
37301,Sardón de los Frailes,Salamanca,07,Castilla y León
37302,Saucelle,Salamanca,07,Castilla y León
37303,El Sahugo,Salamanca,07,Castilla y León
37304,Sepulcro-Hilario,Salamanca,07,Castilla y León
37305,Sequeros,Salamanca,07,Castilla y León
37306,Serradilla del Arroyo,Salamanca,07,Castilla y León
37307,Serradilla del Llano,Salamanca,07,Castilla y León
37309,La Sierpe,Salamanca,07,Castilla y León
37310,Sieteiglesias de Tormes,Salamanca,07,Castilla y León
37311,Sobradillo,Salamanca,07,Castilla y León
37312,Sorihuela,Salamanca,07,Castilla y León
37313,Sotoserrano,Salamanca,07,Castilla y León
37314,Tabera de Abajo,Salamanca,07,Castilla y León
37315,La Tala,Salamanca,07,Castilla y León
37316,Tamames,Salamanca,07,Castilla y León
37317,Tarazona de Guareña,Salamanca,07,Castilla y León
37318,Tardáguila,Salamanca,07,Castilla y León
37319,El Tejado,Salamanca,07,Castilla y León
37320,Tejeda y Segoyuela,Salamanca,07,Castilla y León
37321,Tenebrón,Salamanca,07,Castilla y León
37322,Terradillos,Salamanca,07,Castilla y León
37323,Topas,Salamanca,07,Castilla y León
37324,Tordillos,Salamanca,07,Castilla y León
37325,El Tornadizo,Salamanca,07,Castilla y León
37327,Torresmenudas,Salamanca,07,Castilla y León
37328,Trabanca,Salamanca,07,Castilla y León
37329,Tremedal de Tormes,Salamanca,07,Castilla y León
37330,Valdecarros,Salamanca,07,Castilla y León
37331,Valdefuentes de Sangusín,Salamanca,07,Castilla y León
37332,Valdehijaderos,Salamanca,07,Castilla y León
37333,Valdelacasa,Salamanca,07,Castilla y León
37334,Valdelageve,Salamanca,07,Castilla y León
37335,Valdelosa,Salamanca,07,Castilla y León
37336,Valdemierque,Salamanca,07,Castilla y León
37337,Valderrodrigo,Salamanca,07,Castilla y León
37338,Valdunciel,Salamanca,07,Castilla y León
37339,Valero,Salamanca,07,Castilla y León
37340,Valsalabroso,Salamanca,07,Castilla y León
37341,Valverde de Valdelacasa,Salamanca,07,Castilla y León
37342,Valverdón,Salamanca,07,Castilla y León
37343,Vallejera de Riofrío,Salamanca,07,Castilla y León
37344,Vecinos,Salamanca,07,Castilla y León
37345,Vega de Tirados,Salamanca,07,Castilla y León
37346,Las Veguillas,Salamanca,07,Castilla y León
37347,La Vellés,Salamanca,07,Castilla y León
37348,Ventosa del Río Almar,Salamanca,07,Castilla y León
37349,La Vídola,Salamanca,07,Castilla y León
37350,Vilvestre,Salamanca,07,Castilla y León
37351,Villaflores,Salamanca,07,Castilla y León
37352,Villagonzalo de Tormes,Salamanca,07,Castilla y León
37353,Villalba de los Llanos,Salamanca,07,Castilla y León
37354,Villamayor,Salamanca,07,Castilla y León
37355,Villanueva del Conde,Salamanca,07,Castilla y León
37356,Villar de Argañán,Salamanca,07,Castilla y León
37357,Villar de Ciervo,Salamanca,07,Castilla y León
37358,Villar de Gallimazo,Salamanca,07,Castilla y León
37359,Villar de la Yegua,Salamanca,07,Castilla y León
37360,Villar de Peralonso,Salamanca,07,Castilla y León
37361,Villar de Samaniego,Salamanca,07,Castilla y León
37362,Villares de la Reina,Salamanca,07,Castilla y León
37363,Villares de Yeltes,Salamanca,07,Castilla y León
37364,Villarino de los Aires,Salamanca,07,Castilla y León
37365,Villarmayor,Salamanca,07,Castilla y León
37366,Villarmuerto,Salamanca,07,Castilla y León
37367,Villasbuenas,Salamanca,07,Castilla y León
37368,Villasdardo,Salamanca,07,Castilla y León
37369,Villaseco de los Gamitos,Salamanca,07,Castilla y León
37370,Villaseco de los Reyes,Salamanca,07,Castilla y León
37371,Villasrubias,Salamanca,07,Castilla y León
37372,Villaverde de Guareña,Salamanca,07,Castilla y León
37373,Villavieja de Yeltes,Salamanca,07,Castilla y León
37374,Villoria,Salamanca,07,Castilla y León
37375,Villoruela,Salamanca,07,Castilla y León
37376,Vitigudino,Salamanca,07,Castilla y León
37377,Yecla de Yeltes,Salamanca,07,Castilla y León
37378,Zamarra,Salamanca,07,Castilla y León
37379,Zamayón,Salamanca,07,Castilla y León
37380,Zarapicos,Salamanca,07,Castilla y León
37381,La Zarza de Pumareda,Salamanca,07,Castilla y León
37382,Zorita de la Frontera,Salamanca,07,Castilla y León
38001,Adeje,Santa Cruz de Tenerife,05,Canarias
38002,Agulo,Santa Cruz de Tenerife,05,Canarias
38003,Alajeró,Santa Cruz de Tenerife,05,Canarias
38004,Arafo,Santa Cruz de Tenerife,05,Canarias
38005,Arico,Santa Cruz de Tenerife,05,Canarias
38006,Arona,Santa Cruz de Tenerife,05,Canarias
38007,Barlovento,Santa Cruz de Tenerife,05,Canarias
38008,Breña Alta,Santa Cruz de Tenerife,05,Canarias
38009,Breña Baja,Santa Cruz de Tenerife,05,Canarias
38010,Buenavista del Norte,Santa Cruz de Tenerife,05,Canarias
38011,Candelaria,Santa Cruz de Tenerife,05,Canarias
38012,Fasnia,Santa Cruz de Tenerife,05,Canarias
38013,Frontera,Santa Cruz de Tenerife,05,Canarias
38014,Fuencaliente de la Palma,Santa Cruz de Tenerife,05,Canarias
38015,Garachico,Santa Cruz de Tenerife,05,Canarias
38016,Garafía,Santa Cruz de Tenerife,05,Canarias
38017,Granadilla de Abona,Santa Cruz de Tenerife,05,Canarias
38018,La Guancha,Santa Cruz de Tenerife,05,Canarias
38019,Guía de Isora,Santa Cruz de Tenerife,05,Canarias
38020,Güímar,Santa Cruz de Tenerife,05,Canarias
38021,Hermigua,Santa Cruz de Tenerife,05,Canarias
38022,Icod de los Vinos,Santa Cruz de Tenerife,05,Canarias
38023,San Cristóbal de La Laguna,Santa Cruz de Tenerife,05,Canarias
38024,Los Llanos de Aridane,Santa Cruz de Tenerife,05,Canarias
38025,La Matanza de Acentejo,Santa Cruz de Tenerife,05,Canarias
38026,La Orotava,Santa Cruz de Tenerife,05,Canarias
38027,El Paso,Santa Cruz de Tenerife,05,Canarias
38028,Puerto de la Cruz,Santa Cruz de Tenerife,05,Canarias
38029,Puntagorda,Santa Cruz de Tenerife,05,Canarias
38030,Puntallana,Santa Cruz de Tenerife,05,Canarias
38031,Los Realejos,Santa Cruz de Tenerife,05,Canarias
38032,El Rosario,Santa Cruz de Tenerife,05,Canarias
38033,San Andrés y Sauces,Santa Cruz de Tenerife,05,Canarias
38034,San Juan de la Rambla,Santa Cruz de Tenerife,05,Canarias
38035,San Miguel de Abona,Santa Cruz de Tenerife,05,Canarias
38036,San Sebastián de la Gomera,Santa Cruz de Tenerife,05,Canarias
38037,Santa Cruz de la Palma,Santa Cruz de Tenerife,05,Canarias
38038,Santa Cruz de Tenerife,Santa Cruz de Tenerife,05,Canarias
38039,Santa Úrsula,Santa Cruz de Tenerife,05,Canarias
38040,Santiago del Teide,Santa Cruz de Tenerife,05,Canarias
38041,El Sauzal,Santa Cruz de Tenerife,05,Canarias
38042,Los Silos,Santa Cruz de Tenerife,05,Canarias
38043,Tacoronte,Santa Cruz de Tenerife,05,Canarias
38044,El Tanque,Santa Cruz de Tenerife,05,Canarias
38045,Tazacorte,Santa Cruz de Tenerife,05,Canarias
38046,Tegueste,Santa Cruz de Tenerife,05,Canarias
38047,Tijarafe,Santa Cruz de Tenerife,05,Canarias
38048,Valverde,Santa Cruz de Tenerife,05,Canarias
38049,Valle Gran Rey,Santa Cruz de Tenerife,05,Canarias
38050,Vallehermoso,Santa Cruz de Tenerife,05,Canarias
38051,La Victoria de Acentejo,Santa Cruz de Tenerife,05,Canarias
38052,Vilaflor de Chasna,Santa Cruz de Tenerife,05,Canarias
38053,Villa de Mazo,Santa Cruz de Tenerife,05,Canarias
38901,El Pinar de El Hierro,Santa Cruz de Tenerife,05,Canarias
39001,Alfoz de Lloredo,Cantabria,06,Cantabria
39002,Ampuero,Cantabria,06,Cantabria
39003,Anievas,Cantabria,06,Cantabria
39004,Arenas de Iguña,Cantabria,06,Cantabria
39005,Argoños,Cantabria,06,Cantabria
39006,Arnuero,Cantabria,06,Cantabria
39007,Arredondo,Cantabria,06,Cantabria
39008,El Astillero,Cantabria,06,Cantabria
39009,Bárcena de Cicero,Cantabria,06,Cantabria
39010,Bárcena de Pie de Concha,Cantabria,06,Cantabria
39011,Bareyo,Cantabria,06,Cantabria
39012,Cabezón de la Sal,Cantabria,06,Cantabria
39013,Cabezón de Liébana,Cantabria,06,Cantabria
39014,Cabuérniga,Cantabria,06,Cantabria
39015,Camaleño,Cantabria,06,Cantabria
39016,Camargo,Cantabria,06,Cantabria
39017,Campoo de Yuso,Cantabria,06,Cantabria
39018,Cartes,Cantabria,06,Cantabria
39019,Castañeda,Cantabria,06,Cantabria
39020,Castro-Urdiales,Cantabria,06,Cantabria
39021,Cieza,Cantabria,06,Cantabria
39022,Cillorigo de Liébana,Cantabria,06,Cantabria
39023,Colindres,Cantabria,06,Cantabria
39024,Comillas,Cantabria,06,Cantabria
39025,Los Corrales de Buelna,Cantabria,06,Cantabria
39026,Corvera de Toranzo,Cantabria,06,Cantabria
39027,Campoo de Enmedio,Cantabria,06,Cantabria
39028,Entrambasaguas,Cantabria,06,Cantabria
39029,Escalante,Cantabria,06,Cantabria
39030,Guriezo,Cantabria,06,Cantabria
39031,Hazas de Cesto,Cantabria,06,Cantabria
39032,Hermandad de Campoo de Suso,Cantabria,06,Cantabria
39033,Herrerías,Cantabria,06,Cantabria
39034,Lamasón,Cantabria,06,Cantabria
39035,Laredo,Cantabria,06,Cantabria
39036,Liendo,Cantabria,06,Cantabria
39037,Liérganes,Cantabria,06,Cantabria
39038,Limpias,Cantabria,06,Cantabria
39039,Luena,Cantabria,06,Cantabria
39040,Marina de Cudeyo,Cantabria,06,Cantabria
39041,Mazcuerras,Cantabria,06,Cantabria
39042,Medio Cudeyo,Cantabria,06,Cantabria
39043,Meruelo,Cantabria,06,Cantabria
39044,Miengo,Cantabria,06,Cantabria
39045,Miera,Cantabria,06,Cantabria
39046,Molledo,Cantabria,06,Cantabria
39047,Noja,Cantabria,06,Cantabria
39048,Penagos,Cantabria,06,Cantabria
39049,Peñarrubia,Cantabria,06,Cantabria
39050,Pesaguero,Cantabria,06,Cantabria
39051,Pesquera,Cantabria,06,Cantabria
39052,Piélagos,Cantabria,06,Cantabria
39053,Polaciones,Cantabria,06,Cantabria
39054,Polanco,Cantabria,06,Cantabria
39055,Potes,Cantabria,06,Cantabria
39056,Puente Viesgo,Cantabria,06,Cantabria
39057,Ramales de la Victoria,Cantabria,06,Cantabria
39058,Rasines,Cantabria,06,Cantabria
39059,Reinosa,Cantabria,06,Cantabria
39060,Reocín,Cantabria,06,Cantabria
39061,Ribamontán al Mar,Cantabria,06,Cantabria
39062,Ribamontán al Monte,Cantabria,06,Cantabria
39063,Rionansa,Cantabria,06,Cantabria
39064,Riotuerto,Cantabria,06,Cantabria
39065,Las Rozas de Valdearroyo,Cantabria,06,Cantabria
39066,Ruente,Cantabria,06,Cantabria
39067,Ruesga,Cantabria,06,Cantabria
39068,Ruiloba,Cantabria,06,Cantabria
39069,San Felices de Buelna,Cantabria,06,Cantabria
39070,San Miguel de Aguayo,Cantabria,06,Cantabria
39071,San Pedro del Romeral,Cantabria,06,Cantabria
39072,San Roque de Riomiera,Cantabria,06,Cantabria
39073,Santa Cruz de Bezana,Cantabria,06,Cantabria
39074,Santa María de Cayón,Cantabria,06,Cantabria
39075,Santander,Cantabria,06,Cantabria
39076,Santillana del Mar,Cantabria,06,Cantabria
39077,Santiurde de Reinosa,Cantabria,06,Cantabria
39078,Santiurde de Toranzo,Cantabria,06,Cantabria
39079,Santoña,Cantabria,06,Cantabria
39080,San Vicente de la Barquera,Cantabria,06,Cantabria
39081,Saro,Cantabria,06,Cantabria
39082,Selaya,Cantabria,06,Cantabria
39083,Soba,Cantabria,06,Cantabria
39084,Solórzano,Cantabria,06,Cantabria
39085,Suances,Cantabria,06,Cantabria
39086,Los Tojos,Cantabria,06,Cantabria
39087,Torrelavega,Cantabria,06,Cantabria
39088,Tresviso,Cantabria,06,Cantabria
39089,Tudanca,Cantabria,06,Cantabria
39090,Udías,Cantabria,06,Cantabria
39091,Valdáliga,Cantabria,06,Cantabria
39092,Valdeolea,Cantabria,06,Cantabria
39093,Valdeprado del Río,Cantabria,06,Cantabria
39094,Valderredible,Cantabria,06,Cantabria
39095,Val de San Vicente,Cantabria,06,Cantabria
39096,Vega de Liébana,Cantabria,06,Cantabria
39097,Vega de Pas,Cantabria,06,Cantabria
39098,Villacarriedo,Cantabria,06,Cantabria
39099,Villaescusa,Cantabria,06,Cantabria
39100,Villafufre,Cantabria,06,Cantabria
39101,Valle de Villaverde,Cantabria,06,Cantabria
39102,Voto,Cantabria,06,Cantabria
40001,Abades,Segovia,07,Castilla y León
40002,Adrada de Pirón,Segovia,07,Castilla y León
40003,Adrados,Segovia,07,Castilla y León
40004,Aguilafuente,Segovia,07,Castilla y León
40005,Alconada de Maderuelo,Segovia,07,Castilla y León
40006,Aldealcorvo,Segovia,07,Castilla y León
40007,Aldealengua de Pedraza,Segovia,07,Castilla y León
40008,Aldealengua de Santa María,Segovia,07,Castilla y León
40009,Aldeanueva de la Serrezuela,Segovia,07,Castilla y León
40010,Aldeanueva del Codonal,Segovia,07,Castilla y León
40012,Aldea Real,Segovia,07,Castilla y León
40013,Aldeasoña,Segovia,07,Castilla y León
40014,Aldehorno,Segovia,07,Castilla y León
40015,Aldehuela del Codonal,Segovia,07,Castilla y León
40016,Aldeonte,Segovia,07,Castilla y León
40017,Anaya,Segovia,07,Castilla y León
40018,Añe,Segovia,07,Castilla y León
40019,Arahuetes,Segovia,07,Castilla y León
40020,Arcones,Segovia,07,Castilla y León
40021,Arevalillo de Cega,Segovia,07,Castilla y León
40022,Armuña,Segovia,07,Castilla y León
40024,Ayllón,Segovia,07,Castilla y León
40025,Barbolla,Segovia,07,Castilla y León
40026,Basardilla,Segovia,07,Castilla y León
40028,Bercial,Segovia,07,Castilla y León
40029,Bercimuel,Segovia,07,Castilla y León
40030,Bernardos,Segovia,07,Castilla y León
40031,Bernuy de Porreros,Segovia,07,Castilla y León
40032,Boceguillas,Segovia,07,Castilla y León
40033,Brieva,Segovia,07,Castilla y León
40034,Caballar,Segovia,07,Castilla y León
40035,Cabañas de Polendos,Segovia,07,Castilla y León
40036,Cabezuela,Segovia,07,Castilla y León
40037,Calabazas de Fuentidueña,Segovia,07,Castilla y León
40039,Campo de San Pedro,Segovia,07,Castilla y León
40040,Cantalejo,Segovia,07,Castilla y León
40041,Cantimpalos,Segovia,07,Castilla y León
40043,Carbonero el Mayor,Segovia,07,Castilla y León
40044,Carrascal del Río,Segovia,07,Castilla y León
40045,Casla,Segovia,07,Castilla y León
40046,Castillejo de Mesleón,Segovia,07,Castilla y León
40047,Castro de Fuentidueña,Segovia,07,Castilla y León
40048,Castrojimeno,Segovia,07,Castilla y León
40049,Castroserna de Abajo,Segovia,07,Castilla y León
40051,Castroserracín,Segovia,07,Castilla y León
40052,Cedillo de la Torre,Segovia,07,Castilla y León
40053,Cerezo de Abajo,Segovia,07,Castilla y León
40054,Cerezo de Arriba,Segovia,07,Castilla y León
40055,Cilleruelo de San Mamés,Segovia,07,Castilla y León
40056,Cobos de Fuentidueña,Segovia,07,Castilla y León
40057,Coca,Segovia,07,Castilla y León
40058,Codorniz,Segovia,07,Castilla y León
40059,Collado Hermoso,Segovia,07,Castilla y León
40060,Condado de Castilnovo,Segovia,07,Castilla y León
40061,Corral de Ayllón,Segovia,07,Castilla y León
40062,Cubillo,Segovia,07,Castilla y León
40063,Cuéllar,Segovia,07,Castilla y León
40065,Chañe,Segovia,07,Castilla y León
40068,Domingo García,Segovia,07,Castilla y León
40069,Donhierro,Segovia,07,Castilla y León
40070,Duruelo,Segovia,07,Castilla y León
40071,Encinas,Segovia,07,Castilla y León
40072,Encinillas,Segovia,07,Castilla y León
40073,Escalona del Prado,Segovia,07,Castilla y León
40074,Escarabajosa de Cabezas,Segovia,07,Castilla y León
40075,Escobar de Polendos,Segovia,07,Castilla y León
40076,El Espinar,Segovia,07,Castilla y León
40077,Espirdo,Segovia,07,Castilla y León
40078,Fresneda de Cuéllar,Segovia,07,Castilla y León
40079,Fresno de Cantespino,Segovia,07,Castilla y León
40080,Fresno de la Fuente,Segovia,07,Castilla y León
40081,Frumales,Segovia,07,Castilla y León
40082,Fuente de Santa Cruz,Segovia,07,Castilla y León
40083,Fuente el Olmo de Fuentidueña,Segovia,07,Castilla y León
40084,Fuente el Olmo de Íscar,Segovia,07,Castilla y León
40086,Fuentepelayo,Segovia,07,Castilla y León
40087,Fuentepiñel,Segovia,07,Castilla y León
40088,Fuenterrebollo,Segovia,07,Castilla y León
40089,Fuentesaúco de Fuentidueña,Segovia,07,Castilla y León
40091,Fuentesoto,Segovia,07,Castilla y León
40092,Fuentidueña,Segovia,07,Castilla y León
40093,Gallegos,Segovia,07,Castilla y León
40094,Garcillán,Segovia,07,Castilla y León
40095,Gomezserracín,Segovia,07,Castilla y León
40097,Grajera,Segovia,07,Castilla y León
40099,Honrubia de la Cuesta,Segovia,07,Castilla y León
40100,Hontalbilla,Segovia,07,Castilla y León
40101,Hontanares de Eresma,Segovia,07,Castilla y León
40103,Los Huertos,Segovia,07,Castilla y León
40104,Ituero y Lama,Segovia,07,Castilla y León
40105,Juarros de Riomoros,Segovia,07,Castilla y León
40106,Juarros de Voltoya,Segovia,07,Castilla y León
40107,Labajos,Segovia,07,Castilla y León
40108,Laguna de Contreras,Segovia,07,Castilla y León
40109,Languilla,Segovia,07,Castilla y León
40110,Lastras de Cuéllar,Segovia,07,Castilla y León
40111,Lastras del Pozo,Segovia,07,Castilla y León
40112,La Lastrilla,Segovia,07,Castilla y León
40113,La Losa,Segovia,07,Castilla y León
40115,Maderuelo,Segovia,07,Castilla y León
40118,Marazuela,Segovia,07,Castilla y León
40119,Martín Miguel,Segovia,07,Castilla y León
40120,Martín Muñoz de la Dehesa,Segovia,07,Castilla y León
40121,Martín Muñoz de las Posadas,Segovia,07,Castilla y León
40122,Marugán,Segovia,07,Castilla y León
40123,Matabuena,Segovia,07,Castilla y León
40124,Mata de Cuéllar,Segovia,07,Castilla y León
40125,La Matilla,Segovia,07,Castilla y León
40126,Melque de Cercos,Segovia,07,Castilla y León
40127,Membibre de la Hoz,Segovia,07,Castilla y León
40128,Migueláñez,Segovia,07,Castilla y León
40129,Montejo de Arévalo,Segovia,07,Castilla y León
40130,Montejo de la Vega de la Serrezuela,Segovia,07,Castilla y León
40131,Monterrubio,Segovia,07,Castilla y León
40132,Moral de Hornuez,Segovia,07,Castilla y León
40134,Mozoncillo,Segovia,07,Castilla y León
40135,Muñopedro,Segovia,07,Castilla y León
40136,Muñoveros,Segovia,07,Castilla y León
40138,Nava de la Asunción,Segovia,07,Castilla y León
40139,Navafría,Segovia,07,Castilla y León
40140,Navalilla,Segovia,07,Castilla y León
40141,Navalmanzano,Segovia,07,Castilla y León
40142,Navares de Ayuso,Segovia,07,Castilla y León
40143,Navares de Enmedio,Segovia,07,Castilla y León
40144,Navares de las Cuevas,Segovia,07,Castilla y León
40145,Navas de Oro,Segovia,07,Castilla y León
40146,Navas de San Antonio,Segovia,07,Castilla y León
40148,Nieva,Segovia,07,Castilla y León
40149,Olombrada,Segovia,07,Castilla y León
40150,Orejana,Segovia,07,Castilla y León
40151,Ortigosa de Pestaño,Segovia,07,Castilla y León
40152,Otero de Herreros,Segovia,07,Castilla y León
40154,Pajarejos,Segovia,07,Castilla y León
40155,Palazuelos de Eresma,Segovia,07,Castilla y León
40156,Pedraza,Segovia,07,Castilla y León
40157,Pelayos del Arroyo,Segovia,07,Castilla y León
40158,Perosillo,Segovia,07,Castilla y León
40159,Pinarejos,Segovia,07,Castilla y León
40160,Pinarnegrillo,Segovia,07,Castilla y León
40161,Carabias,Segovia,07,Castilla y León
40162,Prádena,Segovia,07,Castilla y León
40163,Puebla de Pedraza,Segovia,07,Castilla y León
40164,Rapariegos,Segovia,07,Castilla y León
40165,Rebollo,Segovia,07,Castilla y León
40166,Remondo,Segovia,07,Castilla y León
40168,Riaguas de San Bartolomé,Segovia,07,Castilla y León
40170,Riaza,Segovia,07,Castilla y León
40171,Ribota,Segovia,07,Castilla y León
40172,Riofrío de Riaza,Segovia,07,Castilla y León
40173,Roda de Eresma,Segovia,07,Castilla y León
40174,Sacramenia,Segovia,07,Castilla y León
40176,Samboal,Segovia,07,Castilla y León
40177,San Cristóbal de Cuéllar,Segovia,07,Castilla y León
40178,San Cristóbal de la Vega,Segovia,07,Castilla y León
40179,Sanchonuño,Segovia,07,Castilla y León
40180,Sangarcía,Segovia,07,Castilla y León
40181,Real Sitio de San Ildefonso,Segovia,07,Castilla y León
40182,San Martín y Mudrián,Segovia,07,Castilla y León
40183,San Miguel de Bernuy,Segovia,07,Castilla y León
40184,San Pedro de Gaíllos,Segovia,07,Castilla y León
40185,Santa María la Real de Nieva,Segovia,07,Castilla y León
40186,Santa Marta del Cerro,Segovia,07,Castilla y León
40188,Santiuste de Pedraza,Segovia,07,Castilla y León
40189,Santiuste de San Juan Bautista,Segovia,07,Castilla y León
40190,Santo Domingo de Pirón,Segovia,07,Castilla y León
40191,Santo Tomé del Puerto,Segovia,07,Castilla y León
40192,Sauquillo de Cabezas,Segovia,07,Castilla y León
40193,Sebúlcor,Segovia,07,Castilla y León
40194,Segovia,Segovia,07,Castilla y León
40195,Sepúlveda,Segovia,07,Castilla y León
40196,Sequera de Fresno,Segovia,07,Castilla y León
40198,Sotillo,Segovia,07,Castilla y León
40199,Sotosalbos,Segovia,07,Castilla y León
40200,Tabanera la Luenga,Segovia,07,Castilla y León
40201,Tolocirio,Segovia,07,Castilla y León
40202,Torreadrada,Segovia,07,Castilla y León
40203,Torrecaballeros,Segovia,07,Castilla y León
40204,Torrecilla del Pinar,Segovia,07,Castilla y León
40205,Torreiglesias,Segovia,07,Castilla y León
40206,Torre Val de San Pedro,Segovia,07,Castilla y León
40207,Trescasas,Segovia,07,Castilla y León
40208,Turégano,Segovia,07,Castilla y León
40210,Urueñas,Segovia,07,Castilla y León
40211,Valdeprados,Segovia,07,Castilla y León
40212,Valdevacas de Montejo,Segovia,07,Castilla y León
40213,Valdevacas y Guijar,Segovia,07,Castilla y León
40214,Valseca,Segovia,07,Castilla y León
40215,Valtiendas,Segovia,07,Castilla y León
40216,Valverde del Majano,Segovia,07,Castilla y León
40218,Valle de Tabladillo,Segovia,07,Castilla y León
40219,Vallelado,Segovia,07,Castilla y León
40220,Valleruela de Pedraza,Segovia,07,Castilla y León
40221,Valleruela de Sepúlveda,Segovia,07,Castilla y León
40222,Veganzones,Segovia,07,Castilla y León
40223,Vegas de Matute,Segovia,07,Castilla y León
40224,Ventosilla y Tejadilla,Segovia,07,Castilla y León
40225,Villacastín,Segovia,07,Castilla y León
40228,Villaverde de Íscar,Segovia,07,Castilla y León
40229,Villaverde de Montejo,Segovia,07,Castilla y León
40230,Villeguillo,Segovia,07,Castilla y León
40231,Yanguas de Eresma,Segovia,07,Castilla y León
40233,Zarzuela del Monte,Segovia,07,Castilla y León
40234,Zarzuela del Pinar,Segovia,07,Castilla y León
40901,Ortigosa del Monte,Segovia,07,Castilla y León
40902,Cozuelos de Fuentidueña,Segovia,07,Castilla y León
40903,Marazoleja,Segovia,07,Castilla y León
40904,Navas de Riofrío,Segovia,07,Castilla y León
40905,Cuevas de Provanco,Segovia,07,Castilla y León
40906,San Cristóbal de Segovia,Segovia,07,Castilla y León
41001,Aguadulce,Sevilla,01,Andalucía
41002,Alanís,Sevilla,01,Andalucía
41003,Albaida del Aljarafe,Sevilla,01,Andalucía
41004,Alcalá de Guadaíra,Sevilla,01,Andalucía
41005,Alcalá del Río,Sevilla,01,Andalucía
41006,Alcolea del Río,Sevilla,01,Andalucía
41007,La Algaba,Sevilla,01,Andalucía
41008,Algámitas,Sevilla,01,Andalucía
41009,Almadén de la Plata,Sevilla,01,Andalucía
41010,Almensilla,Sevilla,01,Andalucía
41011,Arahal,Sevilla,01,Andalucía
41012,Aznalcázar,Sevilla,01,Andalucía
41013,Aznalcóllar,Sevilla,01,Andalucía
41014,Badolatosa,Sevilla,01,Andalucía
41015,Benacazón,Sevilla,01,Andalucía
41016,Bollullos de la Mitación,Sevilla,01,Andalucía
41017,Bormujos,Sevilla,01,Andalucía
41018,Brenes,Sevilla,01,Andalucía
41019,Burguillos,Sevilla,01,Andalucía
41020,Las Cabezas de San Juan,Sevilla,01,Andalucía
41021,Camas,Sevilla,01,Andalucía
41022,La Campana,Sevilla,01,Andalucía
41023,Cantillana,Sevilla,01,Andalucía
41024,Carmona,Sevilla,01,Andalucía
41025,Carrión de los Céspedes,Sevilla,01,Andalucía
41026,Casariche,Sevilla,01,Andalucía
41027,Castilblanco de los Arroyos,Sevilla,01,Andalucía
41028,Castilleja de Guzmán,Sevilla,01,Andalucía
41029,Castilleja de la Cuesta,Sevilla,01,Andalucía
41030,Castilleja del Campo,Sevilla,01,Andalucía
41031,El Castillo de las Guardas,Sevilla,01,Andalucía
41032,Cazalla de la Sierra,Sevilla,01,Andalucía
41033,Constantina,Sevilla,01,Andalucía
41034,Coria del Río,Sevilla,01,Andalucía
41035,Coripe,Sevilla,01,Andalucía
41036,El Coronil,Sevilla,01,Andalucía
41037,Los Corrales,Sevilla,01,Andalucía
41038,Dos Hermanas,Sevilla,01,Andalucía
41039,Écija,Sevilla,01,Andalucía
41040,Espartinas,Sevilla,01,Andalucía
41041,Estepa,Sevilla,01,Andalucía
41042,Fuentes de Andalucía,Sevilla,01,Andalucía
41043,El Garrobo,Sevilla,01,Andalucía
41044,Gelves,Sevilla,01,Andalucía
41045,Gerena,Sevilla,01,Andalucía
41046,Gilena,Sevilla,01,Andalucía
41047,Gines,Sevilla,01,Andalucía
41048,Guadalcanal,Sevilla,01,Andalucía
41049,Guillena,Sevilla,01,Andalucía
41050,Herrera,Sevilla,01,Andalucía
41051,Huévar del Aljarafe,Sevilla,01,Andalucía
41052,Lantejuela,Sevilla,01,Andalucía
41053,Lebrija,Sevilla,01,Andalucía
41054,Lora de Estepa,Sevilla,01,Andalucía
41055,Lora del Río,Sevilla,01,Andalucía
41056,La Luisiana,Sevilla,01,Andalucía
41057,El Madroño,Sevilla,01,Andalucía
41058,Mairena del Alcor,Sevilla,01,Andalucía
41059,Mairena del Aljarafe,Sevilla,01,Andalucía
41060,Marchena,Sevilla,01,Andalucía
41061,Marinaleda,Sevilla,01,Andalucía
41062,Martín de la Jara,Sevilla,01,Andalucía
41063,Los Molares,Sevilla,01,Andalucía
41064,Montellano,Sevilla,01,Andalucía
41065,Morón de la Frontera,Sevilla,01,Andalucía
41066,Las Navas de la Concepción,Sevilla,01,Andalucía
41067,Olivares,Sevilla,01,Andalucía
41068,Osuna,Sevilla,01,Andalucía
41069,Los Palacios y Villafranca,Sevilla,01,Andalucía
41070,Palomares del Río,Sevilla,01,Andalucía
41071,Paradas,Sevilla,01,Andalucía
41072,Pedrera,Sevilla,01,Andalucía
41073,El Pedroso,Sevilla,01,Andalucía
41074,Peñaflor,Sevilla,01,Andalucía
41075,Pilas,Sevilla,01,Andalucía
41076,Pruna,Sevilla,01,Andalucía
41077,La Puebla de Cazalla,Sevilla,01,Andalucía
41078,La Puebla de los Infantes,Sevilla,01,Andalucía
41079,La Puebla del Río,Sevilla,01,Andalucía
41080,El Real de la Jara,Sevilla,01,Andalucía
41081,La Rinconada,Sevilla,01,Andalucía
41082,La Roda de Andalucía,Sevilla,01,Andalucía
41083,El Ronquillo,Sevilla,01,Andalucía
41084,El Rubio,Sevilla,01,Andalucía
41085,Salteras,Sevilla,01,Andalucía
41086,San Juan de Aznalfarache,Sevilla,01,Andalucía
41087,Sanlúcar la Mayor,Sevilla,01,Andalucía
41088,San Nicolás del Puerto,Sevilla,01,Andalucía
41089,Santiponce,Sevilla,01,Andalucía
41090,El Saucejo,Sevilla,01,Andalucía
41091,Sevilla,Sevilla,01,Andalucía
41092,Tocina,Sevilla,01,Andalucía
41093,Tomares,Sevilla,01,Andalucía
41094,Umbrete,Sevilla,01,Andalucía
41095,Utrera,Sevilla,01,Andalucía
41096,Valencina de la Concepción,Sevilla,01,Andalucía
41097,Villamanrique de la Condesa,Sevilla,01,Andalucía
41098,Villanueva del Ariscal,Sevilla,01,Andalucía
41099,Villanueva del Río y Minas,Sevilla,01,Andalucía
41100,Villanueva de San Juan,Sevilla,01,Andalucía
41101,Villaverde del Río,Sevilla,01,Andalucía
41102,El Viso del Alcor,Sevilla,01,Andalucía
41901,Cañada Rosal,Sevilla,01,Andalucía
41902,Isla Mayor,Sevilla,01,Andalucía
41903,El Cuervo de Sevilla,Sevilla,01,Andalucía
41904,El Palmar de Troya,Sevilla,01,Andalucía
42001,Abejar,Soria,07,Castilla y León
42003,Adradas,Soria,07,Castilla y León
42004,Ágreda,Soria,07,Castilla y León
42006,Alconaba,Soria,07,Castilla y León
42007,Alcubilla de Avellaneda,Soria,07,Castilla y León
42008,Alcubilla de las Peñas,Soria,07,Castilla y León
42009,Aldealafuente,Soria,07,Castilla y León
42010,Aldealices,Soria,07,Castilla y León
42011,Aldealpozo,Soria,07,Castilla y León
42012,Aldealseñor,Soria,07,Castilla y León
42013,Aldehuela de Periáñez,Soria,07,Castilla y León
42014,Las Aldehuelas,Soria,07,Castilla y León
42015,Alentisque,Soria,07,Castilla y León
42016,Aliud,Soria,07,Castilla y León
42017,Almajano,Soria,07,Castilla y León
42018,Almaluez,Soria,07,Castilla y León
42019,Almarza,Soria,07,Castilla y León
42020,Almazán,Soria,07,Castilla y León
42021,Almazul,Soria,07,Castilla y León
42022,Almenar de Soria,Soria,07,Castilla y León
42023,Alpanseque,Soria,07,Castilla y León
42024,Arancón,Soria,07,Castilla y León
42025,Arcos de Jalón,Soria,07,Castilla y León
42026,Arenillas,Soria,07,Castilla y León
42027,Arévalo de la Sierra,Soria,07,Castilla y León
42028,Ausejo de la Sierra,Soria,07,Castilla y León
42029,Baraona,Soria,07,Castilla y León
42030,Barca,Soria,07,Castilla y León
42031,Barcones,Soria,07,Castilla y León
42032,Bayubas de Abajo,Soria,07,Castilla y León
42033,Bayubas de Arriba,Soria,07,Castilla y León
42034,Beratón,Soria,07,Castilla y León
42035,Berlanga de Duero,Soria,07,Castilla y León
42036,Blacos,Soria,07,Castilla y León
42037,Bliecos,Soria,07,Castilla y León
42038,Borjabad,Soria,07,Castilla y León
42039,Borobia,Soria,07,Castilla y León
42041,Buberos,Soria,07,Castilla y León
42042,Buitrago,Soria,07,Castilla y León
42043,Burgo de Osma-Ciudad de Osma,Soria,07,Castilla y León
42044,Cabrejas del Campo,Soria,07,Castilla y León
42045,Cabrejas del Pinar,Soria,07,Castilla y León
42046,Calatañazor,Soria,07,Castilla y León
42048,Caltojar,Soria,07,Castilla y León
42049,Candilichera,Soria,07,Castilla y León
42050,Cañamaque,Soria,07,Castilla y León
42051,Carabantes,Soria,07,Castilla y León
42052,Caracena,Soria,07,Castilla y León
42053,Carrascosa de Abajo,Soria,07,Castilla y León
42054,Carrascosa de la Sierra,Soria,07,Castilla y León
42055,Casarejos,Soria,07,Castilla y León
42056,Castilfrío de la Sierra,Soria,07,Castilla y León
42057,Castilruiz,Soria,07,Castilla y León
42058,Castillejo de Robledo,Soria,07,Castilla y León
42059,Centenera de Andaluz,Soria,07,Castilla y León
42060,Cerbón,Soria,07,Castilla y León
42061,Cidones,Soria,07,Castilla y León
42062,Cigudosa,Soria,07,Castilla y León
42063,Cihuela,Soria,07,Castilla y León
42064,Ciria,Soria,07,Castilla y León
42065,Cirujales del Río,Soria,07,Castilla y León
42068,Coscurita,Soria,07,Castilla y León
42069,Covaleda,Soria,07,Castilla y León
42070,Cubilla,Soria,07,Castilla y León
42071,Cubo de la Solana,Soria,07,Castilla y León
42073,Cueva de Ágreda,Soria,07,Castilla y León
42075,Dévanos,Soria,07,Castilla y León
42076,Deza,Soria,07,Castilla y León
42078,Duruelo de la Sierra,Soria,07,Castilla y León
42079,Escobosa de Almazán,Soria,07,Castilla y León
42080,Espeja de San Marcelino,Soria,07,Castilla y León
42081,Espejón,Soria,07,Castilla y León
42082,Estepa de San Juan,Soria,07,Castilla y León
42083,Frechilla de Almazán,Soria,07,Castilla y León
42084,Fresno de Caracena,Soria,07,Castilla y León
42085,Fuentearmegil,Soria,07,Castilla y León
42086,Fuentecambrón,Soria,07,Castilla y León
42087,Fuentecantos,Soria,07,Castilla y León
42088,Fuentelmonge,Soria,07,Castilla y León
42089,Fuentelsaz de Soria,Soria,07,Castilla y León
42090,Fuentepinilla,Soria,07,Castilla y León
42092,Fuentes de Magaña,Soria,07,Castilla y León
42093,Fuentestrún,Soria,07,Castilla y León
42094,Garray,Soria,07,Castilla y León
42095,Golmayo,Soria,07,Castilla y León
42096,Gómara,Soria,07,Castilla y León
42097,Gormaz,Soria,07,Castilla y León
42098,Herrera de Soria,Soria,07,Castilla y León
42100,Hinojosa del Campo,Soria,07,Castilla y León
42103,Langa de Duero,Soria,07,Castilla y León
42105,Liceras,Soria,07,Castilla y León
42106,La Losilla,Soria,07,Castilla y León
42107,Magaña,Soria,07,Castilla y León
42108,Maján,Soria,07,Castilla y León
42110,Matalebreras,Soria,07,Castilla y León
42111,Matamala de Almazán,Soria,07,Castilla y León
42113,Medinaceli,Soria,07,Castilla y León
42115,Miño de Medinaceli,Soria,07,Castilla y León
42116,Miño de San Esteban,Soria,07,Castilla y León
42117,Molinos de Duero,Soria,07,Castilla y León
42118,Momblona,Soria,07,Castilla y León
42119,Monteagudo de las Vicarías,Soria,07,Castilla y León
42120,Montejo de Tiermes,Soria,07,Castilla y León
42121,Montenegro de Cameros,Soria,07,Castilla y León
42123,Morón de Almazán,Soria,07,Castilla y León
42124,Muriel de la Fuente,Soria,07,Castilla y León
42125,Muriel Viejo,Soria,07,Castilla y León
42127,Nafría de Ucero,Soria,07,Castilla y León
42128,Narros,Soria,07,Castilla y León
42129,Navaleno,Soria,07,Castilla y León
42130,Nepas,Soria,07,Castilla y León
42131,Nolay,Soria,07,Castilla y León
42132,Noviercas,Soria,07,Castilla y León
42134,Ólvega,Soria,07,Castilla y León
42135,Oncala,Soria,07,Castilla y León
42139,Pinilla del Campo,Soria,07,Castilla y León
42140,Portillo de Soria,Soria,07,Castilla y León
42141,La Póveda de Soria,Soria,07,Castilla y León
42142,Pozalmuro,Soria,07,Castilla y León
42144,Quintana Redonda,Soria,07,Castilla y León
42145,Quintanas de Gormaz,Soria,07,Castilla y León
42148,Quiñonería,Soria,07,Castilla y León
42149,Los Rábanos,Soria,07,Castilla y León
42151,Rebollar,Soria,07,Castilla y León
42152,Recuerda,Soria,07,Castilla y León
42153,Rello,Soria,07,Castilla y León
42154,Renieblas,Soria,07,Castilla y León
42155,Retortillo de Soria,Soria,07,Castilla y León
42156,Reznos,Soria,07,Castilla y León
42157,La Riba de Escalote,Soria,07,Castilla y León
42158,Rioseco de Soria,Soria,07,Castilla y León
42159,Rollamienta,Soria,07,Castilla y León
42160,El Royo,Soria,07,Castilla y León
42161,Salduero,Soria,07,Castilla y León
42162,San Esteban de Gormaz,Soria,07,Castilla y León
42163,San Felices,Soria,07,Castilla y León
42164,San Leonardo de Yagüe,Soria,07,Castilla y León
42165,San Pedro Manrique,Soria,07,Castilla y León
42166,Santa Cruz de Yanguas,Soria,07,Castilla y León
42167,Santa María de Huerta,Soria,07,Castilla y León
42168,Santa María de las Hoyas,Soria,07,Castilla y León
42171,Serón de Nágima,Soria,07,Castilla y León
42172,Soliedra,Soria,07,Castilla y León
42173,Soria,Soria,07,Castilla y León
42174,Sotillo del Rincón,Soria,07,Castilla y León
42175,Suellacabras,Soria,07,Castilla y León
42176,Tajahuerce,Soria,07,Castilla y León
42177,Tajueco,Soria,07,Castilla y León
42178,Talveila,Soria,07,Castilla y León
42181,Tardelcuende,Soria,07,Castilla y León
42182,Taroda,Soria,07,Castilla y León
42183,Tejado,Soria,07,Castilla y León
42184,Torlengua,Soria,07,Castilla y León
42185,Torreblacos,Soria,07,Castilla y León
42187,Torrubia de Soria,Soria,07,Castilla y León
42188,Trévago,Soria,07,Castilla y León
42189,Ucero,Soria,07,Castilla y León
42190,Vadillo,Soria,07,Castilla y León
42191,Valdeavellano de Tera,Soria,07,Castilla y León
42192,Valdegeña,Soria,07,Castilla y León
42193,Valdelagua del Cerro,Soria,07,Castilla y León
42194,Valdemaluque,Soria,07,Castilla y León
42195,Valdenebro,Soria,07,Castilla y León
42196,Valdeprado,Soria,07,Castilla y León
42197,Valderrodilla,Soria,07,Castilla y León
42198,Valtajeros,Soria,07,Castilla y León
42200,Velamazán,Soria,07,Castilla y León
42201,Velilla de la Sierra,Soria,07,Castilla y León
42202,Velilla de los Ajos,Soria,07,Castilla y León
42204,Viana de Duero,Soria,07,Castilla y León
42205,Villaciervos,Soria,07,Castilla y León
42206,Villanueva de Gormaz,Soria,07,Castilla y León
42207,Villar del Ala,Soria,07,Castilla y León
42208,Villar del Campo,Soria,07,Castilla y León
42209,Villar del Río,Soria,07,Castilla y León
42211,Los Villares de Soria,Soria,07,Castilla y León
42212,Villasayas,Soria,07,Castilla y León
42213,Villaseca de Arciel,Soria,07,Castilla y León
42215,Vinuesa,Soria,07,Castilla y León
42216,Vizmanos,Soria,07,Castilla y León
42217,Vozmediano,Soria,07,Castilla y León
42218,Yanguas,Soria,07,Castilla y León
42219,Yelo,Soria,07,Castilla y León
43001,Aiguamúrcia,Tarragona,09,Catalunya
43002,Albinyana,Tarragona,09,Catalunya
43003,"Albiol, L'",Tarragona,09,Catalunya
43004,Alcanar,Tarragona,09,Catalunya
43005,Alcover,Tarragona,09,Catalunya
43006,Aldover,Tarragona,09,Catalunya
43007,"Aleixar, L'",Tarragona,09,Catalunya
43008,Alfara de Carles,Tarragona,09,Catalunya
43009,Alforja,Tarragona,09,Catalunya
43010,Alió,Tarragona,09,Catalunya
43011,Almoster,Tarragona,09,Catalunya
43012,Altafulla,Tarragona,09,Catalunya
43013,"Ametlla de Mar, L'",Tarragona,09,Catalunya
43014,Amposta,Tarragona,09,Catalunya
43015,Arbolí,Tarragona,09,Catalunya
43016,"Arboç, L'",Tarragona,09,Catalunya
43017,"Argentera, L'",Tarragona,09,Catalunya
43018,Arnes,Tarragona,09,Catalunya
43019,Ascó,Tarragona,09,Catalunya
43020,Banyeres del Penedès,Tarragona,09,Catalunya
43021,Barberà de la Conca,Tarragona,09,Catalunya
43022,Batea,Tarragona,09,Catalunya
43023,Bellmunt del Priorat,Tarragona,09,Catalunya
43024,Bellvei,Tarragona,09,Catalunya
43025,Benifallet,Tarragona,09,Catalunya
43026,Benissanet,Tarragona,09,Catalunya
43027,La Bisbal de Montsant,Tarragona,09,Catalunya
43028,La Bisbal del Penedès,Tarragona,09,Catalunya
43029,Blancafort,Tarragona,09,Catalunya
43030,Bonastre,Tarragona,09,Catalunya
43031,"Borges del Camp, Les",Tarragona,09,Catalunya
43032,Bot,Tarragona,09,Catalunya
43033,Botarell,Tarragona,09,Catalunya
43034,Bràfim,Tarragona,09,Catalunya
43035,Cabacés,Tarragona,09,Catalunya
43036,Cabra del Camp,Tarragona,09,Catalunya
43037,Calafell,Tarragona,09,Catalunya
43038,Cambrils,Tarragona,09,Catalunya
43039,Capafonts,Tarragona,09,Catalunya
43040,Capçanes,Tarragona,09,Catalunya
43041,Caseres,Tarragona,09,Catalunya
43042,Castellvell del Camp,Tarragona,09,Catalunya
43043,El Catllar,Tarragona,09,Catalunya
43044,La Sénia,Tarragona,09,Catalunya
43045,Colldejou,Tarragona,09,Catalunya
43046,Conesa,Tarragona,09,Catalunya
43047,Constantí,Tarragona,09,Catalunya
43048,Corbera d'Ebre,Tarragona,09,Catalunya
43049,Cornudella de Montsant,Tarragona,09,Catalunya
43050,Creixell,Tarragona,09,Catalunya
43051,Cunit,Tarragona,09,Catalunya
43052,Xerta,Tarragona,09,Catalunya
43053,Duesaigües,Tarragona,09,Catalunya
43054,"Espluga de Francolí, L'",Tarragona,09,Catalunya
43055,Falset,Tarragona,09,Catalunya
43056,La Fatarella,Tarragona,09,Catalunya
43057,La Febró,Tarragona,09,Catalunya
43058,La Figuera,Tarragona,09,Catalunya
43059,Figuerola del Camp,Tarragona,09,Catalunya
43060,Flix,Tarragona,09,Catalunya
43061,Forès,Tarragona,09,Catalunya
43062,Freginals,Tarragona,09,Catalunya
43063,La Galera,Tarragona,09,Catalunya
43064,Gandesa,Tarragona,09,Catalunya
43065,Garcia,Tarragona,09,Catalunya
43066,"Garidells, Els",Tarragona,09,Catalunya
43067,Ginestar,Tarragona,09,Catalunya
43068,Godall,Tarragona,09,Catalunya
43069,Gratallops,Tarragona,09,Catalunya
43070,"Guiamets, Els",Tarragona,09,Catalunya
43071,Horta de Sant Joan,Tarragona,09,Catalunya
43072,El Lloar,Tarragona,09,Catalunya
43073,Llorac,Tarragona,09,Catalunya
43074,Llorenç del Penedès,Tarragona,09,Catalunya
43075,Margalef,Tarragona,09,Catalunya
43076,Marçà,Tarragona,09,Catalunya
43077,Mas de Barberans,Tarragona,09,Catalunya
43078,Masdenverge,Tarragona,09,Catalunya
43079,Masllorenç,Tarragona,09,Catalunya
43080,La Masó,Tarragona,09,Catalunya
43081,Maspujols,Tarragona,09,Catalunya
43082,El Masroig,Tarragona,09,Catalunya
43083,El Milà,Tarragona,09,Catalunya
43084,Miravet,Tarragona,09,Catalunya
43085,El Molar,Tarragona,09,Catalunya
43086,Montblanc,Tarragona,09,Catalunya
43088,Montbrió del Camp,Tarragona,09,Catalunya
43089,Montferri,Tarragona,09,Catalunya
43090,El Montmell,Tarragona,09,Catalunya
43091,Mont-ral,Tarragona,09,Catalunya
43092,Mont-roig del Camp,Tarragona,09,Catalunya
43093,Móra d'Ebre,Tarragona,09,Catalunya
43094,Móra la Nova,Tarragona,09,Catalunya
43095,El Morell,Tarragona,09,Catalunya
43096,La Morera de Montsant,Tarragona,09,Catalunya
43097,La Nou de Gaià,Tarragona,09,Catalunya
43098,Nulles,Tarragona,09,Catalunya
43099,La Palma d'Ebre,Tarragona,09,Catalunya
43100,"Pallaresos, Els",Tarragona,09,Catalunya
43101,Passanant i Belltall,Tarragona,09,Catalunya
43102,Paüls,Tarragona,09,Catalunya
43103,Perafort,Tarragona,09,Catalunya
43104,El Perelló,Tarragona,09,Catalunya
43105,"Piles, Les",Tarragona,09,Catalunya
43106,El Pinell de Brai,Tarragona,09,Catalunya
43107,Pira,Tarragona,09,Catalunya
43108,El Pla de Santa Maria,Tarragona,09,Catalunya
43109,La Pobla de Mafumet,Tarragona,09,Catalunya
43110,La Pobla de Massaluca,Tarragona,09,Catalunya
43111,La Pobla de Montornès,Tarragona,09,Catalunya
43112,Poboleda,Tarragona,09,Catalunya
43113,El Pont d'Armentera,Tarragona,09,Catalunya
43114,Porrera,Tarragona,09,Catalunya
43115,Pradell de la Teixeta,Tarragona,09,Catalunya
43116,Prades,Tarragona,09,Catalunya
43117,Prat de Comte,Tarragona,09,Catalunya
43118,Pratdip,Tarragona,09,Catalunya
43119,Puigpelat,Tarragona,09,Catalunya
43120,Querol,Tarragona,09,Catalunya
43121,Rasquera,Tarragona,09,Catalunya
43122,Renau,Tarragona,09,Catalunya
43123,Reus,Tarragona,09,Catalunya
43124,La Riba,Tarragona,09,Catalunya
43125,Riba-roja d'Ebre,Tarragona,09,Catalunya
43126,La Riera de Gaià,Tarragona,09,Catalunya
43127,Riudecanyes,Tarragona,09,Catalunya
43128,Riudecols,Tarragona,09,Catalunya
43129,Riudoms,Tarragona,09,Catalunya
43130,Rocafort de Queralt,Tarragona,09,Catalunya
43131,Roda de Berà,Tarragona,09,Catalunya
43132,Rodonyà,Tarragona,09,Catalunya
43133,Roquetes,Tarragona,09,Catalunya
43134,El Rourell,Tarragona,09,Catalunya
43135,Salomó,Tarragona,09,Catalunya
43136,La Ràpita,Tarragona,09,Catalunya
43137,Sant Jaume dels Domenys,Tarragona,09,Catalunya
43138,Santa Bàrbara,Tarragona,09,Catalunya
43139,Santa Coloma de Queralt,Tarragona,09,Catalunya
43140,Santa Oliva,Tarragona,09,Catalunya
43141,Pontils,Tarragona,09,Catalunya
43142,Sarral,Tarragona,09,Catalunya
43143,Savallà del Comtat,Tarragona,09,Catalunya
43144,La Secuita,Tarragona,09,Catalunya
43145,La Selva del Camp,Tarragona,09,Catalunya
43146,Senan,Tarragona,09,Catalunya
43147,Solivella,Tarragona,09,Catalunya
43148,Tarragona,Tarragona,09,Catalunya
43149,Tivenys,Tarragona,09,Catalunya
43150,Tivissa,Tarragona,09,Catalunya
43151,La Torre de Fontaubella,Tarragona,09,Catalunya
43152,La Torre de l'Espanyol,Tarragona,09,Catalunya
43153,Torredembarra,Tarragona,09,Catalunya
43154,Torroja del Priorat,Tarragona,09,Catalunya
43155,Tortosa,Tarragona,09,Catalunya
43156,Ulldecona,Tarragona,09,Catalunya
43157,Ulldemolins,Tarragona,09,Catalunya
43158,Vallclara,Tarragona,09,Catalunya
43159,Vallfogona de Riucorb,Tarragona,09,Catalunya
43160,Vallmoll,Tarragona,09,Catalunya
43161,Valls,Tarragona,09,Catalunya
43162,Vandellòs i l'Hospitalet de l'Infant,Tarragona,09,Catalunya
43163,El Vendrell,Tarragona,09,Catalunya
43164,Vespella de Gaià,Tarragona,09,Catalunya
43165,Vilabella,Tarragona,09,Catalunya
43166,Vilallonga del Camp,Tarragona,09,Catalunya
43167,Vilanova d'Escornalbou,Tarragona,09,Catalunya
43168,Vilanova de Prades,Tarragona,09,Catalunya
43169,Vilaplana,Tarragona,09,Catalunya
43170,Vila-rodona,Tarragona,09,Catalunya
43171,Vila-seca,Tarragona,09,Catalunya
43172,Vilaverd,Tarragona,09,Catalunya
43173,La Vilella Alta,Tarragona,09,Catalunya
43174,La Vilella Baixa,Tarragona,09,Catalunya
43175,Vilalba dels Arcs,Tarragona,09,Catalunya
43176,Vimbodí i Poblet,Tarragona,09,Catalunya
43177,Vinebre,Tarragona,09,Catalunya
43178,Vinyols i els Arcs,Tarragona,09,Catalunya
43901,Deltebre,Tarragona,09,Catalunya
43902,Sant Jaume d'Enveja,Tarragona,09,Catalunya
43903,Camarles,Tarragona,09,Catalunya
43904,"Aldea, L'",Tarragona,09,Catalunya
43905,Salou,Tarragona,09,Catalunya
43906,"Ampolla, L'",Tarragona,09,Catalunya
43907,La Canonja,Tarragona,09,Catalunya
44001,Ababuj,Teruel,02,Aragón
44002,Abejuela,Teruel,02,Aragón
44003,Aguatón,Teruel,02,Aragón
44004,Aguaviva,Teruel,02,Aragón
44005,Aguilar del Alfambra,Teruel,02,Aragón
44006,Alacón,Teruel,02,Aragón
44007,Alba,Teruel,02,Aragón
44008,Albalate del Arzobispo,Teruel,02,Aragón
44009,Albarracín,Teruel,02,Aragón
44010,Albentosa,Teruel,02,Aragón
44011,Alcaine,Teruel,02,Aragón
44012,Alcalá de la Selva,Teruel,02,Aragón
44013,Alcañiz,Teruel,02,Aragón
44014,Alcorisa,Teruel,02,Aragón
44016,Alfambra,Teruel,02,Aragón
44017,Aliaga,Teruel,02,Aragón
44018,Almohaja,Teruel,02,Aragón
44019,Alobras,Teruel,02,Aragón
44020,Alpeñés,Teruel,02,Aragón
44021,Allepuz,Teruel,02,Aragón
44022,Alloza,Teruel,02,Aragón
44023,Allueva,Teruel,02,Aragón
44024,Anadón,Teruel,02,Aragón
44025,Andorra,Teruel,02,Aragón
44026,Arcos de las Salinas,Teruel,02,Aragón
44027,Arens de Lledó,Teruel,02,Aragón
44028,Argente,Teruel,02,Aragón
44029,Ariño,Teruel,02,Aragón
44031,Azaila,Teruel,02,Aragón
44032,Bádenas,Teruel,02,Aragón
44033,Báguena,Teruel,02,Aragón
44034,Bañón,Teruel,02,Aragón
44035,Barrachina,Teruel,02,Aragón
44036,Bea,Teruel,02,Aragón
44037,Beceite,Teruel,02,Aragón
44038,Belmonte de San José,Teruel,02,Aragón
44039,Bello,Teruel,02,Aragón
44040,Berge,Teruel,02,Aragón
44041,Bezas,Teruel,02,Aragón
44042,Blancas,Teruel,02,Aragón
44043,Blesa,Teruel,02,Aragón
44044,Bordón,Teruel,02,Aragón
44045,Bronchales,Teruel,02,Aragón
44046,Bueña,Teruel,02,Aragón
44047,Burbáguena,Teruel,02,Aragón
44048,Cabra de Mora,Teruel,02,Aragón
44049,Calaceite,Teruel,02,Aragón
44050,Calamocha,Teruel,02,Aragón
44051,Calanda,Teruel,02,Aragón
44052,Calomarde,Teruel,02,Aragón
44053,Camañas,Teruel,02,Aragón
44054,Camarena de la Sierra,Teruel,02,Aragón
44055,Camarillas,Teruel,02,Aragón
44056,Caminreal,Teruel,02,Aragón
44059,Cantavieja,Teruel,02,Aragón
44060,Cañada de Benatanduz,Teruel,02,Aragón
44061,La Cañada de Verich,Teruel,02,Aragón
44062,Cañada Vellida,Teruel,02,Aragón
44063,Cañizar del Olivar,Teruel,02,Aragón
44064,Cascante del Río,Teruel,02,Aragón
44065,Castejón de Tornos,Teruel,02,Aragón
44066,Castel de Cabra,Teruel,02,Aragón
44067,Castelnou,Teruel,02,Aragón
44068,Castelserás,Teruel,02,Aragón
44070,El Castellar,Teruel,02,Aragón
44071,Castellote,Teruel,02,Aragón
44074,Cedrillas,Teruel,02,Aragón
44075,Celadas,Teruel,02,Aragón
44076,Cella,Teruel,02,Aragón
44077,La Cerollera,Teruel,02,Aragón
44080,La Codoñera,Teruel,02,Aragón
44082,Corbalán,Teruel,02,Aragón
44084,Cortes de Aragón,Teruel,02,Aragón
44085,Cosa,Teruel,02,Aragón
44086,Cretas,Teruel,02,Aragón
44087,Crivillén,Teruel,02,Aragón
44088,La Cuba,Teruel,02,Aragón
44089,Cubla,Teruel,02,Aragón
44090,Cucalón,Teruel,02,Aragón
44092,El Cuervo,Teruel,02,Aragón
44093,Cuevas de Almudén,Teruel,02,Aragón
44094,Cuevas Labradas,Teruel,02,Aragón
44096,Ejulve,Teruel,02,Aragón
44097,Escorihuela,Teruel,02,Aragón
44099,Escucha,Teruel,02,Aragón
44100,Estercuel,Teruel,02,Aragón
44101,Ferreruela de Huerva,Teruel,02,Aragón
44102,Fonfría,Teruel,02,Aragón
44103,Formiche Alto,Teruel,02,Aragón
44105,Fórnoles,Teruel,02,Aragón
44106,Fortanete,Teruel,02,Aragón
44107,Foz-Calanda,Teruel,02,Aragón
44108,La Fresneda,Teruel,02,Aragón
44109,Frías de Albarracín,Teruel,02,Aragón
44110,Fuenferrada,Teruel,02,Aragón
44111,Fuentes Calientes,Teruel,02,Aragón
44112,Fuentes Claras,Teruel,02,Aragón
44113,Fuentes de Rubielos,Teruel,02,Aragón
44114,Fuentespalda,Teruel,02,Aragón
44115,Galve,Teruel,02,Aragón
44116,Gargallo,Teruel,02,Aragón
44117,Gea de Albarracín,Teruel,02,Aragón
44118,La Ginebrosa,Teruel,02,Aragón
44119,Griegos,Teruel,02,Aragón
44120,Guadalaviar,Teruel,02,Aragón
44121,Gúdar,Teruel,02,Aragón
44122,Híjar,Teruel,02,Aragón
44123,Hinojosa de Jarque,Teruel,02,Aragón
44124,La Hoz de la Vieja,Teruel,02,Aragón
44125,Huesa del Común,Teruel,02,Aragón
44126,La Iglesuela del Cid,Teruel,02,Aragón
44127,Jabaloyas,Teruel,02,Aragón
44128,Jarque de la Val,Teruel,02,Aragón
44129,Jatiel,Teruel,02,Aragón
44130,Jorcas,Teruel,02,Aragón
44131,Josa,Teruel,02,Aragón
44132,Lagueruela,Teruel,02,Aragón
44133,Lanzuela,Teruel,02,Aragón
44135,Libros,Teruel,02,Aragón
44136,Lidón,Teruel,02,Aragón
44137,Linares de Mora,Teruel,02,Aragón
44138,Loscos,Teruel,02,Aragón
44141,Lledó,Teruel,02,Aragón
44142,Maicas,Teruel,02,Aragón
44143,Manzanera,Teruel,02,Aragón
44144,Martín del Río,Teruel,02,Aragón
44145,Mas de las Matas,Teruel,02,Aragón
44146,La Mata de los Olmos,Teruel,02,Aragón
44147,Mazaleón,Teruel,02,Aragón
44148,Mezquita de Jarque,Teruel,02,Aragón
44149,Mirambel,Teruel,02,Aragón
44150,Miravete de la Sierra,Teruel,02,Aragón
44151,Molinos,Teruel,02,Aragón
44152,Monforte de Moyuela,Teruel,02,Aragón
44153,Monreal del Campo,Teruel,02,Aragón
44154,Monroyo,Teruel,02,Aragón
44155,Montalbán,Teruel,02,Aragón
44156,Monteagudo del Castillo,Teruel,02,Aragón
44157,Monterde de Albarracín,Teruel,02,Aragón
44158,Mora de Rubielos,Teruel,02,Aragón
44159,Moscardón,Teruel,02,Aragón
44160,Mosqueruela,Teruel,02,Aragón
44161,Muniesa,Teruel,02,Aragón
44163,Noguera de Albarracín,Teruel,02,Aragón
44164,Nogueras,Teruel,02,Aragón
44165,Nogueruelas,Teruel,02,Aragón
44167,Obón,Teruel,02,Aragón
44168,Odón,Teruel,02,Aragón
44169,Ojos Negros,Teruel,02,Aragón
44171,Olba,Teruel,02,Aragón
44172,Oliete,Teruel,02,Aragón
44173,Los Olmos,Teruel,02,Aragón
44174,Orihuela del Tremedal,Teruel,02,Aragón
44175,Orrios,Teruel,02,Aragón
44176,Palomar de Arroyos,Teruel,02,Aragón
44177,Pancrudo,Teruel,02,Aragón
44178,Las Parras de Castellote,Teruel,02,Aragón
44179,Peñarroya de Tastavins,Teruel,02,Aragón
44180,Peracense,Teruel,02,Aragón
44181,Peralejos,Teruel,02,Aragón
44182,Perales del Alfambra,Teruel,02,Aragón
44183,Pitarque,Teruel,02,Aragón
44184,Plou,Teruel,02,Aragón
44185,El Pobo,Teruel,02,Aragón
44187,La Portellada,Teruel,02,Aragón
44189,Pozondón,Teruel,02,Aragón
44190,Pozuel del Campo,Teruel,02,Aragón
44191,La Puebla de Híjar,Teruel,02,Aragón
44192,La Puebla de Valverde,Teruel,02,Aragón
44193,Puertomingalvo,Teruel,02,Aragón
44194,Ráfales,Teruel,02,Aragón
44195,Rillo,Teruel,02,Aragón
44196,Riodeva,Teruel,02,Aragón
44197,Ródenas,Teruel,02,Aragón
44198,Royuela,Teruel,02,Aragón
44199,Rubiales,Teruel,02,Aragón
44200,Rubielos de la Cérida,Teruel,02,Aragón
44201,Rubielos de Mora,Teruel,02,Aragón
44203,Salcedillo,Teruel,02,Aragón
44204,Saldón,Teruel,02,Aragón
44205,Samper de Calanda,Teruel,02,Aragón
44206,San Agustín,Teruel,02,Aragón
44207,San Martín del Río,Teruel,02,Aragón
44208,Santa Cruz de Nogueras,Teruel,02,Aragón
44209,Santa Eulalia,Teruel,02,Aragón
44210,Sarrión,Teruel,02,Aragón
44211,Segura de los Baños,Teruel,02,Aragón
44212,Seno,Teruel,02,Aragón
44213,Singra,Teruel,02,Aragón
44215,Terriente,Teruel,02,Aragón
44216,Teruel,Teruel,02,Aragón
44217,Toril y Masegoso,Teruel,02,Aragón
44218,Tormón,Teruel,02,Aragón
44219,Tornos,Teruel,02,Aragón
44220,Torralba de los Sisones,Teruel,02,Aragón
44221,Torrecilla de Alcañiz,Teruel,02,Aragón
44222,Torrecilla del Rebollar,Teruel,02,Aragón
44223,Torre de Arcas,Teruel,02,Aragón
44224,Torre de las Arcas,Teruel,02,Aragón
44225,Torre del Compte,Teruel,02,Aragón
44226,Torrelacárcel,Teruel,02,Aragón
44227,Torre los Negros,Teruel,02,Aragón
44228,Torremocha de Jiloca,Teruel,02,Aragón
44229,Torres de Albarracín,Teruel,02,Aragón
44230,Torrevelilla,Teruel,02,Aragón
44231,Torrijas,Teruel,02,Aragón
44232,Torrijo del Campo,Teruel,02,Aragón
44234,Tramacastiel,Teruel,02,Aragón
44235,Tramacastilla,Teruel,02,Aragón
44236,Tronchón,Teruel,02,Aragón
44237,Urrea de Gaén,Teruel,02,Aragón
44238,Utrillas,Teruel,02,Aragón
44239,Valacloche,Teruel,02,Aragón
44240,Valbona,Teruel,02,Aragón
44241,Valdealgorfa,Teruel,02,Aragón
44243,Valdecuenca,Teruel,02,Aragón
44244,Valdelinares,Teruel,02,Aragón
44245,Valdeltormo,Teruel,02,Aragón
44246,Valderrobres,Teruel,02,Aragón
44247,Valjunquera,Teruel,02,Aragón
44249,El Vallecillo,Teruel,02,Aragón
44250,Veguillas de la Sierra,Teruel,02,Aragón
44251,Villafranca del Campo,Teruel,02,Aragón
44252,Villahermosa del Campo,Teruel,02,Aragón
44256,Villanueva del Rebollar de la Sierra,Teruel,02,Aragón
44257,Villar del Cobo,Teruel,02,Aragón
44258,Villar del Salz,Teruel,02,Aragón
44260,Villarluengo,Teruel,02,Aragón
44261,Villarquemado,Teruel,02,Aragón
44262,Villarroya de los Pinares,Teruel,02,Aragón
44263,Villastar,Teruel,02,Aragón
44264,Villel,Teruel,02,Aragón
44265,Vinaceite,Teruel,02,Aragón
44266,Visiedo,Teruel,02,Aragón
44267,Vivel del Río Martín,Teruel,02,Aragón
44268,La Zoma,Teruel,02,Aragón
45001,Ajofrín,Toledo,08,Castilla-La Mancha
45002,Alameda de la Sagra,Toledo,08,Castilla-La Mancha
45003,Albarreal de Tajo,Toledo,08,Castilla-La Mancha
45004,Alcabón,Toledo,08,Castilla-La Mancha
45005,Alcañizo,Toledo,08,Castilla-La Mancha
45006,Alcaudete de la Jara,Toledo,08,Castilla-La Mancha
45007,Alcolea de Tajo,Toledo,08,Castilla-La Mancha
45008,Aldea en Cabo,Toledo,08,Castilla-La Mancha
45009,Aldeanueva de Barbarroya,Toledo,08,Castilla-La Mancha
45010,Aldeanueva de San Bartolomé,Toledo,08,Castilla-La Mancha
45011,Almendral de la Cañada,Toledo,08,Castilla-La Mancha
45012,Almonacid de Toledo,Toledo,08,Castilla-La Mancha
45013,Almorox,Toledo,08,Castilla-La Mancha
45014,Añover de Tajo,Toledo,08,Castilla-La Mancha
45015,Arcicóllar,Toledo,08,Castilla-La Mancha
45016,Argés,Toledo,08,Castilla-La Mancha
45017,Azután,Toledo,08,Castilla-La Mancha
45018,Barcience,Toledo,08,Castilla-La Mancha
45019,Bargas,Toledo,08,Castilla-La Mancha
45020,Belvís de la Jara,Toledo,08,Castilla-La Mancha
45021,Borox,Toledo,08,Castilla-La Mancha
45022,Buenaventura,Toledo,08,Castilla-La Mancha
45023,Burguillos de Toledo,Toledo,08,Castilla-La Mancha
45024,Burujón,Toledo,08,Castilla-La Mancha
45025,Cabañas de la Sagra,Toledo,08,Castilla-La Mancha
45026,Cabañas de Yepes,Toledo,08,Castilla-La Mancha
45027,Cabezamesada,Toledo,08,Castilla-La Mancha
45028,Calera y Chozas,Toledo,08,Castilla-La Mancha
45029,Caleruela,Toledo,08,Castilla-La Mancha
45030,Calzada de Oropesa,Toledo,08,Castilla-La Mancha
45031,Camarena,Toledo,08,Castilla-La Mancha
45032,Camarenilla,Toledo,08,Castilla-La Mancha
45033,El Campillo de la Jara,Toledo,08,Castilla-La Mancha
45034,Camuñas,Toledo,08,Castilla-La Mancha
45035,Cardiel de los Montes,Toledo,08,Castilla-La Mancha
45036,Carmena,Toledo,08,Castilla-La Mancha
45037,El Carpio de Tajo,Toledo,08,Castilla-La Mancha
45038,Carranque,Toledo,08,Castilla-La Mancha
45039,Carriches,Toledo,08,Castilla-La Mancha
45040,El Casar de Escalona,Toledo,08,Castilla-La Mancha
45041,Casarrubios del Monte,Toledo,08,Castilla-La Mancha
45042,Casasbuenas,Toledo,08,Castilla-La Mancha
45043,Castillo de Bayuela,Toledo,08,Castilla-La Mancha
45045,Cazalegas,Toledo,08,Castilla-La Mancha
45046,Cebolla,Toledo,08,Castilla-La Mancha
45047,Cedillo del Condado,Toledo,08,Castilla-La Mancha
45048,Los Cerralbos,Toledo,08,Castilla-La Mancha
45049,Cervera de los Montes,Toledo,08,Castilla-La Mancha
45050,Ciruelos,Toledo,08,Castilla-La Mancha
45051,Cobeja,Toledo,08,Castilla-La Mancha
45052,Cobisa,Toledo,08,Castilla-La Mancha
45053,Consuegra,Toledo,08,Castilla-La Mancha
45054,Corral de Almaguer,Toledo,08,Castilla-La Mancha
45055,Cuerva,Toledo,08,Castilla-La Mancha
45056,Chozas de Canales,Toledo,08,Castilla-La Mancha
45057,Chueca,Toledo,08,Castilla-La Mancha
45058,Domingo Pérez,Toledo,08,Castilla-La Mancha
45059,Dosbarrios,Toledo,08,Castilla-La Mancha
45060,Erustes,Toledo,08,Castilla-La Mancha
45061,Escalona,Toledo,08,Castilla-La Mancha
45062,Escalonilla,Toledo,08,Castilla-La Mancha
45063,Espinoso del Rey,Toledo,08,Castilla-La Mancha
45064,Esquivias,Toledo,08,Castilla-La Mancha
45065,La Estrella,Toledo,08,Castilla-La Mancha
45066,Fuensalida,Toledo,08,Castilla-La Mancha
45067,Gálvez,Toledo,08,Castilla-La Mancha
45068,Garciotum,Toledo,08,Castilla-La Mancha
45069,Gerindote,Toledo,08,Castilla-La Mancha
45070,Guadamur,Toledo,08,Castilla-La Mancha
45071,La Guardia,Toledo,08,Castilla-La Mancha
45072,Las Herencias,Toledo,08,Castilla-La Mancha
45073,Herreruela de Oropesa,Toledo,08,Castilla-La Mancha
45074,Hinojosa de San Vicente,Toledo,08,Castilla-La Mancha
45075,Hontanar,Toledo,08,Castilla-La Mancha
45076,Hormigos,Toledo,08,Castilla-La Mancha
45077,Huecas,Toledo,08,Castilla-La Mancha
45078,Huerta de Valdecarábanos,Toledo,08,Castilla-La Mancha
45079,La Iglesuela del Tiétar,Toledo,08,Castilla-La Mancha
45080,Illán de Vacas,Toledo,08,Castilla-La Mancha
45081,Illescas,Toledo,08,Castilla-La Mancha
45082,Lagartera,Toledo,08,Castilla-La Mancha
45083,Layos,Toledo,08,Castilla-La Mancha
45084,Lillo,Toledo,08,Castilla-La Mancha
45085,Lominchar,Toledo,08,Castilla-La Mancha
45086,Lucillos,Toledo,08,Castilla-La Mancha
45087,Madridejos,Toledo,08,Castilla-La Mancha
45088,Magán,Toledo,08,Castilla-La Mancha
45089,Malpica de Tajo,Toledo,08,Castilla-La Mancha
45090,Manzaneque,Toledo,08,Castilla-La Mancha
45091,Maqueda,Toledo,08,Castilla-La Mancha
45092,Marjaliza,Toledo,08,Castilla-La Mancha
45093,Marrupe,Toledo,08,Castilla-La Mancha
45094,Mascaraque,Toledo,08,Castilla-La Mancha
45095,La Mata,Toledo,08,Castilla-La Mancha
45096,Mazarambroz,Toledo,08,Castilla-La Mancha
45097,Mejorada,Toledo,08,Castilla-La Mancha
45098,Menasalbas,Toledo,08,Castilla-La Mancha
45099,Méntrida,Toledo,08,Castilla-La Mancha
45100,Mesegar de Tajo,Toledo,08,Castilla-La Mancha
45101,Miguel Esteban,Toledo,08,Castilla-La Mancha
45102,Mocejón,Toledo,08,Castilla-La Mancha
45103,Mohedas de la Jara,Toledo,08,Castilla-La Mancha
45104,Montearagón,Toledo,08,Castilla-La Mancha
45105,Montesclaros,Toledo,08,Castilla-La Mancha
45106,Mora,Toledo,08,Castilla-La Mancha
45107,Nambroca,Toledo,08,Castilla-La Mancha
45108,La Nava de Ricomalillo,Toledo,08,Castilla-La Mancha
45109,Navahermosa,Toledo,08,Castilla-La Mancha
45110,Navalcán,Toledo,08,Castilla-La Mancha
45111,Navalmoralejo,Toledo,08,Castilla-La Mancha
45112,Los Navalmorales,Toledo,08,Castilla-La Mancha
45113,Los Navalucillos,Toledo,08,Castilla-La Mancha
45114,Navamorcuende,Toledo,08,Castilla-La Mancha
45115,Noblejas,Toledo,08,Castilla-La Mancha
45116,Noez,Toledo,08,Castilla-La Mancha
45117,Nombela,Toledo,08,Castilla-La Mancha
45118,Novés,Toledo,08,Castilla-La Mancha
45119,Numancia de la Sagra,Toledo,08,Castilla-La Mancha
45120,Nuño Gómez,Toledo,08,Castilla-La Mancha
45121,Ocaña,Toledo,08,Castilla-La Mancha
45122,Olías del Rey,Toledo,08,Castilla-La Mancha
45123,Ontígola,Toledo,08,Castilla-La Mancha
45124,Orgaz,Toledo,08,Castilla-La Mancha
45125,Oropesa,Toledo,08,Castilla-La Mancha
45126,Otero,Toledo,08,Castilla-La Mancha
45127,Palomeque,Toledo,08,Castilla-La Mancha
45128,Pantoja,Toledo,08,Castilla-La Mancha
45129,Paredes de Escalona,Toledo,08,Castilla-La Mancha
45130,Parrillas,Toledo,08,Castilla-La Mancha
45131,Pelahustán,Toledo,08,Castilla-La Mancha
45132,Pepino,Toledo,08,Castilla-La Mancha
45133,Polán,Toledo,08,Castilla-La Mancha
45134,Portillo de Toledo,Toledo,08,Castilla-La Mancha
45135,La Puebla de Almoradiel,Toledo,08,Castilla-La Mancha
45136,La Puebla de Montalbán,Toledo,08,Castilla-La Mancha
45137,La Pueblanueva,Toledo,08,Castilla-La Mancha
45138,El Puente del Arzobispo,Toledo,08,Castilla-La Mancha
45139,Puerto de San Vicente,Toledo,08,Castilla-La Mancha
45140,Pulgar,Toledo,08,Castilla-La Mancha
45141,Quero,Toledo,08,Castilla-La Mancha
45142,Quintanar de la Orden,Toledo,08,Castilla-La Mancha
45143,Quismondo,Toledo,08,Castilla-La Mancha
45144,El Real de San Vicente,Toledo,08,Castilla-La Mancha
45145,Recas,Toledo,08,Castilla-La Mancha
45146,Retamoso de la Jara,Toledo,08,Castilla-La Mancha
45147,Rielves,Toledo,08,Castilla-La Mancha
45148,Robledo del Mazo,Toledo,08,Castilla-La Mancha
45149,El Romeral,Toledo,08,Castilla-La Mancha
45150,San Bartolomé de las Abiertas,Toledo,08,Castilla-La Mancha
45151,San Martín de Montalbán,Toledo,08,Castilla-La Mancha
45152,San Martín de Pusa,Toledo,08,Castilla-La Mancha
45153,San Pablo de los Montes,Toledo,08,Castilla-La Mancha
45154,San Román de los Montes,Toledo,08,Castilla-La Mancha
45155,Santa Ana de Pusa,Toledo,08,Castilla-La Mancha
45156,Santa Cruz de la Zarza,Toledo,08,Castilla-La Mancha
45157,Santa Cruz del Retamar,Toledo,08,Castilla-La Mancha
45158,Santa Olalla,Toledo,08,Castilla-La Mancha
45159,Sartajada,Toledo,08,Castilla-La Mancha
45160,Segurilla,Toledo,08,Castilla-La Mancha
45161,Seseña,Toledo,08,Castilla-La Mancha
45162,Sevilleja de la Jara,Toledo,08,Castilla-La Mancha
45163,Sonseca,Toledo,08,Castilla-La Mancha
45164,Sotillo de las Palomas,Toledo,08,Castilla-La Mancha
45165,Talavera de la Reina,Toledo,08,Castilla-La Mancha
45166,Tembleque,Toledo,08,Castilla-La Mancha
45167,El Toboso,Toledo,08,Castilla-La Mancha
45168,Toledo,Toledo,08,Castilla-La Mancha
45169,Torralba de Oropesa,Toledo,08,Castilla-La Mancha
45170,Torrecilla de la Jara,Toledo,08,Castilla-La Mancha
45171,La Torre de Esteban Hambrán,Toledo,08,Castilla-La Mancha
45172,Torrico,Toledo,08,Castilla-La Mancha
45173,Torrijos,Toledo,08,Castilla-La Mancha
45174,Totanés,Toledo,08,Castilla-La Mancha
45175,Turleque,Toledo,08,Castilla-La Mancha
45176,Ugena,Toledo,08,Castilla-La Mancha
45177,Urda,Toledo,08,Castilla-La Mancha
45179,Valdeverdeja,Toledo,08,Castilla-La Mancha
45180,Valmojado,Toledo,08,Castilla-La Mancha
45181,Velada,Toledo,08,Castilla-La Mancha
45182,Las Ventas con Peña Aguilera,Toledo,08,Castilla-La Mancha
45183,Las Ventas de Retamosa,Toledo,08,Castilla-La Mancha
45184,Las Ventas de San Julián,Toledo,08,Castilla-La Mancha
45185,Villacañas,Toledo,08,Castilla-La Mancha
45186,La Villa de Don Fadrique,Toledo,08,Castilla-La Mancha
45187,Villafranca de los Caballeros,Toledo,08,Castilla-La Mancha
45188,Villaluenga de la Sagra,Toledo,08,Castilla-La Mancha
45189,Villamiel de Toledo,Toledo,08,Castilla-La Mancha
45190,Villaminaya,Toledo,08,Castilla-La Mancha
45191,Villamuelas,Toledo,08,Castilla-La Mancha
45192,Villanueva de Alcardete,Toledo,08,Castilla-La Mancha
45193,Villanueva de Bogas,Toledo,08,Castilla-La Mancha
45194,Villarejo de Montalbán,Toledo,08,Castilla-La Mancha
45195,Villarrubia de Santiago,Toledo,08,Castilla-La Mancha
45196,Villaseca de la Sagra,Toledo,08,Castilla-La Mancha
45197,Villasequilla,Toledo,08,Castilla-La Mancha
45198,Villatobas,Toledo,08,Castilla-La Mancha
45199,El Viso de San Juan,Toledo,08,Castilla-La Mancha
45200,Los Yébenes,Toledo,08,Castilla-La Mancha
45201,Yeles,Toledo,08,Castilla-La Mancha
45202,Yepes,Toledo,08,Castilla-La Mancha
45203,Yuncler,Toledo,08,Castilla-La Mancha
45204,Yunclillos,Toledo,08,Castilla-La Mancha
45205,Yuncos,Toledo,08,Castilla-La Mancha
45901,Santo Domingo-Caudilla,Toledo,08,Castilla-La Mancha
46001,Ademuz,Valencia/València,10,Comunitat Valenciana
46002,Ador,Valencia/València,10,Comunitat Valenciana
46003,Atzeneta d'Albaida,Valencia/València,10,Comunitat Valenciana
46004,Agullent,Valencia/València,10,Comunitat Valenciana
46005,Alaquàs,Valencia/València,10,Comunitat Valenciana
46006,Albaida,Valencia/València,10,Comunitat Valenciana
46007,Albal,Valencia/València,10,Comunitat Valenciana
46008,Albalat de la Ribera,Valencia/València,10,Comunitat Valenciana
46009,Albalat dels Sorells,Valencia/València,10,Comunitat Valenciana
46010,Albalat dels Tarongers,Valencia/València,10,Comunitat Valenciana
46011,Alberic,Valencia/València,10,Comunitat Valenciana
46012,Alborache,Valencia/València,10,Comunitat Valenciana
46013,Alboraia/Alboraya,Valencia/València,10,Comunitat Valenciana
46014,Albuixech,Valencia/València,10,Comunitat Valenciana
46015,Alcàsser,Valencia/València,10,Comunitat Valenciana
46016,Alcàntera de Xúquer,Valencia/València,10,Comunitat Valenciana
46017,Alzira,Valencia/València,10,Comunitat Valenciana
46018,Alcublas,Valencia/València,10,Comunitat Valenciana
46019,"Alcúdia, l'",Valencia/València,10,Comunitat Valenciana
46020,"Alcúdia de Crespins, l'",Valencia/València,10,Comunitat Valenciana
46021,Aldaia,Valencia/València,10,Comunitat Valenciana
46022,Alfafar,Valencia/València,10,Comunitat Valenciana
46023,Alfauir,Valencia/València,10,Comunitat Valenciana
46024,Alfara de la Baronia,Valencia/València,10,Comunitat Valenciana
46025,Alfara del Patriarca,Valencia/València,10,Comunitat Valenciana
46026,Alfarb,Valencia/València,10,Comunitat Valenciana
46027,Alfarrasí,Valencia/València,10,Comunitat Valenciana
46028,Algar de Palància,Valencia/València,10,Comunitat Valenciana
46029,Algemesí,Valencia/València,10,Comunitat Valenciana
46030,Algímia d'Alfara,Valencia/València,10,Comunitat Valenciana
46031,Alginet,Valencia/València,10,Comunitat Valenciana
46032,Almàssera,Valencia/València,10,Comunitat Valenciana
46033,Almiserà,Valencia/València,10,Comunitat Valenciana
46034,Almoines,Valencia/València,10,Comunitat Valenciana
46035,Almussafes,Valencia/València,10,Comunitat Valenciana
46036,Alpuente,Valencia/València,10,Comunitat Valenciana
46037,"Alqueria de la Comtessa, l'",Valencia/València,10,Comunitat Valenciana
46038,Andilla,Valencia/València,10,Comunitat Valenciana
46039,Anna,Valencia/València,10,Comunitat Valenciana
46040,Antella,Valencia/València,10,Comunitat Valenciana
46041,Aras de los Olmos,Valencia/València,10,Comunitat Valenciana
46042,Aielo de Malferit,Valencia/València,10,Comunitat Valenciana
46043,Aielo de Rugat,Valencia/València,10,Comunitat Valenciana
46044,Ayora,Valencia/València,10,Comunitat Valenciana
46045,Barxeta,Valencia/València,10,Comunitat Valenciana
46046,Barx,Valencia/València,10,Comunitat Valenciana
46047,Bèlgida,Valencia/València,10,Comunitat Valenciana
46048,Bellreguard,Valencia/València,10,Comunitat Valenciana
46049,Bellús,Valencia/València,10,Comunitat Valenciana
46050,Benagéber,Valencia/València,10,Comunitat Valenciana
46051,Benaguasil,Valencia/València,10,Comunitat Valenciana
46052,Benavites,Valencia/València,10,Comunitat Valenciana
46053,Beneixida,Valencia/València,10,Comunitat Valenciana
46054,Benetússer,Valencia/València,10,Comunitat Valenciana
46055,Beniarjó,Valencia/València,10,Comunitat Valenciana
46056,Beniatjar,Valencia/València,10,Comunitat Valenciana
46057,Benicolet,Valencia/València,10,Comunitat Valenciana
46058,Benifairó de les Valls,Valencia/València,10,Comunitat Valenciana
46059,Benifairó de la Valldigna,Valencia/València,10,Comunitat Valenciana
46060,Benifaió,Valencia/València,10,Comunitat Valenciana
46061,Beniflá,Valencia/València,10,Comunitat Valenciana
46062,Benigànim,Valencia/València,10,Comunitat Valenciana
46063,Benimodo,Valencia/València,10,Comunitat Valenciana
46064,Benimuslem,Valencia/València,10,Comunitat Valenciana
46065,Beniparrell,Valencia/València,10,Comunitat Valenciana
46066,Benirredrà,Valencia/València,10,Comunitat Valenciana
46067,Benissanó,Valencia/València,10,Comunitat Valenciana
46068,Benissoda,Valencia/València,10,Comunitat Valenciana
46069,Benissuera,Valencia/València,10,Comunitat Valenciana
46070,Bétera,Valencia/València,10,Comunitat Valenciana
46071,Bicorp,Valencia/València,10,Comunitat Valenciana
46072,Bocairent,Valencia/València,10,Comunitat Valenciana
46073,Bolbaite,Valencia/València,10,Comunitat Valenciana
46074,Bonrepòs i Mirambell,Valencia/València,10,Comunitat Valenciana
46075,Bufali,Valencia/València,10,Comunitat Valenciana
46076,Bugarra,Valencia/València,10,Comunitat Valenciana
46077,Buñol,Valencia/València,10,Comunitat Valenciana
46078,Burjassot,Valencia/València,10,Comunitat Valenciana
46079,Calles,Valencia/València,10,Comunitat Valenciana
46080,Camporrobles,Valencia/València,10,Comunitat Valenciana
46081,Canals,Valencia/València,10,Comunitat Valenciana
46082,Canet d'En Berenguer,Valencia/València,10,Comunitat Valenciana
46083,Carcaixent,Valencia/València,10,Comunitat Valenciana
46084,Càrcer,Valencia/València,10,Comunitat Valenciana
46085,Carlet,Valencia/València,10,Comunitat Valenciana
46086,Carrícola,Valencia/València,10,Comunitat Valenciana
46087,Casas Altas,Valencia/València,10,Comunitat Valenciana
46088,Casas Bajas,Valencia/València,10,Comunitat Valenciana
46089,Casinos,Valencia/València,10,Comunitat Valenciana
46090,Castelló de Rugat,Valencia/València,10,Comunitat Valenciana
46091,Castellonet de la Conquesta,Valencia/València,10,Comunitat Valenciana
46092,Castielfabib,Valencia/València,10,Comunitat Valenciana
46093,Catadau,Valencia/València,10,Comunitat Valenciana
46094,Catarroja,Valencia/València,10,Comunitat Valenciana
46095,Caudete de las Fuentes,Valencia/València,10,Comunitat Valenciana
46096,Cerdà,Valencia/València,10,Comunitat Valenciana
46097,Cofrentes,Valencia/València,10,Comunitat Valenciana
46098,Corbera,Valencia/València,10,Comunitat Valenciana
46099,Cortes de Pallás,Valencia/València,10,Comunitat Valenciana
46100,Cotes,Valencia/València,10,Comunitat Valenciana
46101,Quart de les Valls,Valencia/València,10,Comunitat Valenciana
46102,Quart de Poblet,Valencia/València,10,Comunitat Valenciana
46103,Quartell,Valencia/València,10,Comunitat Valenciana
46104,Quatretonda,Valencia/València,10,Comunitat Valenciana
46105,Cullera,Valencia/València,10,Comunitat Valenciana
46106,Chelva,Valencia/València,10,Comunitat Valenciana
46107,Chella,Valencia/València,10,Comunitat Valenciana
46108,Chera,Valencia/València,10,Comunitat Valenciana
46109,Cheste,Valencia/València,10,Comunitat Valenciana
46110,Xirivella,Valencia/València,10,Comunitat Valenciana
46111,Chiva,Valencia/València,10,Comunitat Valenciana
46112,Chulilla,Valencia/València,10,Comunitat Valenciana
46113,Daimús,Valencia/València,10,Comunitat Valenciana
46114,Domeño,Valencia/València,10,Comunitat Valenciana
46115,Dos Aguas,Valencia/València,10,Comunitat Valenciana
46116,"Eliana, l'",Valencia/València,10,Comunitat Valenciana
46117,Emperador,Valencia/València,10,Comunitat Valenciana
46118,Enguera,Valencia/València,10,Comunitat Valenciana
46119,"Énova, l'",Valencia/València,10,Comunitat Valenciana
46120,Estivella,Valencia/València,10,Comunitat Valenciana
46121,Estubeny,Valencia/València,10,Comunitat Valenciana
46122,Faura,Valencia/València,10,Comunitat Valenciana
46123,Favara,Valencia/València,10,Comunitat Valenciana
46124,Fontanars dels Alforins,Valencia/València,10,Comunitat Valenciana
46125,Fortaleny,Valencia/València,10,Comunitat Valenciana
46126,Foios,Valencia/València,10,Comunitat Valenciana
46127,"Font d'en Carròs, la",Valencia/València,10,Comunitat Valenciana
46128,"Font de la Figuera, la",Valencia/València,10,Comunitat Valenciana
46129,Fuenterrobles,Valencia/València,10,Comunitat Valenciana
46130,Gavarda,Valencia/València,10,Comunitat Valenciana
46131,Gandia,Valencia/València,10,Comunitat Valenciana
46132,"Genovés, el",Valencia/València,10,Comunitat Valenciana
46133,Gestalgar,Valencia/València,10,Comunitat Valenciana
46134,Gilet,Valencia/València,10,Comunitat Valenciana
46135,Godella,Valencia/València,10,Comunitat Valenciana
46136,Godelleta,Valencia/València,10,Comunitat Valenciana
46137,"Granja de la Costera, la",Valencia/València,10,Comunitat Valenciana
46138,Guadasséquies,Valencia/València,10,Comunitat Valenciana
46139,Guadassuar,Valencia/València,10,Comunitat Valenciana
46140,Guardamar de la Safor,Valencia/València,10,Comunitat Valenciana
46141,Higueruelas,Valencia/València,10,Comunitat Valenciana
46142,Jalance,Valencia/València,10,Comunitat Valenciana
46143,Xeraco,Valencia/València,10,Comunitat Valenciana
46144,Jarafuel,Valencia/València,10,Comunitat Valenciana
46145,Xàtiva,Valencia/València,10,Comunitat Valenciana
46146,Xeresa,Valencia/València,10,Comunitat Valenciana
46147,Llíria,Valencia/València,10,Comunitat Valenciana
46148,Loriguilla,Valencia/València,10,Comunitat Valenciana
46149,Losa del Obispo,Valencia/València,10,Comunitat Valenciana
46150,Llutxent,Valencia/València,10,Comunitat Valenciana
46151,Llocnou d'En Fenollet,Valencia/València,10,Comunitat Valenciana
46152,Llocnou de la Corona,Valencia/València,10,Comunitat Valenciana
46153,Llocnou de Sant Jeroni,Valencia/València,10,Comunitat Valenciana
46154,Llanera de Ranes,Valencia/València,10,Comunitat Valenciana
46155,Llaurí,Valencia/València,10,Comunitat Valenciana
46156,Llombai,Valencia/València,10,Comunitat Valenciana
46157,"Llosa de Ranes, la",Valencia/València,10,Comunitat Valenciana
46158,Macastre,Valencia/València,10,Comunitat Valenciana
46159,Manises,Valencia/València,10,Comunitat Valenciana
46160,Manuel,Valencia/València,10,Comunitat Valenciana
46161,Marines,Valencia/València,10,Comunitat Valenciana
46162,Massalavés,Valencia/València,10,Comunitat Valenciana
46163,Massalfassar,Valencia/València,10,Comunitat Valenciana
46164,Massamagrell,Valencia/València,10,Comunitat Valenciana
46165,Massanassa,Valencia/València,10,Comunitat Valenciana
46166,Meliana,Valencia/València,10,Comunitat Valenciana
46167,Millares,Valencia/València,10,Comunitat Valenciana
46168,Miramar,Valencia/València,10,Comunitat Valenciana
46169,Mislata,Valencia/València,10,Comunitat Valenciana
46170,Moixent/Mogente,Valencia/València,10,Comunitat Valenciana
46171,Montcada/Moncada,Valencia/València,10,Comunitat Valenciana
46172,Montserrat,Valencia/València,10,Comunitat Valenciana
46173,Montaverner,Valencia/València,10,Comunitat Valenciana
46174,Montesa,Valencia/València,10,Comunitat Valenciana
46175,Montitxelvo/Montichelvo,Valencia/València,10,Comunitat Valenciana
46176,Montroi/Montroy,Valencia/València,10,Comunitat Valenciana
46177,Museros,Valencia/València,10,Comunitat Valenciana
46178,Nàquera/Náquera,Valencia/València,10,Comunitat Valenciana
46179,Navarrés,Valencia/València,10,Comunitat Valenciana
46180,Novetlè,Valencia/València,10,Comunitat Valenciana
46181,Oliva,Valencia/València,10,Comunitat Valenciana
46182,Olocau,Valencia/València,10,Comunitat Valenciana
46183,"Olleria, l'",Valencia/València,10,Comunitat Valenciana
46184,Ontinyent,Valencia/València,10,Comunitat Valenciana
46185,Otos,Valencia/València,10,Comunitat Valenciana
46186,Paiporta,Valencia/València,10,Comunitat Valenciana
46187,Palma de Gandía,Valencia/València,10,Comunitat Valenciana
46188,Palmera,Valencia/València,10,Comunitat Valenciana
46189,"Palomar, el",Valencia/València,10,Comunitat Valenciana
46190,Paterna,Valencia/València,10,Comunitat Valenciana
46191,Pedralba,Valencia/València,10,Comunitat Valenciana
46192,Petrés,Valencia/València,10,Comunitat Valenciana
46193,Picanya,Valencia/València,10,Comunitat Valenciana
46194,Picassent,Valencia/València,10,Comunitat Valenciana
46195,Piles,Valencia/València,10,Comunitat Valenciana
46196,Pinet,Valencia/València,10,Comunitat Valenciana
46197,Polinyà de Xúquer,Valencia/València,10,Comunitat Valenciana
46198,Potries,Valencia/València,10,Comunitat Valenciana
46199,"Pobla de Farnals, la",Valencia/València,10,Comunitat Valenciana
46200,"Pobla del Duc, la",Valencia/València,10,Comunitat Valenciana
46201,Puebla de San Miguel,Valencia/València,10,Comunitat Valenciana
46202,"Pobla de Vallbona, la",Valencia/València,10,Comunitat Valenciana
46203,"Pobla Llarga, la",Valencia/València,10,Comunitat Valenciana
46204,"Puig de Santa Maria, el",Valencia/València,10,Comunitat Valenciana
46205,Puçol,Valencia/València,10,Comunitat Valenciana
46206,Quesa,Valencia/València,10,Comunitat Valenciana
46207,Rafelbunyol,Valencia/València,10,Comunitat Valenciana
46208,Rafelcofer,Valencia/València,10,Comunitat Valenciana
46209,Rafelguaraf,Valencia/València,10,Comunitat Valenciana
46210,Ráfol de Salem,Valencia/València,10,Comunitat Valenciana
46211,"Real de Gandia, el",Valencia/València,10,Comunitat Valenciana
46212,Real,Valencia/València,10,Comunitat Valenciana
46213,Requena,Valencia/València,10,Comunitat Valenciana
46214,Riba-roja de Túria,Valencia/València,10,Comunitat Valenciana
46215,Riola,Valencia/València,10,Comunitat Valenciana
46216,Rocafort,Valencia/València,10,Comunitat Valenciana
46217,Rotglà i Corberà,Valencia/València,10,Comunitat Valenciana
46218,Ròtova,Valencia/València,10,Comunitat Valenciana
46219,Rugat,Valencia/València,10,Comunitat Valenciana
46220,Sagunt/Sagunto,Valencia/València,10,Comunitat Valenciana
46221,Salem,Valencia/València,10,Comunitat Valenciana
46222,Sant Joanet,Valencia/València,10,Comunitat Valenciana
46223,Sedaví,Valencia/València,10,Comunitat Valenciana
46224,Segart,Valencia/València,10,Comunitat Valenciana
46225,Sellent,Valencia/València,10,Comunitat Valenciana
46226,Sempere,Valencia/València,10,Comunitat Valenciana
46227,Senyera,Valencia/València,10,Comunitat Valenciana
46228,Serra,Valencia/València,10,Comunitat Valenciana
46229,Siete Aguas,Valencia/València,10,Comunitat Valenciana
46230,Silla,Valencia/València,10,Comunitat Valenciana
46231,Simat de la Valldigna,Valencia/València,10,Comunitat Valenciana
46232,Sinarcas,Valencia/València,10,Comunitat Valenciana
46233,Sollana,Valencia/València,10,Comunitat Valenciana
46234,Sot de Chera,Valencia/València,10,Comunitat Valenciana
46235,Sueca,Valencia/València,10,Comunitat Valenciana
46236,Sumacàrcer,Valencia/València,10,Comunitat Valenciana
46237,Tavernes Blanques,Valencia/València,10,Comunitat Valenciana
46238,Tavernes de la Valldigna,Valencia/València,10,Comunitat Valenciana
46239,Teresa de Cofrentes,Valencia/València,10,Comunitat Valenciana
46240,Terrateig,Valencia/València,10,Comunitat Valenciana
46241,Titaguas,Valencia/València,10,Comunitat Valenciana
46242,Torrebaja,Valencia/València,10,Comunitat Valenciana
46243,Torrella,Valencia/València,10,Comunitat Valenciana
46244,Torrent,Valencia/València,10,Comunitat Valenciana
46245,Torres Torres,Valencia/València,10,Comunitat Valenciana
46246,Tous,Valencia/València,10,Comunitat Valenciana
46247,Tuéjar,Valencia/València,10,Comunitat Valenciana
46248,Turís,Valencia/València,10,Comunitat Valenciana
46249,Utiel,Valencia/València,10,Comunitat Valenciana
46250,València,Valencia/València,10,Comunitat Valenciana
46251,Vallada,Valencia/València,10,Comunitat Valenciana
46252,Vallanca,Valencia/València,10,Comunitat Valenciana
46253,Vallés,Valencia/València,10,Comunitat Valenciana
46254,Venta del Moro,Valencia/València,10,Comunitat Valenciana
46255,Vilallonga/Villalonga,Valencia/València,10,Comunitat Valenciana
46256,Vilamarxant,Valencia/València,10,Comunitat Valenciana
46257,Castelló,Valencia/València,10,Comunitat Valenciana
46258,Villar del Arzobispo,Valencia/València,10,Comunitat Valenciana
46259,Villargordo del Cabriel,Valencia/València,10,Comunitat Valenciana
46260,Vinalesa,Valencia/València,10,Comunitat Valenciana
46261,Yátova,Valencia/València,10,Comunitat Valenciana
46262,La Yesa,Valencia/València,10,Comunitat Valenciana
46263,Zarra,Valencia/València,10,Comunitat Valenciana
46902,Gátova,Valencia/València,10,Comunitat Valenciana
46903,San Antonio de Benagéber,Valencia/València,10,Comunitat Valenciana
46904,Benicull de Xúquer,Valencia/València,10,Comunitat Valenciana
47001,Adalia,Valladolid,07,Castilla y León
47002,Aguasal,Valladolid,07,Castilla y León
47003,Aguilar de Campos,Valladolid,07,Castilla y León
47004,Alaejos,Valladolid,07,Castilla y León
47005,Alcazarén,Valladolid,07,Castilla y León
47006,Aldea de San Miguel,Valladolid,07,Castilla y León
47007,Aldeamayor de San Martín,Valladolid,07,Castilla y León
47008,Almenara de Adaja,Valladolid,07,Castilla y León
47009,Amusquillo,Valladolid,07,Castilla y León
47010,Arroyo de la Encomienda,Valladolid,07,Castilla y León
47011,Ataquines,Valladolid,07,Castilla y León
47012,Bahabón,Valladolid,07,Castilla y León
47013,Barcial de la Loma,Valladolid,07,Castilla y León
47014,Barruelo del Valle,Valladolid,07,Castilla y León
47015,Becilla de Valderaduey,Valladolid,07,Castilla y León
47016,Benafarces,Valladolid,07,Castilla y León
47017,Bercero,Valladolid,07,Castilla y León
47018,Berceruelo,Valladolid,07,Castilla y León
47019,Berrueces,Valladolid,07,Castilla y León
47020,Bobadilla del Campo,Valladolid,07,Castilla y León
47021,Bocigas,Valladolid,07,Castilla y León
47022,Bocos de Duero,Valladolid,07,Castilla y León
47023,Boecillo,Valladolid,07,Castilla y León
47024,Bolaños de Campos,Valladolid,07,Castilla y León
47025,Brahojos de Medina,Valladolid,07,Castilla y León
47026,Bustillo de Chaves,Valladolid,07,Castilla y León
47027,Cabezón de Pisuerga,Valladolid,07,Castilla y León
47028,Cabezón de Valderaduey,Valladolid,07,Castilla y León
47029,Cabreros del Monte,Valladolid,07,Castilla y León
47030,Campaspero,Valladolid,07,Castilla y León
47031,El Campillo,Valladolid,07,Castilla y León
47032,Camporredondo,Valladolid,07,Castilla y León
47033,Canalejas de Peñafiel,Valladolid,07,Castilla y León
47034,Canillas de Esgueva,Valladolid,07,Castilla y León
47035,Carpio,Valladolid,07,Castilla y León
47036,Casasola de Arión,Valladolid,07,Castilla y León
47037,Castrejón de Trabancos,Valladolid,07,Castilla y León
47038,Castrillo de Duero,Valladolid,07,Castilla y León
47039,Castrillo-Tejeriego,Valladolid,07,Castilla y León
47040,Castrobol,Valladolid,07,Castilla y León
47041,Castrodeza,Valladolid,07,Castilla y León
47042,Castromembibre,Valladolid,07,Castilla y León
47043,Castromonte,Valladolid,07,Castilla y León
47044,Castronuevo de Esgueva,Valladolid,07,Castilla y León
47045,Castronuño,Valladolid,07,Castilla y León
47046,Castroponce,Valladolid,07,Castilla y León
47047,Castroverde de Cerrato,Valladolid,07,Castilla y León
47048,Ceinos de Campos,Valladolid,07,Castilla y León
47049,Cervillego de la Cruz,Valladolid,07,Castilla y León
47050,Cigales,Valladolid,07,Castilla y León
47051,Ciguñuela,Valladolid,07,Castilla y León
47052,Cistérniga,Valladolid,07,Castilla y León
47053,Cogeces de Íscar,Valladolid,07,Castilla y León
47054,Cogeces del Monte,Valladolid,07,Castilla y León
47055,Corcos,Valladolid,07,Castilla y León
47056,Corrales de Duero,Valladolid,07,Castilla y León
47057,Cubillas de Santa Marta,Valladolid,07,Castilla y León
47058,Cuenca de Campos,Valladolid,07,Castilla y León
47059,Curiel de Duero,Valladolid,07,Castilla y León
47060,Encinas de Esgueva,Valladolid,07,Castilla y León
47061,Esguevillas de Esgueva,Valladolid,07,Castilla y León
47062,Fombellida,Valladolid,07,Castilla y León
47063,Fompedraza,Valladolid,07,Castilla y León
47064,Fontihoyuelo,Valladolid,07,Castilla y León
47065,Fresno el Viejo,Valladolid,07,Castilla y León
47066,Fuensaldaña,Valladolid,07,Castilla y León
47067,Fuente el Sol,Valladolid,07,Castilla y León
47068,Fuente-Olmedo,Valladolid,07,Castilla y León
47069,Gallegos de Hornija,Valladolid,07,Castilla y León
47070,Gatón de Campos,Valladolid,07,Castilla y León
47071,Geria,Valladolid,07,Castilla y León
47073,Herrín de Campos,Valladolid,07,Castilla y León
47074,Hornillos de Eresma,Valladolid,07,Castilla y León
47075,Íscar,Valladolid,07,Castilla y León
47076,Laguna de Duero,Valladolid,07,Castilla y León
47077,Langayo,Valladolid,07,Castilla y León
47078,Lomoviejo,Valladolid,07,Castilla y León
47079,Llano de Olmedo,Valladolid,07,Castilla y León
47080,Manzanillo,Valladolid,07,Castilla y León
47081,Marzales,Valladolid,07,Castilla y León
47082,Matapozuelos,Valladolid,07,Castilla y León
47083,Matilla de los Caños,Valladolid,07,Castilla y León
47084,Mayorga,Valladolid,07,Castilla y León
47085,Medina del Campo,Valladolid,07,Castilla y León
47086,Medina de Rioseco,Valladolid,07,Castilla y León
47087,Megeces,Valladolid,07,Castilla y León
47088,Melgar de Abajo,Valladolid,07,Castilla y León
47089,Melgar de Arriba,Valladolid,07,Castilla y León
47090,Mojados,Valladolid,07,Castilla y León
47091,Monasterio de Vega,Valladolid,07,Castilla y León
47092,Montealegre de Campos,Valladolid,07,Castilla y León
47093,Montemayor de Pililla,Valladolid,07,Castilla y León
47094,Moral de la Reina,Valladolid,07,Castilla y León
47095,Moraleja de las Panaderas,Valladolid,07,Castilla y León
47096,Morales de Campos,Valladolid,07,Castilla y León
47097,Mota del Marqués,Valladolid,07,Castilla y León
47098,Mucientes,Valladolid,07,Castilla y León
47099,La Mudarra,Valladolid,07,Castilla y León
47100,Muriel,Valladolid,07,Castilla y León
47101,Nava del Rey,Valladolid,07,Castilla y León
47102,Nueva Villa de las Torres,Valladolid,07,Castilla y León
47103,Olivares de Duero,Valladolid,07,Castilla y León
47104,Olmedo,Valladolid,07,Castilla y León
47105,Olmos de Esgueva,Valladolid,07,Castilla y León
47106,Olmos de Peñafiel,Valladolid,07,Castilla y León
47109,Palazuelo de Vedija,Valladolid,07,Castilla y León
47110,La Parrilla,Valladolid,07,Castilla y León
47111,La Pedraja de Portillo,Valladolid,07,Castilla y León
47112,Pedrajas de San Esteban,Valladolid,07,Castilla y León
47113,Pedrosa del Rey,Valladolid,07,Castilla y León
47114,Peñafiel,Valladolid,07,Castilla y León
47115,Peñaflor de Hornija,Valladolid,07,Castilla y León
47116,Pesquera de Duero,Valladolid,07,Castilla y León
47117,Piña de Esgueva,Valladolid,07,Castilla y León
47118,Piñel de Abajo,Valladolid,07,Castilla y León
47119,Piñel de Arriba,Valladolid,07,Castilla y León
47121,Pollos,Valladolid,07,Castilla y León
47122,Portillo,Valladolid,07,Castilla y León
47123,Pozal de Gallinas,Valladolid,07,Castilla y León
47124,Pozaldez,Valladolid,07,Castilla y León
47125,Pozuelo de la Orden,Valladolid,07,Castilla y León
47126,Puras,Valladolid,07,Castilla y León
47127,Quintanilla de Arriba,Valladolid,07,Castilla y León
47128,Quintanilla del Molar,Valladolid,07,Castilla y León
47129,Quintanilla de Onésimo,Valladolid,07,Castilla y León
47130,Quintanilla de Trigueros,Valladolid,07,Castilla y León
47131,Rábano,Valladolid,07,Castilla y León
47132,Ramiro,Valladolid,07,Castilla y León
47133,Renedo de Esgueva,Valladolid,07,Castilla y León
47134,Roales de Campos,Valladolid,07,Castilla y León
47135,Robladillo,Valladolid,07,Castilla y León
47137,Roturas,Valladolid,07,Castilla y León
47138,Rubí de Bracamonte,Valladolid,07,Castilla y León
47139,Rueda,Valladolid,07,Castilla y León
47140,Saelices de Mayorga,Valladolid,07,Castilla y León
47141,Salvador de Zapardiel,Valladolid,07,Castilla y León
47142,San Cebrián de Mazote,Valladolid,07,Castilla y León
47143,San Llorente,Valladolid,07,Castilla y León
47144,San Martín de Valvení,Valladolid,07,Castilla y León
47145,San Miguel del Arroyo,Valladolid,07,Castilla y León
47146,San Miguel del Pino,Valladolid,07,Castilla y León
47147,San Pablo de la Moraleja,Valladolid,07,Castilla y León
47148,San Pedro de Latarce,Valladolid,07,Castilla y León
47149,San Pelayo,Valladolid,07,Castilla y León
47150,San Román de Hornija,Valladolid,07,Castilla y León
47151,San Salvador,Valladolid,07,Castilla y León
47152,Santa Eufemia del Arroyo,Valladolid,07,Castilla y León
47153,Santervás de Campos,Valladolid,07,Castilla y León
47154,Santibáñez de Valcorba,Valladolid,07,Castilla y León
47155,Santovenia de Pisuerga,Valladolid,07,Castilla y León
47156,San Vicente del Palacio,Valladolid,07,Castilla y León
47157,Sardón de Duero,Valladolid,07,Castilla y León
47158,La Seca,Valladolid,07,Castilla y León
47159,Serrada,Valladolid,07,Castilla y León
47160,Siete Iglesias de Trabancos,Valladolid,07,Castilla y León
47161,Simancas,Valladolid,07,Castilla y León
47162,Tamariz de Campos,Valladolid,07,Castilla y León
47163,Tiedra,Valladolid,07,Castilla y León
47164,Tordehumos,Valladolid,07,Castilla y León
47165,Tordesillas,Valladolid,07,Castilla y León
47166,Torrecilla de la Abadesa,Valladolid,07,Castilla y León
47167,Torrecilla de la Orden,Valladolid,07,Castilla y León
47168,Torrecilla de la Torre,Valladolid,07,Castilla y León
47169,Torre de Esgueva,Valladolid,07,Castilla y León
47170,Torre de Peñafiel,Valladolid,07,Castilla y León
47171,Torrelobatón,Valladolid,07,Castilla y León
47172,Torrescárcela,Valladolid,07,Castilla y León
47173,Traspinedo,Valladolid,07,Castilla y León
47174,Trigueros del Valle,Valladolid,07,Castilla y León
47175,Tudela de Duero,Valladolid,07,Castilla y León
47176,La Unión de Campos,Valladolid,07,Castilla y León
47177,Urones de Castroponce,Valladolid,07,Castilla y León
47178,Urueña,Valladolid,07,Castilla y León
47179,Valbuena de Duero,Valladolid,07,Castilla y León
47180,Valdearcos de la Vega,Valladolid,07,Castilla y León
47181,Valdenebro de los Valles,Valladolid,07,Castilla y León
47182,Valdestillas,Valladolid,07,Castilla y León
47183,Valdunquillo,Valladolid,07,Castilla y León
47184,Valoria la Buena,Valladolid,07,Castilla y León
47185,Valverde de Campos,Valladolid,07,Castilla y León
47186,Valladolid,Valladolid,07,Castilla y León
47187,Vega de Ruiponce,Valladolid,07,Castilla y León
47188,Vega de Valdetronco,Valladolid,07,Castilla y León
47189,Velascálvaro,Valladolid,07,Castilla y León
47190,Velilla,Valladolid,07,Castilla y León
47191,Velliza,Valladolid,07,Castilla y León
47192,Ventosa de la Cuesta,Valladolid,07,Castilla y León
47193,Viana de Cega,Valladolid,07,Castilla y León
47194,Viloria,Valladolid,07,Castilla y León
47195,Villabáñez,Valladolid,07,Castilla y León
47196,Villabaruz de Campos,Valladolid,07,Castilla y León
47197,Villabrágima,Valladolid,07,Castilla y León
47198,Villacarralón,Valladolid,07,Castilla y León
47199,Villacid de Campos,Valladolid,07,Castilla y León
47200,Villaco,Valladolid,07,Castilla y León
47203,Villafrades de Campos,Valladolid,07,Castilla y León
47204,Villafranca de Duero,Valladolid,07,Castilla y León
47205,Villafrechós,Valladolid,07,Castilla y León
47206,Villafuerte,Valladolid,07,Castilla y León
47207,Villagarcía de Campos,Valladolid,07,Castilla y León
47208,Villagómez la Nueva,Valladolid,07,Castilla y León
47209,Villalán de Campos,Valladolid,07,Castilla y León
47210,Villalar de los Comuneros,Valladolid,07,Castilla y León
47211,Villalba de la Loma,Valladolid,07,Castilla y León
47212,Villalba de los Alcores,Valladolid,07,Castilla y León
47213,Villalbarba,Valladolid,07,Castilla y León
47214,Villalón de Campos,Valladolid,07,Castilla y León
47215,Villamuriel de Campos,Valladolid,07,Castilla y León
47216,Villán de Tordesillas,Valladolid,07,Castilla y León
47217,Villanubla,Valladolid,07,Castilla y León
47218,Villanueva de Duero,Valladolid,07,Castilla y León
47219,Villanueva de la Condesa,Valladolid,07,Castilla y León
47220,Villanueva de los Caballeros,Valladolid,07,Castilla y León
47221,Villanueva de los Infantes,Valladolid,07,Castilla y León
47222,Villanueva de San Mancio,Valladolid,07,Castilla y León
47223,Villardefrades,Valladolid,07,Castilla y León
47224,Villarmentero de Esgueva,Valladolid,07,Castilla y León
47225,Villasexmir,Valladolid,07,Castilla y León
47226,Villavaquerín,Valladolid,07,Castilla y León
47227,Villavellid,Valladolid,07,Castilla y León
47228,Villaverde de Medina,Valladolid,07,Castilla y León
47229,Villavicencio de los Caballeros,Valladolid,07,Castilla y León
47230,Wamba,Valladolid,07,Castilla y León
47231,Zaratán,Valladolid,07,Castilla y León
47232,La Zarza,Valladolid,07,Castilla y León
48001,Abadiño,Bizkaia,16,País Vasco
48002,Abanto y Ciérvana-Abanto Zierbena,Bizkaia,16,País Vasco
48003,Amorebieta-Etxano,Bizkaia,16,País Vasco
48004,Amoroto,Bizkaia,16,País Vasco
48005,Arakaldo,Bizkaia,16,País Vasco
48006,Arantzazu,Bizkaia,16,País Vasco
48007,Munitibar-Arbatzegi Gerrikaitz,Bizkaia,16,País Vasco
48008,Artzentales,Bizkaia,16,País Vasco
48009,Arrankudiaga-Zollo,Bizkaia,16,País Vasco
48010,Arrieta,Bizkaia,16,País Vasco
48011,Arrigorriaga,Bizkaia,16,País Vasco
48012,Bakio,Bizkaia,16,País Vasco
48013,Barakaldo,Bizkaia,16,País Vasco
48014,Barrika,Bizkaia,16,País Vasco
48015,Basauri,Bizkaia,16,País Vasco
48016,Berango,Bizkaia,16,País Vasco
48017,Bermeo,Bizkaia,16,País Vasco
48018,Berriatua,Bizkaia,16,País Vasco
48019,Berriz,Bizkaia,16,País Vasco
48020,Bilbao,Bizkaia,16,País Vasco
48021,Busturia,Bizkaia,16,País Vasco
48022,Karrantza Harana/Valle de Carranza,Bizkaia,16,País Vasco
48023,Artea,Bizkaia,16,País Vasco
48024,Zeanuri,Bizkaia,16,País Vasco
48025,Zeberio,Bizkaia,16,País Vasco
48026,Dima,Bizkaia,16,País Vasco
48027,Durango,Bizkaia,16,País Vasco
48028,Ea,Bizkaia,16,País Vasco
48029,Etxebarri,Bizkaia,16,País Vasco
48030,Etxebarria,Bizkaia,16,País Vasco
48031,Elantxobe,Bizkaia,16,País Vasco
48032,Elorrio,Bizkaia,16,País Vasco
48033,Ereño,Bizkaia,16,País Vasco
48034,Ermua,Bizkaia,16,País Vasco
48035,Fruiz,Bizkaia,16,País Vasco
48036,Galdakao,Bizkaia,16,País Vasco
48037,Galdames,Bizkaia,16,País Vasco
48038,Gamiz-Fika,Bizkaia,16,País Vasco
48039,Garai,Bizkaia,16,País Vasco
48040,Gatika,Bizkaia,16,País Vasco
48041,Gautegiz Arteaga,Bizkaia,16,País Vasco
48042,Gordexola,Bizkaia,16,País Vasco
48043,Gorliz,Bizkaia,16,País Vasco
48044,Getxo,Bizkaia,16,País Vasco
48045,Güeñes,Bizkaia,16,País Vasco
48046,Gernika-Lumo,Bizkaia,16,País Vasco
48047,Gizaburuaga,Bizkaia,16,País Vasco
48048,Ibarrangelu,Bizkaia,16,País Vasco
48049,Ispaster,Bizkaia,16,País Vasco
48050,Izurtza,Bizkaia,16,País Vasco
48051,Lanestosa,Bizkaia,16,País Vasco
48052,Larrabetzu,Bizkaia,16,País Vasco
48053,Laukiz,Bizkaia,16,País Vasco
48054,Leioa,Bizkaia,16,País Vasco
48055,Lemoa,Bizkaia,16,País Vasco
48056,Lemoiz,Bizkaia,16,País Vasco
48057,Lekeitio,Bizkaia,16,País Vasco
48058,Mallabia,Bizkaia,16,País Vasco
48059,Mañaria,Bizkaia,16,País Vasco
48060,Markina-Xemein,Bizkaia,16,País Vasco
48061,Maruri-Jatabe,Bizkaia,16,País Vasco
48062,Mendata,Bizkaia,16,País Vasco
48063,Mendexa,Bizkaia,16,País Vasco
48064,Meñaka,Bizkaia,16,País Vasco
48065,Ugao-Miraballes,Bizkaia,16,País Vasco
48066,Morga,Bizkaia,16,País Vasco
48067,Muxika,Bizkaia,16,País Vasco
48068,Mundaka,Bizkaia,16,País Vasco
48069,Mungia,Bizkaia,16,País Vasco
48070,Aulesti,Bizkaia,16,País Vasco
48071,Muskiz,Bizkaia,16,País Vasco
48072,Otxandio,Bizkaia,16,País Vasco
48073,Ondarroa,Bizkaia,16,País Vasco
48074,Urduña/Orduña,Bizkaia,16,País Vasco
48075,Orozko,Bizkaia,16,País Vasco
48076,Sukarrieta,Bizkaia,16,País Vasco
48077,Plentzia,Bizkaia,16,País Vasco
48078,Portugalete,Bizkaia,16,País Vasco
48079,Errigoiti,Bizkaia,16,País Vasco
48080,Valle de Trápaga-Trapagaran,Bizkaia,16,País Vasco
48081,Lezama,Bizkaia,16,País Vasco
48082,Santurtzi,Bizkaia,16,País Vasco
48083,Ortuella,Bizkaia,16,País Vasco
48084,Sestao,Bizkaia,16,País Vasco
48085,Sopela,Bizkaia,16,País Vasco
48086,Sopuerta,Bizkaia,16,País Vasco
48087,Trucios-Turtzioz,Bizkaia,16,País Vasco
48088,Ubide,Bizkaia,16,País Vasco
48089,Urduliz,Bizkaia,16,País Vasco
48090,Balmaseda,Bizkaia,16,País Vasco
48091,Atxondo,Bizkaia,16,País Vasco
48092,Bedia,Bizkaia,16,País Vasco
48093,Areatza,Bizkaia,16,País Vasco
48094,Igorre,Bizkaia,16,País Vasco
48095,Zaldibar,Bizkaia,16,País Vasco
48096,Zalla,Bizkaia,16,País Vasco
48097,Zaratamo,Bizkaia,16,País Vasco
48901,Derio,Bizkaia,16,País Vasco
48902,Erandio,Bizkaia,16,País Vasco
48903,Loiu,Bizkaia,16,País Vasco
48904,Sondika,Bizkaia,16,País Vasco
48905,Zamudio,Bizkaia,16,País Vasco
48906,Forua,Bizkaia,16,País Vasco
48907,Kortezubi,Bizkaia,16,País Vasco
48908,Murueta,Bizkaia,16,País Vasco
48909,Nabarniz,Bizkaia,16,País Vasco
48910,Iurreta,Bizkaia,16,País Vasco
48911,Ajangiz,Bizkaia,16,País Vasco
48912,Alonsotegi,Bizkaia,16,País Vasco
48913,Zierbena,Bizkaia,16,País Vasco
48914,Arratzu,Bizkaia,16,País Vasco
48915,Ziortza-Bolibar,Bizkaia,16,País Vasco
48916,Usansolo,Bizkaia,16,País Vasco
49002,Abezames,Zamora,07,Castilla y León
49003,Alcañices,Zamora,07,Castilla y León
49004,Alcubilla de Nogales,Zamora,07,Castilla y León
49005,Alfaraz de Sayago,Zamora,07,Castilla y León
49006,Algodre,Zamora,07,Castilla y León
49007,Almaraz de Duero,Zamora,07,Castilla y León
49008,Almeida de Sayago,Zamora,07,Castilla y León
49009,Andavías,Zamora,07,Castilla y León
49010,Arcenillas,Zamora,07,Castilla y León
49011,Arcos de la Polvorosa,Zamora,07,Castilla y León
49012,Argañín,Zamora,07,Castilla y León
49013,Argujillo,Zamora,07,Castilla y León
49014,Arquillinos,Zamora,07,Castilla y León
49015,Arrabalde,Zamora,07,Castilla y León
49016,Aspariegos,Zamora,07,Castilla y León
49017,Asturianos,Zamora,07,Castilla y León
49018,Ayoó de Vidriales,Zamora,07,Castilla y León
49019,Barcial del Barco,Zamora,07,Castilla y León
49020,Belver de los Montes,Zamora,07,Castilla y León
49021,Benavente,Zamora,07,Castilla y León
49022,Benegiles,Zamora,07,Castilla y León
49023,Bermillo de Sayago,Zamora,07,Castilla y León
49024,La Bóveda de Toro,Zamora,07,Castilla y León
49025,Bretó,Zamora,07,Castilla y León
49026,Bretocino,Zamora,07,Castilla y León
49027,Brime de Sog,Zamora,07,Castilla y León
49028,Brime de Urz,Zamora,07,Castilla y León
49029,Burganes de Valverde,Zamora,07,Castilla y León
49030,Bustillo del Oro,Zamora,07,Castilla y León
49031,Cabañas de Sayago,Zamora,07,Castilla y León
49032,Calzadilla de Tera,Zamora,07,Castilla y León
49033,Camarzana de Tera,Zamora,07,Castilla y León
49034,Cañizal,Zamora,07,Castilla y León
49035,Cañizo,Zamora,07,Castilla y León
49036,Carbajales de Alba,Zamora,07,Castilla y León
49037,Carbellino,Zamora,07,Castilla y León
49038,Casaseca de Campeán,Zamora,07,Castilla y León
49039,Casaseca de las Chanas,Zamora,07,Castilla y León
49040,Castrillo de la Guareña,Zamora,07,Castilla y León
49041,Castrogonzalo,Zamora,07,Castilla y León
49042,Castronuevo,Zamora,07,Castilla y León
49043,Castroverde de Campos,Zamora,07,Castilla y León
49044,Cazurra,Zamora,07,Castilla y León
49046,Cerecinos de Campos,Zamora,07,Castilla y León
49047,Cerecinos del Carrizal,Zamora,07,Castilla y León
49048,Cernadilla,Zamora,07,Castilla y León
49050,Cobreros,Zamora,07,Castilla y León
49052,Coomonte,Zamora,07,Castilla y León
49053,Coreses,Zamora,07,Castilla y León
49054,Corrales del Vino,Zamora,07,Castilla y León
49055,Cotanes del Monte,Zamora,07,Castilla y León
49056,Cubillos,Zamora,07,Castilla y León
49057,Cubo de Benavente,Zamora,07,Castilla y León
49058,El Cubo de Tierra del Vino,Zamora,07,Castilla y León
49059,Cuelgamures,Zamora,07,Castilla y León
49061,Entrala,Zamora,07,Castilla y León
49062,Espadañedo,Zamora,07,Castilla y León
49063,Faramontanos de Tábara,Zamora,07,Castilla y León
49064,Fariza,Zamora,07,Castilla y León
49065,Fermoselle,Zamora,07,Castilla y León
49066,Ferreras de Abajo,Zamora,07,Castilla y León
49067,Ferreras de Arriba,Zamora,07,Castilla y León
49068,Ferreruela,Zamora,07,Castilla y León
49069,Figueruela de Arriba,Zamora,07,Castilla y León
49071,Fonfría,Zamora,07,Castilla y León
49075,Fresno de la Polvorosa,Zamora,07,Castilla y León
49076,Fresno de la Ribera,Zamora,07,Castilla y León
49077,Fresno de Sayago,Zamora,07,Castilla y León
49078,Friera de Valverde,Zamora,07,Castilla y León
49079,Fuente Encalada,Zamora,07,Castilla y León
49080,Fuentelapeña,Zamora,07,Castilla y León
49081,Fuentesaúco,Zamora,07,Castilla y León
49082,Fuentes de Ropel,Zamora,07,Castilla y León
49083,Fuentesecas,Zamora,07,Castilla y León
49084,Fuentespreadas,Zamora,07,Castilla y León
49085,Galende,Zamora,07,Castilla y León
49086,Gallegos del Pan,Zamora,07,Castilla y León
49087,Gallegos del Río,Zamora,07,Castilla y León
49088,Gamones,Zamora,07,Castilla y León
49090,Gema,Zamora,07,Castilla y León
49091,Granja de Moreruela,Zamora,07,Castilla y León
49092,Granucillo,Zamora,07,Castilla y León
49093,Guarrate,Zamora,07,Castilla y León
49094,Hermisende,Zamora,07,Castilla y León
49095,La Hiniesta,Zamora,07,Castilla y León
49096,Jambrina,Zamora,07,Castilla y León
49097,Justel,Zamora,07,Castilla y León
49098,Losacino,Zamora,07,Castilla y León
49099,Losacio,Zamora,07,Castilla y León
49100,Lubián,Zamora,07,Castilla y León
49101,Luelmo,Zamora,07,Castilla y León
49102,El Maderal,Zamora,07,Castilla y León
49103,Madridanos,Zamora,07,Castilla y León
49104,Mahide,Zamora,07,Castilla y León
49105,Maire de Castroponce,Zamora,07,Castilla y León
49107,Malva,Zamora,07,Castilla y León
49108,Manganeses de la Lampreana,Zamora,07,Castilla y León
49109,Manganeses de la Polvorosa,Zamora,07,Castilla y León
49110,Manzanal de Arriba,Zamora,07,Castilla y León
49111,Manzanal del Barco,Zamora,07,Castilla y León
49112,Manzanal de los Infantes,Zamora,07,Castilla y León
49113,Matilla de Arzón,Zamora,07,Castilla y León
49114,Matilla la Seca,Zamora,07,Castilla y León
49115,Mayalde,Zamora,07,Castilla y León
49116,Melgar de Tera,Zamora,07,Castilla y León
49117,Micereces de Tera,Zamora,07,Castilla y León
49118,Milles de la Polvorosa,Zamora,07,Castilla y León
49119,Molacillos,Zamora,07,Castilla y León
49120,Molezuelas de la Carballeda,Zamora,07,Castilla y León
49121,Mombuey,Zamora,07,Castilla y León
49122,Monfarracinos,Zamora,07,Castilla y León
49123,Montamarta,Zamora,07,Castilla y León
49124,Moral de Sayago,Zamora,07,Castilla y León
49125,Moraleja del Vino,Zamora,07,Castilla y León
49126,Moraleja de Sayago,Zamora,07,Castilla y León
49127,Morales del Vino,Zamora,07,Castilla y León
49128,Morales de Rey,Zamora,07,Castilla y León
49129,Morales de Toro,Zamora,07,Castilla y León
49130,Morales de Valverde,Zamora,07,Castilla y León
49131,Moralina,Zamora,07,Castilla y León
49132,Moreruela de los Infanzones,Zamora,07,Castilla y León
49133,Moreruela de Tábara,Zamora,07,Castilla y León
49134,Muelas de los Caballeros,Zamora,07,Castilla y León
49135,Muelas del Pan,Zamora,07,Castilla y León
49136,Muga de Sayago,Zamora,07,Castilla y León
49137,Navianos de Valverde,Zamora,07,Castilla y León
49138,Olmillos de Castro,Zamora,07,Castilla y León
49139,Otero de Bodas,Zamora,07,Castilla y León
49141,Pajares de la Lampreana,Zamora,07,Castilla y León
49142,Palacios del Pan,Zamora,07,Castilla y León
49143,Palacios de Sanabria,Zamora,07,Castilla y León
49145,Pedralba de la Pradería,Zamora,07,Castilla y León
49146,El Pego,Zamora,07,Castilla y León
49147,Peleagonzalo,Zamora,07,Castilla y León
49148,Peleas de Abajo,Zamora,07,Castilla y León
49149,Peñausende,Zamora,07,Castilla y León
49150,Peque,Zamora,07,Castilla y León
49151,El Perdigón,Zamora,07,Castilla y León
49152,Pereruela,Zamora,07,Castilla y León
49153,Perilla de Castro,Zamora,07,Castilla y León
49154,Pías,Zamora,07,Castilla y León
49155,Piedrahita de Castro,Zamora,07,Castilla y León
49156,Pinilla de Toro,Zamora,07,Castilla y León
49157,Pino del Oro,Zamora,07,Castilla y León
49158,El Piñero,Zamora,07,Castilla y León
49159,Pobladura del Valle,Zamora,07,Castilla y León
49160,Pobladura de Valderaduey,Zamora,07,Castilla y León
49162,Porto,Zamora,07,Castilla y León
49163,Pozoantiguo,Zamora,07,Castilla y León
49164,Pozuelo de Tábara,Zamora,07,Castilla y León
49165,Prado,Zamora,07,Castilla y León
49166,Puebla de Sanabria,Zamora,07,Castilla y León
49167,Pueblica de Valverde,Zamora,07,Castilla y León
49168,Quintanilla del Monte,Zamora,07,Castilla y León
49169,Quintanilla del Olmo,Zamora,07,Castilla y León
49170,Quintanilla de Urz,Zamora,07,Castilla y León
49171,Quiruelas de Vidriales,Zamora,07,Castilla y León
49172,Rabanales,Zamora,07,Castilla y León
49173,Rábano de Aliste,Zamora,07,Castilla y León
49174,Requejo,Zamora,07,Castilla y León
49175,Revellinos,Zamora,07,Castilla y León
49176,Riofrío de Aliste,Zamora,07,Castilla y León
49177,Rionegro del Puente,Zamora,07,Castilla y León
49178,Roales,Zamora,07,Castilla y León
49179,Robleda-Cervantes,Zamora,07,Castilla y León
49180,Roelos de Sayago,Zamora,07,Castilla y León
49181,Rosinos de la Requejada,Zamora,07,Castilla y León
49183,Salce,Zamora,07,Castilla y León
49184,Samir de los Caños,Zamora,07,Castilla y León
49185,San Agustín del Pozo,Zamora,07,Castilla y León
49186,San Cebrián de Castro,Zamora,07,Castilla y León
49187,San Cristóbal de Entreviñas,Zamora,07,Castilla y León
49188,San Esteban del Molar,Zamora,07,Castilla y León
49189,San Justo,Zamora,07,Castilla y León
49190,San Martín de Valderaduey,Zamora,07,Castilla y León
49191,San Miguel de la Ribera,Zamora,07,Castilla y León
49192,San Miguel del Valle,Zamora,07,Castilla y León
49193,San Pedro de Ceque,Zamora,07,Castilla y León
49194,San Pedro de la Nave-Almendra,Zamora,07,Castilla y León
49197,Santa Clara de Avedillo,Zamora,07,Castilla y León
49199,Santa Colomba de las Monjas,Zamora,07,Castilla y León
49200,Santa Cristina de la Polvorosa,Zamora,07,Castilla y León
49201,Santa Croya de Tera,Zamora,07,Castilla y León
49202,Santa Eufemia del Barco,Zamora,07,Castilla y León
49203,Santa María de la Vega,Zamora,07,Castilla y León
49204,Santa María de Valverde,Zamora,07,Castilla y León
49205,Santibáñez de Tera,Zamora,07,Castilla y León
49206,Santibáñez de Vidriales,Zamora,07,Castilla y León
49207,Santovenia,Zamora,07,Castilla y León
49208,San Vicente de la Cabeza,Zamora,07,Castilla y León
49209,San Vitero,Zamora,07,Castilla y León
49210,Sanzoles,Zamora,07,Castilla y León
49214,Tábara,Zamora,07,Castilla y León
49216,Tapioles,Zamora,07,Castilla y León
49219,Toro,Zamora,07,Castilla y León
49220,La Torre del Valle,Zamora,07,Castilla y León
49221,Torregamones,Zamora,07,Castilla y León
49222,Torres del Carrizal,Zamora,07,Castilla y León
49223,Trabazos,Zamora,07,Castilla y León
49224,Trefacio,Zamora,07,Castilla y León
49225,Uña de Quintana,Zamora,07,Castilla y León
49226,Vadillo de la Guareña,Zamora,07,Castilla y León
49227,Valcabado,Zamora,07,Castilla y León
49228,Valdefinjas,Zamora,07,Castilla y León
49229,Valdescorriel,Zamora,07,Castilla y León
49230,Vallesa de la Guareña,Zamora,07,Castilla y León
49231,Vega de Tera,Zamora,07,Castilla y León
49232,Vega de Villalobos,Zamora,07,Castilla y León
49233,Vegalatrave,Zamora,07,Castilla y León
49234,Venialbo,Zamora,07,Castilla y León
49235,Vezdemarbán,Zamora,07,Castilla y León
49236,Vidayanes,Zamora,07,Castilla y León
49237,Videmala,Zamora,07,Castilla y León
49238,Villabrázaro,Zamora,07,Castilla y León
49239,Villabuena del Puente,Zamora,07,Castilla y León
49240,Villadepera,Zamora,07,Castilla y León
49241,Villaescusa,Zamora,07,Castilla y León
49242,Villafáfila,Zamora,07,Castilla y León
49243,Villaferrueña,Zamora,07,Castilla y León
49244,Villageriz,Zamora,07,Castilla y León
49245,Villalazán,Zamora,07,Castilla y León
49246,Villalba de la Lampreana,Zamora,07,Castilla y León
49247,Villalcampo,Zamora,07,Castilla y León
49248,Villalobos,Zamora,07,Castilla y León
49249,Villalonso,Zamora,07,Castilla y León
49250,Villalpando,Zamora,07,Castilla y León
49251,Villalube,Zamora,07,Castilla y León
49252,Villamayor de Campos,Zamora,07,Castilla y León
49255,Villamor de los Escuderos,Zamora,07,Castilla y León
49256,Villanázar,Zamora,07,Castilla y León
49257,Villanueva de Azoague,Zamora,07,Castilla y León
49258,Villanueva de Campeán,Zamora,07,Castilla y León
49259,Villanueva de las Peras,Zamora,07,Castilla y León
49260,Villanueva del Campo,Zamora,07,Castilla y León
49261,Villaralbo,Zamora,07,Castilla y León
49262,Villardeciervos,Zamora,07,Castilla y León
49263,Villar de Fallaves,Zamora,07,Castilla y León
49264,Villar del Buey,Zamora,07,Castilla y León
49265,Villardiegua de la Ribera,Zamora,07,Castilla y León
49266,Villárdiga,Zamora,07,Castilla y León
49267,Villardondiego,Zamora,07,Castilla y León
49268,Villarrín de Campos,Zamora,07,Castilla y León
49269,Villaseco del Pan,Zamora,07,Castilla y León
49270,Villavendimio,Zamora,07,Castilla y León
49271,Villaveza del Agua,Zamora,07,Castilla y León
49272,Villaveza de Valverde,Zamora,07,Castilla y León
49273,Viñas,Zamora,07,Castilla y León
49275,Zamora,Zamora,07,Castilla y León
50001,Abanto,Zaragoza,02,Aragón
50002,Acered,Zaragoza,02,Aragón
50003,Agón,Zaragoza,02,Aragón
50004,Aguarón,Zaragoza,02,Aragón
50005,Aguilón,Zaragoza,02,Aragón
50006,Ainzón,Zaragoza,02,Aragón
50007,Aladrén,Zaragoza,02,Aragón
50008,Alagón,Zaragoza,02,Aragón
50009,Alarba,Zaragoza,02,Aragón
50010,Alberite de San Juan,Zaragoza,02,Aragón
50011,Albeta,Zaragoza,02,Aragón
50012,Alborge,Zaragoza,02,Aragón
50013,Alcalá de Ebro,Zaragoza,02,Aragón
50014,Alcalá de Moncayo,Zaragoza,02,Aragón
50015,Alconchel de Ariza,Zaragoza,02,Aragón
50016,Aldehuela de Liestos,Zaragoza,02,Aragón
50017,Alfajarín,Zaragoza,02,Aragón
50018,Alfamén,Zaragoza,02,Aragón
50019,Alforque,Zaragoza,02,Aragón
50020,Alhama de Aragón,Zaragoza,02,Aragón
50021,Almochuel,Zaragoza,02,Aragón
50022,La Almolda,Zaragoza,02,Aragón
50023,Almonacid de la Cuba,Zaragoza,02,Aragón
50024,Almonacid de la Sierra,Zaragoza,02,Aragón
50025,La Almunia de Doña Godina,Zaragoza,02,Aragón
50026,Alpartir,Zaragoza,02,Aragón
50027,Ambel,Zaragoza,02,Aragón
50028,Anento,Zaragoza,02,Aragón
50029,Aniñón,Zaragoza,02,Aragón
50030,Añón de Moncayo,Zaragoza,02,Aragón
50031,Aranda de Moncayo,Zaragoza,02,Aragón
50032,Arándiga,Zaragoza,02,Aragón
50033,Ardisa,Zaragoza,02,Aragón
50034,Ariza,Zaragoza,02,Aragón
50035,Artieda,Zaragoza,02,Aragón
50036,Asín,Zaragoza,02,Aragón
50037,Atea,Zaragoza,02,Aragón
50038,Ateca,Zaragoza,02,Aragón
50039,Azuara,Zaragoza,02,Aragón
50040,Badules,Zaragoza,02,Aragón
50041,Bagüés,Zaragoza,02,Aragón
50042,Balconchán,Zaragoza,02,Aragón
50043,Bárboles,Zaragoza,02,Aragón
50044,Bardallur,Zaragoza,02,Aragón
50045,Belchite,Zaragoza,02,Aragón
50046,Belmonte de Gracián,Zaragoza,02,Aragón
50047,Berdejo,Zaragoza,02,Aragón
50048,Berrueco,Zaragoza,02,Aragón
50050,Bijuesca,Zaragoza,02,Aragón
50051,Biota,Zaragoza,02,Aragón
50052,Bisimbre,Zaragoza,02,Aragón
50053,Boquiñeni,Zaragoza,02,Aragón
50054,Bordalba,Zaragoza,02,Aragón
50055,Borja,Zaragoza,02,Aragón
50056,Botorrita,Zaragoza,02,Aragón
50057,Brea de Aragón,Zaragoza,02,Aragón
50058,Bubierca,Zaragoza,02,Aragón
50059,Bujaraloz,Zaragoza,02,Aragón
50060,Bulbuente,Zaragoza,02,Aragón
50061,Bureta,Zaragoza,02,Aragón
50062,El Burgo de Ebro,Zaragoza,02,Aragón
50063,El Buste,Zaragoza,02,Aragón
50064,Cabañas de Ebro,Zaragoza,02,Aragón
50065,Cabolafuente,Zaragoza,02,Aragón
50066,Cadrete,Zaragoza,02,Aragón
50067,Calatayud,Zaragoza,02,Aragón
50068,Calatorao,Zaragoza,02,Aragón
50069,Calcena,Zaragoza,02,Aragón
50070,Calmarza,Zaragoza,02,Aragón
50071,Campillo de Aragón,Zaragoza,02,Aragón
50072,Carenas,Zaragoza,02,Aragón
50073,Cariñena,Zaragoza,02,Aragón
50074,Caspe,Zaragoza,02,Aragón
50075,Castejón de Alarba,Zaragoza,02,Aragón
50076,Castejón de las Armas,Zaragoza,02,Aragón
50077,Castejón de Valdejasa,Zaragoza,02,Aragón
50078,Castiliscar,Zaragoza,02,Aragón
50079,Cervera de la Cañada,Zaragoza,02,Aragón
50080,Cerveruela,Zaragoza,02,Aragón
50081,Cetina,Zaragoza,02,Aragón
50082,Cimballa,Zaragoza,02,Aragón
50083,Cinco Olivas,Zaragoza,02,Aragón
50084,Clarés de Ribota,Zaragoza,02,Aragón
50085,Codo,Zaragoza,02,Aragón
50086,Codos,Zaragoza,02,Aragón
50087,Contamina,Zaragoza,02,Aragón
50088,Cosuenda,Zaragoza,02,Aragón
50089,Cuarte de Huerva,Zaragoza,02,Aragón
50090,Cubel,Zaragoza,02,Aragón
50091,Las Cuerlas,Zaragoza,02,Aragón
50092,Chiprana,Zaragoza,02,Aragón
50093,Chodes,Zaragoza,02,Aragón
50094,Daroca,Zaragoza,02,Aragón
50095,Ejea de los Caballeros,Zaragoza,02,Aragón
50096,Embid de Ariza,Zaragoza,02,Aragón
50098,Encinacorba,Zaragoza,02,Aragón
50099,Épila,Zaragoza,02,Aragón
50100,Erla,Zaragoza,02,Aragón
50101,Escatrón,Zaragoza,02,Aragón
50102,Fabara,Zaragoza,02,Aragón
50104,Farlete,Zaragoza,02,Aragón
50105,Fayón,Zaragoza,02,Aragón
50106,Los Fayos,Zaragoza,02,Aragón
50107,Figueruelas,Zaragoza,02,Aragón
50108,Fombuena,Zaragoza,02,Aragón
50109,El Frago,Zaragoza,02,Aragón
50110,El Frasno,Zaragoza,02,Aragón
50111,Fréscano,Zaragoza,02,Aragón
50113,Fuendejalón,Zaragoza,02,Aragón
50114,Fuendetodos,Zaragoza,02,Aragón
50115,Fuentes de Ebro,Zaragoza,02,Aragón
50116,Fuentes de Jiloca,Zaragoza,02,Aragón
50117,Gallocanta,Zaragoza,02,Aragón
50118,Gallur,Zaragoza,02,Aragón
50119,Gelsa,Zaragoza,02,Aragón
50120,Godojos,Zaragoza,02,Aragón
50121,Gotor,Zaragoza,02,Aragón
50122,Grisel,Zaragoza,02,Aragón
50123,Grisén,Zaragoza,02,Aragón
50124,Herrera de los Navarros,Zaragoza,02,Aragón
50125,Ibdes,Zaragoza,02,Aragón
50126,Illueca,Zaragoza,02,Aragón
50128,Isuerre,Zaragoza,02,Aragón
50129,Jaraba,Zaragoza,02,Aragón
50130,Jarque de Moncayo,Zaragoza,02,Aragón
50131,Jaulín,Zaragoza,02,Aragón
50132,La Joyosa,Zaragoza,02,Aragón
50133,Lagata,Zaragoza,02,Aragón
50134,Langa del Castillo,Zaragoza,02,Aragón
50135,Layana,Zaragoza,02,Aragón
50136,Lécera,Zaragoza,02,Aragón
50137,Leciñena,Zaragoza,02,Aragón
50138,Lechón,Zaragoza,02,Aragón
50139,Letux,Zaragoza,02,Aragón
50140,Litago,Zaragoza,02,Aragón
50141,Lituénigo,Zaragoza,02,Aragón
50142,Lobera de Onsella,Zaragoza,02,Aragón
50143,Longares,Zaragoza,02,Aragón
50144,Longás,Zaragoza,02,Aragón
50146,Lucena de Jalón,Zaragoza,02,Aragón
50147,Luceni,Zaragoza,02,Aragón
50148,Luesia,Zaragoza,02,Aragón
50149,Luesma,Zaragoza,02,Aragón
50150,Lumpiaque,Zaragoza,02,Aragón
50151,Luna,Zaragoza,02,Aragón
50152,Maella,Zaragoza,02,Aragón
50153,Magallón,Zaragoza,02,Aragón
50154,Mainar,Zaragoza,02,Aragón
50155,Malanquilla,Zaragoza,02,Aragón
50156,Maleján,Zaragoza,02,Aragón
50157,Malón,Zaragoza,02,Aragón
50159,Maluenda,Zaragoza,02,Aragón
50160,Mallén,Zaragoza,02,Aragón
50161,Manchones,Zaragoza,02,Aragón
50162,Mara,Zaragoza,02,Aragón
50163,María de Huerva,Zaragoza,02,Aragón
50164,Mediana de Aragón,Zaragoza,02,Aragón
50165,Mequinenza,Zaragoza,02,Aragón
50166,Mesones de Isuela,Zaragoza,02,Aragón
50167,Mezalocha,Zaragoza,02,Aragón
50168,Mianos,Zaragoza,02,Aragón
50169,Miedes de Aragón,Zaragoza,02,Aragón
50170,Monegrillo,Zaragoza,02,Aragón
50171,Moneva,Zaragoza,02,Aragón
50172,Monreal de Ariza,Zaragoza,02,Aragón
50173,Monterde,Zaragoza,02,Aragón
50174,Montón,Zaragoza,02,Aragón
50175,Morata de Jalón,Zaragoza,02,Aragón
50176,Morata de Jiloca,Zaragoza,02,Aragón
50177,Morés,Zaragoza,02,Aragón
50178,Moros,Zaragoza,02,Aragón
50179,Moyuela,Zaragoza,02,Aragón
50180,Mozota,Zaragoza,02,Aragón
50181,Muel,Zaragoza,02,Aragón
50182,La Muela,Zaragoza,02,Aragón
50183,Munébrega,Zaragoza,02,Aragón
50184,Murero,Zaragoza,02,Aragón
50185,Murillo de Gállego,Zaragoza,02,Aragón
50186,Navardún,Zaragoza,02,Aragón
50187,Nigüella,Zaragoza,02,Aragón
50188,Nombrevilla,Zaragoza,02,Aragón
50189,Nonaspe,Zaragoza,02,Aragón
50190,Novallas,Zaragoza,02,Aragón
50191,Novillas,Zaragoza,02,Aragón
50192,Nuévalos,Zaragoza,02,Aragón
50193,Nuez de Ebro,Zaragoza,02,Aragón
50194,Olvés,Zaragoza,02,Aragón
50195,Orcajo,Zaragoza,02,Aragón
50196,Orera,Zaragoza,02,Aragón
50197,Orés,Zaragoza,02,Aragón
50198,Oseja,Zaragoza,02,Aragón
50199,Osera de Ebro,Zaragoza,02,Aragón
50200,Paniza,Zaragoza,02,Aragón
50201,Paracuellos de Jiloca,Zaragoza,02,Aragón
50202,Paracuellos de la Ribera,Zaragoza,02,Aragón
50203,Pastriz,Zaragoza,02,Aragón
50204,Pedrola,Zaragoza,02,Aragón
50205,Las Pedrosas,Zaragoza,02,Aragón
50206,Perdiguera,Zaragoza,02,Aragón
50207,Piedratajada,Zaragoza,02,Aragón
50208,Pina de Ebro,Zaragoza,02,Aragón
50209,Pinseque,Zaragoza,02,Aragón
50210,Los Pintanos,Zaragoza,02,Aragón
50211,Plasencia de Jalón,Zaragoza,02,Aragón
50212,Pleitas,Zaragoza,02,Aragón
50213,Plenas,Zaragoza,02,Aragón
50214,Pomer,Zaragoza,02,Aragón
50215,Pozuel de Ariza,Zaragoza,02,Aragón
50216,Pozuelo de Aragón,Zaragoza,02,Aragón
50217,Pradilla de Ebro,Zaragoza,02,Aragón
50218,Puebla de Albortón,Zaragoza,02,Aragón
50219,La Puebla de Alfindén,Zaragoza,02,Aragón
50220,Puendeluna,Zaragoza,02,Aragón
50221,Purujosa,Zaragoza,02,Aragón
50222,Quinto,Zaragoza,02,Aragón
50223,Remolinos,Zaragoza,02,Aragón
50224,Retascón,Zaragoza,02,Aragón
50225,Ricla,Zaragoza,02,Aragón
50227,Romanos,Zaragoza,02,Aragón
50228,Rueda de Jalón,Zaragoza,02,Aragón
50229,Ruesca,Zaragoza,02,Aragón
50230,Sádaba,Zaragoza,02,Aragón
50231,Salillas de Jalón,Zaragoza,02,Aragón
50232,Salvatierra de Esca,Zaragoza,02,Aragón
50233,Samper del Salz,Zaragoza,02,Aragón
50234,San Martín de la Virgen de Moncayo,Zaragoza,02,Aragón
50235,San Mateo de Gállego,Zaragoza,02,Aragón
50236,Santa Cruz de Grío,Zaragoza,02,Aragón
50237,Santa Cruz de Moncayo,Zaragoza,02,Aragón
50238,Santa Eulalia de Gállego,Zaragoza,02,Aragón
50239,Santed,Zaragoza,02,Aragón
50240,Sástago,Zaragoza,02,Aragón
50241,Sabiñán,Zaragoza,02,Aragón
50242,Sediles,Zaragoza,02,Aragón
50243,Sestrica,Zaragoza,02,Aragón
50244,Sierra de Luna,Zaragoza,02,Aragón
50245,Sigüés,Zaragoza,02,Aragón
50246,Sisamón,Zaragoza,02,Aragón
50247,Sobradiel,Zaragoza,02,Aragón
50248,Sos del Rey Católico,Zaragoza,02,Aragón
50249,Tabuenca,Zaragoza,02,Aragón
50250,Talamantes,Zaragoza,02,Aragón
50251,Tarazona,Zaragoza,02,Aragón
50252,Tauste,Zaragoza,02,Aragón
50253,Terrer,Zaragoza,02,Aragón
50254,Tierga,Zaragoza,02,Aragón
50255,Tobed,Zaragoza,02,Aragón
50256,Torralba de los Frailes,Zaragoza,02,Aragón
50257,Torralba de Ribota,Zaragoza,02,Aragón
50258,Torralbilla,Zaragoza,02,Aragón
50259,Torrehermosa,Zaragoza,02,Aragón
50260,Torrelapaja,Zaragoza,02,Aragón
50261,Torrellas,Zaragoza,02,Aragón
50262,Torres de Berrellén,Zaragoza,02,Aragón
50263,Torrijo de la Cañada,Zaragoza,02,Aragón
50264,Tosos,Zaragoza,02,Aragón
50265,Trasmoz,Zaragoza,02,Aragón
50266,Trasobares,Zaragoza,02,Aragón
50267,Uncastillo,Zaragoza,02,Aragón
50268,Undués de Lerda,Zaragoza,02,Aragón
50269,Urrea de Jalón,Zaragoza,02,Aragón
50270,Urriés,Zaragoza,02,Aragón
50271,Used,Zaragoza,02,Aragón
50272,Utebo,Zaragoza,02,Aragón
50273,Valdehorna,Zaragoza,02,Aragón
50274,Val de San Martín,Zaragoza,02,Aragón
50275,Valmadrid,Zaragoza,02,Aragón
50276,Valpalmas,Zaragoza,02,Aragón
50277,Valtorres,Zaragoza,02,Aragón
50278,Velilla de Ebro,Zaragoza,02,Aragón
50279,Velilla de Jiloca,Zaragoza,02,Aragón
50280,Vera de Moncayo,Zaragoza,02,Aragón
50281,Vierlas,Zaragoza,02,Aragón
50282,La Vilueña,Zaragoza,02,Aragón
50283,Villadoz,Zaragoza,02,Aragón
50284,Villafeliche,Zaragoza,02,Aragón
50285,Villafranca de Ebro,Zaragoza,02,Aragón
50286,Villalba de Perejil,Zaragoza,02,Aragón
50287,Villalengua,Zaragoza,02,Aragón
50288,Villanueva de Gállego,Zaragoza,02,Aragón
50289,Villanueva de Jiloca,Zaragoza,02,Aragón
50290,Villanueva de Huerva,Zaragoza,02,Aragón
50291,Villar de los Navarros,Zaragoza,02,Aragón
50292,Villarreal de Huerva,Zaragoza,02,Aragón
50293,Villarroya de la Sierra,Zaragoza,02,Aragón
50294,Villarroya del Campo,Zaragoza,02,Aragón
50295,Vistabella,Zaragoza,02,Aragón
50296,La Zaida,Zaragoza,02,Aragón
50297,Zaragoza,Zaragoza,02,Aragón
50298,Zuera,Zaragoza,02,Aragón
50901,Biel,Zaragoza,02,Aragón
50902,Marracos,Zaragoza,02,Aragón
50903,Villamayor de Gállego,Zaragoza,02,Aragón
